[herbnkathy.com/index.html]
[backblue.gif]
[fade.gif]
[index.html]
[herbnkathy.com/wp-content/themes/karuna-wpcom/style4d80.css]
[herbnkathy.com/wp-content/themes/karuna-wpcom/blocks4d80.css]
[fonts.googleapis.com/index.html]
[fonts.googleapis.com/cssd013.css]
[herbnkathy.com/feed/index.html]
[herbnkathy.com/wp-content/themes/karuna-wpcom/assets/fonts/genericons/genericons5589.css]
[herbnkathy.com/wp-content/uploads/2021/11/cropped-HerbKathySelfieMexicoSmall-32x32.jpg]
[herbnkathy.com/comments/feed/index.html]
[herbnkathy.com/wp-content/uploads/2021/11/cropped-HerbKathySelfieMexicoSmall-192x192.jpg]
[herbnkathy.com/wp-content/uploads/2021/11/cropped-HerbKathySelfieMexicoSmall-180x180.jpg]
[herbnkathy.com/wp-content/uploads/2020/05/cropped-Blog-Header2-May-2020.png]
[herbnkathy.com/wp-json/index.html]
[herbnkathy.com/wp-content/uploads/2024/12/20241218_142702789372852136258940-685x514.jpg]
[herbnkathy.com/wp-content/uploads/2024/12/20241129_0852368593900636309647649.jpg]
[herbnkathy.com/wp-content/uploads/2024/12/20241129_0852183222674175472518318-300x225.jpg]
[herbnkathy.com/wp-content/uploads/2024/12/20241127_1130112122637263141107009.jpg]
[herbnkathy.com/wp-content/uploads/2024/12/20241127_113006897391844281891661-300x225.jpg]
[herbnkathy.com/about-us/index.html]
[herbnkathy.com/wp-content/uploads/2024/12/20241129_0853265909357215140081808.jpg]
[herbnkathy.com/wp-content/uploads/2024/12/20241127_1129185685470322023762281.jpg]
[herbnkathy.com/wp-content/uploads/2024/12/20241218_142702789372852136258940.jpg]
[herbnkathy.com/wp-content/uploads/2024/12/20241222_1520576911360934284898605-300x225.jpg]
[herbnkathy.com/where-weve-been/index.html]
[herbnkathy.com/wp-content/uploads/2024/12/20241218_1426551156490015541170024-300x225.jpg]
[herbnkathy.com/wp-content/uploads/2024/12/20240926_101648438218184471380838-300x225.jpg]
[herbnkathy.com/wp-content/uploads/2024/12/20240925_1351064635712190367314996-300x225.jpg]
[herbnkathy.com/my-ham-radio-hobby/index.html]
[herbnkathy.com/wp-content/uploads/2024/12/20240925_1329236132343690375023558-300x225.jpg]
[herbnkathy.com/wp-content/uploads/2024/12/20240925_1323287035418633844159970.jpg]
[herbnkathy.com/wp-content/uploads/2024/12/20241031_0822051157869473852908061.jpg]
[herbnkathy.com/wp-content/uploads/2024/03/RoostDronePhoto.jpg]
[herbnkathy.com/wp-content/uploads/2023/03/IMG_20220814_1253175912.jpg]
[herbnkathy.com/wp-content/uploads/2023/03/IMG_20220814_1253175912-300x255.jpg]
[herbnkathy.com/index28f7.html]
[herbnkathy.com/wp-content/uploads/2021/04/IMG_20200729_163032.jpg]
[herbnkathy.com/wp-content/uploads/2021/04/IMG_20200729_163032-300x225.jpg]
[herbnkathy.com/wp-content/uploads/2024/03/20240229_181102.jpg]
[herbnkathy.com/wp-content/uploads/2024/03/image.jpg]
[herbnkathy.com/2025/01/03/freshen-up-the-rig/index.html]
[herbnkathy.com/wp-content/uploads/2023/12/20231219_1850497832536535818297033-300x225.jpg]
[herbnkathy.com/wp-content/uploads/2023/12/20231219_1848443606938697768298829-300x225.jpg]
[herbnkathy.com/wp-content/uploads/2023/12/20231219_1819588979664428393809232-300x225.jpg]
[herbnkathy.com/wp-content/uploads/2023/12/20231219_1833145146844987387945430-300x225.jpg]
[herbnkathy.com/wp-content/uploads/2023/12/20231219_1833565019523369156901575-300x225.jpg]
[herbnkathy.com/author/herbbaldwin/index.html]
[herbnkathy.com/wp-content/uploads/2023/12/20231219_1819498654334658662233039-300x225.jpg]
[herbnkathy.com/wp-content/uploads/2023/12/20231219_1818282072195501934918729-300x225.jpg]
[herbnkathy.com/wp-content/uploads/2023/12/20231219_1817094518686768081032663-300x225.jpg]
[herbnkathy.com/wp-content/uploads/2023/12/20231219_181749445143905053270604-300x225.jpg]
[herbnkathy.com/wp-content/uploads/2023/12/20231219_1817532069117735103315203-300x225.jpg]
[herbnkathy.com/category/blogging/index.html]
[herbnkathy.com/wp-content/uploads/2023/12/20231219_1816342685997524528610326-300x225.jpg]
[herbnkathy.com/wp-content/uploads/2023/12/20231219_1816196593616626916562405-300x225.jpg]
[herbnkathy.com/wp-content/uploads/2023/12/20231219_1814142032720971310898466-300x225.jpg]
[herbnkathy.com/category/equipment/index.html]
[herbnkathy.com/wp-content/uploads/2023/12/20231219_1812343915087211455847655-300x225.jpg]
[herbnkathy.com/wp-content/uploads/2023/12/20231219_1810454530853377595600488-225x300.jpg]
[herbnkathy.com/wp-content/uploads/2023/12/20231219_1759091941258911391087652-300x225.jpg]
[herbnkathy.com/wp-content/uploads/2023/12/20231219_1759023531317638873757638-300x225.jpg]
[herbnkathy.com/category/learning/index.html]
[herbnkathy.com/wp-content/uploads/2023/12/Drop-Leaf-Table.jpg]
[herbnkathy.com/wp-content/uploads/2023/12/Table-Lamp.jpg]
[herbnkathy.com/wp-content/uploads/2023/12/Table-Lamp-225x300.jpg]
[herbnkathy.com/wp-content/uploads/2023/12/moving-truck-1.jpg]
[herbnkathy.com/category/repair/index.html]
[herbnkathy.com/wp-content/uploads/2023/12/Airstream-SOLD-Thumbnail.jpg]
[herbnkathy.com/wp-content/uploads/2023/12/Airstream-Freightliner-Chassis-Data-Sheet-Highlighted-2.pdf]
[herbnkathy.com/category/rving/index.html]
[herbnkathy.com/category/technology/index.html]
[herbnkathy.com/wp-content/uploads/2023/12/2002-Airstream-Land-Yacht-XC-360-1-Data-Sheet.pdf]
[herbnkathy.com/category/working/index.html]
[herbnkathy.com/tag/newmar/index.html]
[herbnkathy.com/wp-content/uploads/2023/09/IMG_20230927_092414.jpg]
[herbnkathy.com/wp-content/uploads/2023/09/IMG_20230930_095403-300x169.jpg]
[herbnkathy.com/tag/paint/index.html]
[herbnkathy.com/wp-content/uploads/2023/09/IMG_20230930_095429-300x169.jpg]
[herbnkathy.com/tag/pin-striping/index.html]
[herbnkathy.com/wp-content/uploads/2023/09/IMG_20230930_095506-300x169.jpg]
[v0.wordpress.com/js/next/videopress-iframef8b3.js]
[herbnkathy.com/2024/12/30/heading-back-for-the-winter/index.html]
[herbnkathy.com/wp-content/uploads/2023/09/IMG_20230930_123945-1.jpg]
[herbnkathy.com/wp-content/uploads/2023/09/IMG_20230930_123941.jpg]
[herbnkathy.com/category/family/index.html]
[herbnkathy.com/wp-content/uploads/2023/09/IMG_20230930_123934-1.jpg]
[herbnkathy.com/wp-content/uploads/2023/09/IMG_20230930_123546-1.jpg]
[herbnkathy.com/wp-content/uploads/2023/09/IMG_20230930_123554-1.jpg]
[herbnkathy.com/wp-content/uploads/2023/09/IMG_20230928_123632.jpg]
[herbnkathy.com/wp-content/uploads/2023/09/IMG_20230928_121733.jpg]
[herbnkathy.com/category/friends/index.html]
[herbnkathy.com/wp-content/uploads/2023/09/IMG_20230928_123157.jpg]
[herbnkathy.com/wp-content/uploads/2023/09/IMG_20230930_125622-1.jpg]
[herbnkathy.com/wp-content/uploads/2023/09/IMG_20230930_130731-1.jpg]
[herbnkathy.com/wp-content/uploads/2023/09/IMG_20230930_130647-1.jpg]
[herbnkathy.com/category/traveling/index.html]
[herbnkathy.com/wp-content/uploads/2023/09/IMG_20230930_130614-1.jpg]
[herbnkathy.com/wp-content/uploads/2023/09/IMG_20230930_125714-1.jpg]
[herbnkathy.com/wp-content/uploads/2023/09/IMG_20230930_125729-1.jpg]
[herbnkathy.com/tag/airplane/index.html]
[herbnkathy.com/wp-content/uploads/2023/09/IMG_20230930_125757-1.jpg]
[herbnkathy.com/tag/allegiant/index.html]
[herbnkathy.com/wp-content/uploads/2021/10/MattSherry.jpg]
[herbnkathy.com/wp-content/uploads/2021/10/MattSherry-300x258.jpg]
[herbnkathy.com/tag/arizona/index.html]
[herbnkathy.com/wp-content/uploads/2023/09/MG-Lud-Alp-RCity.jpg]
[herbnkathy.com/wp-content/uploads/2023/09/IMG_20230810_191012.jpg]
[herbnkathy.com/wp-content/uploads/2023/09/IMG_20230810_191012-300x225.jpg]
[herbnkathy.com/wp-content/uploads/2023/09/IMG_20230730_104319.jpg]
[herbnkathy.com/wp-content/uploads/2023/09/IMG_20230730_104319-300x225.jpg]
[herbnkathy.com/tag/flint/index.html]
[herbnkathy.com/wp-content/uploads/2023/09/IMG_20230806_122155.jpg]
[herbnkathy.com/wp-content/uploads/2023/09/IMG_20230803_131054.jpg]
[herbnkathy.com/wp-content/uploads/2023/09/IMG_20230731_165838.jpg]
[herbnkathy.com/wp-content/uploads/2023/09/IMG_20230730_135531.jpg]
[herbnkathy.com/tag/mesa/index.html]
[herbnkathy.com/wp-content/uploads/2023/09/IMG_20230730_135246.jpg]
[herbnkathy.com/wp-content/uploads/2023/09/IMG_20230730_135556.jpg]
[herbnkathy.com/wp-content/uploads/2023/09/IMG_20230730_143323.jpg]
[herbnkathy.com/wp-content/uploads/2023/09/IMG_20230729_143835.jpg]
[herbnkathy.com/wp-content/uploads/2023/09/IMG_20230729_080922.jpg]
[herbnkathy.com/tag/michigan/index.html]
[herbnkathy.com/wp-content/uploads/2023/08/IMG_20230815_103949.jpg]
[herbnkathy.com/wp-content/uploads/2023/08/IMG_20230814_124005.jpg]
[herbnkathy.com/wp-content/uploads/2023/08/IMG_20230814_121506-300x225.jpg]
[herbnkathy.com/wp-content/uploads/2023/08/IMG_20230815_122137.jpg]
[herbnkathy.com/tag/owosso/index.html]
[herbnkathy.com/wp-content/uploads/2023/08/IMG_20230816_082645.jpg]
[herbnkathy.com/wp-content/uploads/2023/08/IMG_20230822_063321.jpg]
[herbnkathy.com/wp-content/uploads/2023/08/IMG_20230809_055720.jpg]
[herbnkathy.com/wp-content/uploads/2023/08/IMG_20230730_135531.jpg]
[herbnkathy.com/tag/phoenix/index.html]
[herbnkathy.com/wp-content/uploads/2023/08/IMG_20230806_122155.jpg]
[herbnkathy.com/wp-content/uploads/2023/08/IMG_20230805_152003.jpg]
[herbnkathy.com/wp-content/uploads/2023/07/IMG_20230730_204713.jpg]
[herbnkathy.com/2024/04/12/changes-continue/index.html]
[herbnkathy.com/wp-content/uploads/2023/08/VOD_20230731_091936.mp4]
[herbnkathy.com/wp-includes/js/dist/script-modules/block-library/file/view.min3c38.js]
[herbnkathy.com/wp-includes/js/dist/script-modules/interactivity/index.min9db3.js]
[herbnkathy.com/wp-content/themes/karuna-wpcom/assets/js/navigation4a7d.js]
[herbnkathy.com/wp-content/themes/karuna-wpcom/assets/js/skip-link-focus-fix4a7d.js]
[herbnkathy.com/index.html]
[herbnkathy.com/wp-content/themes/karuna-wpcom/assets/js/functions99ba.js]
[herbnkathy.com/category/morrow-county/index.html]
[herbnkathy.com/category/escapees/index.html]
[herbnkathy.com/category/touring/index.html]
[herbnkathy.com/tag/airstream/index.html]
[herbnkathy.com/tag/casa-grande/index.html]
[herbnkathy.com/tag/herbsells/index.html]
[herbnkathy.com/tag/lifestyle/index.html]
[herbnkathy.com/tag/ohio/index.html]
[herbnkathy.com/tag/motorhome/index.html]
[gmpg.org/xfn/11.html]
[herbnkathy.com/tag/snowbird/index.html]
[herbnkathy.com/tag/trailer/index.html]
[herbnkathy.com/2023/12/20/getting-in-the-spirit/index.html]
[herbnkathy.com/category/shopping/index.html]
[herbnkathy.com/category/food/index.html]
[herbnkathy.com/category/sightseeing/index.html]
[herbnkathy.com/wp-content/themes/karuna-wpcom/style4d80.css]
[herbnkathy.com/tag/clothing/index.html]
[herbnkathy.com/tag/country-fair/index.html]
[herbnkathy.com/tag/donation/index.html]
[herbnkathy.com/wp-content/themes/karuna-wpcom/blocks4d80.css]
[herbnkathy.com/tag/drop-leaf/index.html]
[herbnkathy.com/tag/drop-leaf-table/index.html]
[herbnkathy.com/tag/furniture/index.html]
[herbnkathy.com/tag/escapees/index.html]
[herbnkathy.com/tag/green-valley/index.html]
[herbnkathy.com/tag/heidy/index.html]
[herbnkathy.com/tag/resale-shop/index.html]
[herbnkathy.com/tag/herbnkathy/index.html]
[herbnkathy.com/tag/table/index.html]
[herbnkathy.com/tag/tucson/index.html]
[herbnkathy.com/tag/volunteer/index.html]
[herbnkathy.com/tag/wall-hanging/index.html]
[herbnkathy.com/tag/western-hat/index.html]
[herbnkathy.com/tag/fifth-wheel/index.html]
[herbnkathy.com/2023/12/13/were-selling-our-motorhome/index.html]
[fonts.googleapis.com/cssd013.css]
[herbnkathy.com/tag/for-sale/index.html]
[herbnkathy.com/tag/herbnkathyrv/index.html]
[herbnkathy.com/tag/snobirds/index.html]
[herbnkathy.com/wp-content/themes/karuna-wpcom/assets/fonts/genericons/genericons5589.css]
[herbnkathy.com/wp-content/themes/karuna-wpcom/assets/fonts/genericons/genericons/genericons.css]
[herbnkathy.com/tag/travel-trailer/index.html]
[herbnkathy.com/2023/09/30/campground-review-kendall-campground-usace-jamestown-ky/index.html]
[herbnkathy.com/category/campground-review/index.html]
[herbnkathy.com/category/camping/index.html]
[herbnkathy.com/category/tourism-review/index.html]
[herbnkathy.com/2021/05/21/camp-hosting-dale-hollow-lake-state-park-kentucky/index.html]
[herbnkathy.com/wp-json/oembed/1.0/embedaa87.json]
[herbnkathy.com/tag/army-corps-campground/index.html]
[herbnkathy.com/tag/camp-sites/index.html]
[herbnkathy.com/tag/campground/index.html]
[herbnkathy.com/tag/camping/index.html]
[herbnkathy.com/tag/jamestown/index.html]
[herbnkathy.com/tag/kendall/index.html]
[herbnkathy.com/wp-json/oembed/1.0/embed7307]
[herbnkathy.com/tag/kentucky/index.html]
[herbnkathy.com/tag/ky/index.html]
[herbnkathy.com/tag/usace/index.html]
[herbnkathy.com/wp-content/uploads/2016/04/2016-04-12-16-51-15.jpg]
[herbnkathy.com/about-us/index.html]
[herbnkathy.com/wp-json/wp/v2/pages/2985.json]
[herbnkathy.com/2023/09/14/volunteering-at-40-mile-point-lighthouse/index.html]
[herbnkathy.com/category/volunteering/index.html]
[herbnkathy.com/tag/40-mile-point/index.html]
[herbnkathy.com/tag/calcite/index.html]
[herbnkathy.com/tag/freighter/index.html]
[herbnkathy.com/wp-json/oembed/1.0/embedab81.json]
[herbnkathy.com/tag/fresnel/index.html]
[herbnkathy.com/tag/lake-huron/index.html]
[herbnkathy.com/wp-json/oembed/1.0/embed8977]
[herbnkathy.com/tag/lighthouse/index.html]
[herbnkathy.com/tag/rogers-city/index.html]
[herbnkathy.com/where-weve-been/index.html]
[herbnkathy.com/wp-json/wp/v2/pages/5428.json]
[herbnkathy.com/2023/08/23/a-great-trip-back-home/index.html]
[herbnkathy.com/tag/cabelas/index.html]
[herbnkathy.com/tag/alpena/index.html]
[herbnkathy.com/tag/friends/index.html]
[herbnkathy.com/wp-json/oembed/1.0/embed8a93.json]
[herbnkathy.com/tag/meetup/index.html]
[herbnkathy.com/tag/oscoda/index.html]
[herbnkathy.com/wp-json/oembed/1.0/embed5a71]
[herbnkathy.com/tag/rv/index.html]
[herbnkathy.com/wp-json/wp/v2/pages/6252.json]
[herbnkathy.com/tag/school/index.html]
[herbnkathy.com/tag/tawas/index.html]
[herbnkathy.com/wp-content/uploads/2019/12/WB8BHK-Ham-Radio-Shack-1970--1024x744.jpg]
[herbnkathy.com/wp-content/uploads/2019/12/Herbshack-768x1024.jpg]
[herbnkathy.com/wp-content/uploads/2019/12/20180212_134137-1024x576.jpg]
[herbnkathy.com/wp-content/uploads/2019/12/WB8BHK-Shack-Early-2000s.jpg]
[herbnkathy.com/2023/08/16/a-great-visit-from-family/index.html]
[herbnkathy.com/wp-content/uploads/2019/12/CoachAntennas2019-rotated-e1575659851646.jpg]
[herbnkathy.com/wp-content/uploads/2019/12/CoachAntennas2019-rotated-e1575659851646-169x300.jpg]
[herbnkathy.com/wp-content/uploads/2019/12/ShackInShed2019-1024x576.jpg]
[herbnkathy.com/wp-content/uploads/2021/06/img_20210623_125838341_hdr590461814258100762.jpg]
[herbnkathy.com/tag/limestone/index.html]
[herbnkathy.com/wp-content/uploads/2021/06/img_20210623_1259047433459953226345682230.jpg]
[herbnkathy.com/wp-content/uploads/2021/06/img_20210622_1356102765396334021301111712.jpg]
[herbnkathy.com/my-ham-radio-hobby/index.html]
[herbnkathy.com/tag/quarry/index.html]
[herbnkathy.com/2023/08/02/goodbye-to-new-friends/index.html]
[herbnkathy.com/wp-json/oembed/1.0/embed255c.json]
[herbnkathy.com/tag/lightkeeper/index.html]
[herbnkathy.com/page/2/index.html]
[herbnkathy.com/wp-json/oembed/1.0/embed26da]
[herbnkathy.com/tag/baldwin/index.html]
[herbnkathy.com/tag/batteries/index.html]
[herbnkathy.com/wp-json/wp/v2/posts/8987.json]
[herbnkathy.com/tag/boondocking/index.html]
[herbnkathy.com/tag/cactus/index.html]
[herbnkathy.com/tag/camp-verde/index.html]
[herbnkathy.com/wp-includes/js/comment-reply.min4d80.js]
[herbnkathy.com/tag/dale-hollow/index.html]
[herbnkathy.com/tag/dinner/index.html]
[herbnkathy.com/tag/escapade/index.html]
[herbnkathy.com/tag/dry-camping/index.html]
[herbnkathy.com/2025/01/03/freshen-up-the-rig/index.html]
[herbnkathy.com/wp-content/plugins/akismet/_inc/akismet-frontendab95.js]
[herbnkathy.com/tag/family-2/index.html]
[herbnkathy.com/tag/florida/index.html]
[herbnkathy.com/tag/food/index.html]
[herbnkathy.com/tag/lake/index.html]
[herbnkathy.com/tag/ludington/index.html]
[herbnkathy.com/tag/mexico/index.html]
[herbnkathy.com/tag/museum/index.html]
[herbnkathy.com/tag/montana/index.html]
[herbnkathy.com/tag/pere-marquette/index.html]
[herbnkathy.com/tag/quartzsite/index.html]
[herbnkathy.com/author/herbbaldwin/index.html]
[herbnkathy.com/wp-json/wp/v2/users/1.json]
[herbnkathy.com/tag/solar/index.html]
[herbnkathy.com/tag/spearfish/index.html]
[herbnkathy.com/tag/state-park/index.html]
[herbnkathy.com/tag/south-dakota/index.html]
[herbnkathy.com/tag/texas/index.html]
[herbnkathy.com/wp-json/wp/v2/categories/91.json]
[herbnkathy.com/tag/volunteering/index.html]
[herbnkathy.com/tag/water/index.html]
[herbnkathy.com/wp-includes/js/mediaelement/mediaelementplayer-legacy.min1f61.css]
[herbnkathy.com/tag/workamping/index.html]
[herbnkathy.com/wp-includes/js/mediaelement/wp-mediaelement.min4d80.css]
[herbnkathy.com/tag/wyoming/index.html]
[herbnkathy.com/wp-content/uploads/2019/06/IMG_2037-685x514.jpg]
[herbnkathy.com/tag/zoo/index.html]
[i1.wp.com/herbnkathy.com/wp-content/uploads/2019/06/AmtrakTripMapb807.jpg]
[herbnkathy.com/2016/03/16/our-home-on-the-road/index.html]
[i2.wp.com/herbnkathy.com/wp-content/uploads/2019/06/20190530_0845407ff4.jpg]
[i0.wp.com/herbnkathy.com/wp-content/uploads/2019/06/20190530_1107507ff4.jpg]
[herbnkathy.com/2025/01/03/freshen-up-the-rig/feed/index.html]
[i0.wp.com/herbnkathy.com/wp-content/uploads/2019/06/20190530_1225227ff4.jpg]
[herbnkathy.com/author/herbbaldwin/feed/index.html]
[herbnkathy.com/wp-content/uploads/2017/11/2017-11-03-15.39.02.jpg]
[herbnkathy.com/category/blogging/feed/index.html]
[herbnkathy.com/2019/06/24/glacier-national-park/index.html]
[herbnkathy.com/wp-content/uploads/2017/11/2017-11-03-15.32.14.jpg]
[herbnkathy.com/author/herbbaldwin/page/2/index.html]
[herbnkathy.com/tag/east-glacier/index.html]
[herbnkathy.com/tag/flathead-lake/index.html]
[herbnkathy.com/tag/downstream-campground/index.html]
[herbnkathy.com/wp-content/uploads/2017/11/2017-11-03-15.30.16.jpg]
[herbnkathy.com/tag/glacier/index.html]
[herbnkathy.com/wp-content/uploads/2017/11/2017-11-03-15.36.15.jpg]
[herbnkathy.com/tag/glasgow/index.html]
[herbnkathy.com/tag/lake-mcdonald/index.html]
[herbnkathy.com/wp-content/uploads/2017/11/2017-11-03-15.35.45.jpg]
[herbnkathy.com/wp-content/uploads/2017/11/2017-11-03-15.35.10.jpg]
[herbnkathy.com/tag/national-park/index.html]
[herbnkathy.com/wp-content/uploads/2017/11/2017-11-03-15.30.44.jpg]
[herbnkathy.com/wp-content/uploads/2017/11/vintage-campers.jpg]
[herbnkathy.com/wp-content/uploads/2017/11/vintage-campers-300x225.jpg]
[herbnkathy.com/tag/rv-camping/index.html]
[herbnkathy.com/wp-content/uploads/2017/08/2017-07-22-08.53.01.jpg]
[herbnkathy.com/tag/rv-lifestyle/index.html]
[herbnkathy.com/wp-content/uploads/2017/07/2017-07-21-08.19.24.jpg]
[herbnkathy.com/wp-content/uploads/2017/07/2017-07-21-08.19.13.jpg]
[herbnkathy.com/tag/rvillage/index.html]
[herbnkathy.com/wp-content/uploads/2017/07/2017-07-21-08.18.56.jpg]
[herbnkathy.com/tag/west-glacier/index.html]
[herbnkathy.com/wp-content/uploads/2017/07/2017-07-21-07.27.11.jpg]
[herbnkathy.com/wp-content/uploads/2017/08/2017-07-21-09.28.35.jpg]
[herbnkathy.com/tag/whitefish/index.html]
[herbnkathy.com/wp-content/uploads/2017/08/2017-07-21-09.22.44.jpg]
[herbnkathy.com/2017/11/03/what-happens-when-we-cant-travel-anymore/index.html]
[herbnkathy.com/wp-content/uploads/2017/08/2017-07-21-09.21.37.jpg]
[herbnkathy.com/tag/care/index.html]
[herbnkathy.com/wp-content/uploads/2017/08/2017-07-21-09.18.22.jpg]
[herbnkathy.com/wp-content/uploads/2017/08/2017-07-21-09.18.19.jpg]
[herbnkathy.com/wp-content/uploads/2017/08/2017-07-21-09.18.15.jpg]
[herbnkathy.com/tag/full-time/index.html]
[herbnkathy.com/wp-content/uploads/2017/08/2017-07-21-11.37.07.jpg]
[herbnkathy.com/tag/kay-peterson/index.html]
[herbnkathy.com/wp-content/uploads/2017/08/2017-07-21-11.36.49.jpg]
[herbnkathy.com/wp-content/uploads/2017/08/2017-07-21-11.36.39.jpg]
[herbnkathy.com/tag/livingston/index.html]
[herbnkathy.com/wp-content/uploads/2017/08/2017-07-21-11.34.10.jpg]
[herbnkathy.com/tag/rver/index.html]
[herbnkathy.com/wp-content/uploads/2017/08/2017-07-21-11.33.53.jpg]
[herbnkathy.com/wp-content/uploads/2017/08/2017-07-21-11.32.30.jpg]
[herbnkathy.com/wp-content/uploads/2017/08/2017-07-21-11.32.21.jpg]
[herbnkathy.com/tag/rving/index.html]
[herbnkathy.com/wp-content/uploads/2017/08/2017-07-21-11.31.48.jpg]
[herbnkathy.com/2017/10/07/care-feeding-deep-cycle-lead-acid-batteries/index.html]
[herbnkathy.com/wp-content/uploads/2017/08/2017-07-21-11.31.34.jpg]
[herbnkathy.com/tag/deep-cycle/index.html]
[herbnkathy.com/wp-content/uploads/2017/08/2017-07-21-11.30.33.jpg]
[herbnkathy.com/wp-content/uploads/2017/08/2017-07-21-11.28.30.jpg]
[herbnkathy.com/wp-content/uploads/2017/08/2017-07-21-11.26.13.jpg]
[herbnkathy.com/wp-content/uploads/2017/08/2017-07-21-11.27.10.jpg]
[herbnkathy.com/wp-content/uploads/2017/08/2017-07-21-12.24.50.jpg]
[herbnkathy.com/tag/lead-acid/index.html]
[herbnkathy.com/wp-content/uploads/2017/08/2017-07-21-12.27.54.jpg]
[herbnkathy.com/wp-content/uploads/2017/08/2017-07-21-12.42.12.jpg]
[herbnkathy.com/wp-content/uploads/2017/08/2017-07-21-12.45.40.jpg]
[herbnkathy.com/wp-content/uploads/2017/08/2017-07-21-13.20.37.jpg]
[herbnkathy.com/tag/watering/index.html]
[herbnkathy.com/wp-content/uploads/2017/08/2017-07-21-13.28.12.jpg]
[herbnkathy.com/wp-content/uploads/2017/08/2017-07-21-13.41.43.jpg]
[herbnkathy.com/wp-content/uploads/2017/08/2017-07-21-14.31.43.jpg]
[herbnkathy.com/2017/08/09/part-2-nwest-michigan-road-trip-mushrooms-tunnels-bears-and-indians-oh-my/index.html]
[herbnkathy.com/wp-content/uploads/2017/07/NW-Mich-Trip-Map.jpg]
[herbnkathy.com/tag/charlevoix/index.html]
[herbnkathy.com/wp-content/uploads/2017/07/2017-07-20-10.35.50.jpg]
[herbnkathy.com/wp-content/uploads/2017/07/2017-07-20-10.35.44.jpg]
[herbnkathy.com/wp-content/uploads/2017/07/2017-07-20-10.34.40.jpg]
[herbnkathy.com/tag/cross-village/index.html]
[herbnkathy.com/wp-content/uploads/2017/07/2017-07-20-10.34.40-e1500837312682.jpg]
[herbnkathy.com/tag/kalkaska/index.html]
[herbnkathy.com/wp-content/uploads/2017/07/2017-07-20-10.33.47.jpg]
[herbnkathy.com/wp-content/uploads/2017/07/2017-07-20-10.23.44.jpg]
[herbnkathy.com/tag/legs-inn/index.html]
[herbnkathy.com/wp-content/uploads/2017/07/2017-07-20-10.22.19.jpg]
[herbnkathy.com/wp-content/uploads/2017/07/2017-07-20-10.50.33.jpg]
[herbnkathy.com/wp-content/uploads/2017/07/2017-07-20-10.51.14.jpg]
[herbnkathy.com/wp-content/uploads/2017/07/2017-07-20-11.06.26.jpg]
[herbnkathy.com/wp-content/uploads/2017/07/2017-07-20-11.27.36.jpg]
[herbnkathy.com/tag/m-22/index.html]
[herbnkathy.com/wp-content/uploads/2017/07/2017-07-20-11.33.30.jpg]
[herbnkathy.com/wp-content/uploads/2017/07/2017-07-20-11.53.21.jpg]
[herbnkathy.com/wp-content/uploads/2017/07/2017-07-20-11.54.10.jpg]
[herbnkathy.com/wp-content/uploads/2017/07/2017-07-20-11.54.22.jpg]
[herbnkathy.com/wp-content/uploads/2017/07/2017-07-20-12.37.15.jpg]
[herbnkathy.com/tag/m-31/index.html]
[herbnkathy.com/wp-content/uploads/2017/07/2017-07-20-12.44.16.jpg]
[herbnkathy.com/wp-content/uploads/2017/07/2017-07-20-12.58.06.jpg]
[herbnkathy.com/wp-content/uploads/2017/07/2017-07-20-13.15.32.jpg]
[herbnkathy.com/wp-content/uploads/2017/07/2017-07-20-13.17.45.jpg]
[herbnkathy.com/tag/petoskey/index.html]
[herbnkathy.com/wp-content/uploads/2017/07/2017-07-20-13.56.14.jpg]
[herbnkathy.com/wp-content/uploads/2017/07/2017-07-20-14.11.25.jpg]
[herbnkathy.com/wp-content/uploads/2017/07/2017-07-20-14.54.33.jpg]
[herbnkathy.com/wp-content/uploads/2017/07/2017-07-20-15.10.00.jpg]
[herbnkathy.com/tag/sand-dunes/index.html]
[herbnkathy.com/wp-content/uploads/2017/07/2017-07-20-15.11.23.jpg]
[herbnkathy.com/wp-content/uploads/2017/07/2017-07-20-15.11.54.jpg]
[herbnkathy.com/wp-content/uploads/2017/07/2017-07-20-15.13.51.jpg]
[herbnkathy.com/wp-content/uploads/2017/07/2017-07-20-17.48.55.jpg]
[herbnkathy.com/wp-content/uploads/2017/07/2017-07-20-17.49.00.jpg]
[herbnkathy.com/tag/village-bear/index.html]
[herbnkathy.com/wp-content/uploads/2017/07/2017-07-20-18.07.27.jpg]
[herbnkathy.com/wp-content/uploads/2017/07/2017-07-20-18.22.07.jpg]
[herbnkathy.com/wp-content/uploads/2017/07/2017-07-20-18.22.10.jpg]
[herbnkathy.com/2017/07/24/workampers-northwest-michigan-road-trip/index.html]
[herbnkathy.com/wp-content/uploads/2017/07/2017-07-20-18.22.16.jpg]
[herbnkathy.com/2017/05/13/our-day-trip-to-ludington-state-park/index.html]
[herbnkathy.com/wp-content/uploads/2017/07/2017-07-20-18.50.47.jpg]
[herbnkathy.com/wp-content/uploads/2017/07/2017-07-20-19.12.55.jpg]
[herbnkathy.com/wp-content/uploads/2017/07/2017-07-20-19.19.02.jpg]
[herbnkathy.com/wp-content/uploads/2017/07/2017-07-20-18.58.23.jpg]
[herbnkathy.com/2017/05/12/fishermans-paradise/index.html]
[herbnkathy.com/wp-content/uploads/2017/07/2017-07-20-19.10.55.jpg]
[herbnkathy.com/2017/05/31/idlewild-the-end-of-segregation/index.html]
[herbnkathy.com/wp-content/uploads/2017/07/2017-07-20-19.12.25.jpg]
[herbnkathy.com/2017/05/27/down-to-the-little-bitely-tavern/index.html]
[herbnkathy.com/wp-content/uploads/2017/07/2017-07-20-19.29.21.jpg]
[herbnkathy.com/wp-content/uploads/2017/07/2017-07-20-19.31.09230a.mp4]
[herbnkathy.com/wp-content/uploads/2017/07/2017-07-20-19.31.09.mp4]
[herbnkathy.com/wp-content/uploads/2017/07/2017-07-20-19.50.57.jpg]
[herbnkathy.com/wp-content/uploads/2017/07/2017-07-20-19.56.52.jpg]
[herbnkathy.com/wp-content/uploads/2017/07/2017-07-20-20.06.29.jpg]
[herbnkathy.com/wp-content/uploads/2017/07/2017-07-20-20.08.39.jpg]
[herbnkathy.com/wp-content/uploads/2017/07/2017-07-20-20.10.24.jpg]
[herbnkathy.com/wp-content/uploads/2017/07/2017-07-20-20.16.10e6f8.mp4]
[herbnkathy.com/wp-content/uploads/2017/07/2017-07-20-20.16.10.mp4]
[herbnkathy.com/wp-content/uploads/2017/07/2017-07-20-20.35.14.jpg]
[herbnkathy.com/wp-content/uploads/2017/07/2017-07-20-20.48.36.jpg]
[herbnkathy.com/wp-content/uploads/2017/03/2017-03-09-12.30.35-1.jpg]
[herbnkathy.com/tag/arcadia/index.html]
[herbnkathy.com/wp-content/uploads/2017/01/2017-01-15-18.07.25.jpg]
[herbnkathy.com/tag/beaver-island/index.html]
[herbnkathy.com/wp-content/uploads/2017/01/2017-01-15-18.07.25-150x150.jpg]
[herbnkathy.com/wp-content/uploads/2017/01/2017-01-15-18.04.32.jpg]
[herbnkathy.com/wp-content/uploads/2017/01/2017-01-15-18.04.32-150x150.jpg]
[herbnkathy.com/tag/burrito/index.html]
[herbnkathy.com/wp-content/uploads/2017/01/2017-01-15-16.32.25.jpg]
[herbnkathy.com/wp-content/uploads/2017/01/2017-01-15-16.32.25-150x150.jpg]
[herbnkathy.com/wp-content/uploads/2017/01/2017-01-15-16.28.23.jpg]
[herbnkathy.com/tag/dunes/index.html]
[herbnkathy.com/wp-content/uploads/2017/01/2017-01-15-16.28.23-150x150.jpg]
[herbnkathy.com/tag/empire/index.html]
[herbnkathy.com/wp-content/uploads/2017/01/2017-01-15-16.28.18.jpg]
[herbnkathy.com/wp-content/uploads/2017/01/2017-01-15-16.28.18-150x150.jpg]
[herbnkathy.com/wp-content/uploads/2017/01/2017-01-15-16.28.15.jpg]
[herbnkathy.com/tag/ferris-wheel/index.html]
[herbnkathy.com/wp-content/uploads/2017/01/2017-01-15-16.28.15-150x150.jpg]
[herbnkathy.com/wp-content/uploads/2017/01/2017-01-15-15.02.27.jpg]
[herbnkathy.com/tag/ferry/index.html]
[herbnkathy.com/wp-content/uploads/2017/01/2017-01-15-15.02.27-150x150.jpg]
[herbnkathy.com/wp-content/uploads/2017/01/2017-01-15-14.31.03.jpg]
[herbnkathy.com/tag/frankfort/index.html]
[herbnkathy.com/wp-content/uploads/2017/01/2017-01-15-14.31.03-150x150.jpg]
[herbnkathy.com/wp-content/uploads/2017/01/2017-01-15-14.21.06.jpg]
[herbnkathy.com/tag/glen-arbor/index.html]
[herbnkathy.com/wp-content/uploads/2017/01/2017-01-15-14.21.06-150x150.jpg]
[herbnkathy.com/tag/manistee/index.html]
[herbnkathy.com/wp-content/uploads/2017/01/2017-01-15-14.14.59.jpg]
[herbnkathy.com/tag/mexican/index.html]
[herbnkathy.com/tag/ramsdell/index.html]
[herbnkathy.com/wp-content/uploads/2017/01/2017-01-15-14.14.59-150x150.jpg]
[herbnkathy.com/tag/sleeping-bear/index.html]
[herbnkathy.com/tag/taco/index.html]
[herbnkathy.com/wp-content/uploads/2017/01/2017-01-15-14.08.41.jpg]
[herbnkathy.com/tag/theatre/index.html]
[herbnkathy.com/wp-content/uploads/2017/01/2017-01-15-14.08.41-150x150.jpg]
[herbnkathy.com/tag/venetian/index.html]
[herbnkathy.com/wp-content/uploads/2017/01/2017-01-15-14.08.32.jpg]
[herbnkathy.com/wp-content/uploads/2017/01/2017-01-15-14.08.32-150x150.jpg]
[herbnkathy.com/wp-content/uploads/2017/01/2017-01-15-14.08.27.jpg]
[herbnkathy.com/wp-content/uploads/2017/01/2017-01-15-14.08.27-150x150.jpg]
[herbnkathy.com/wp-content/uploads/2017/01/2017-01-15-14.06.33.jpg]
[herbnkathy.com/2017/03/13/goodbye-arizona/index.html]
[herbnkathy.com/wp-content/uploads/2017/01/2017-01-15-14.06.33-150x150.jpg]
[herbnkathy.com/wp-content/uploads/2017/01/2017-01-15-14.05.08.jpg]
[herbnkathy.com/wp-content/uploads/2017/01/2017-01-15-14.05.08-150x150.jpg]
[herbnkathy.com/tag/goodbye/index.html]
[herbnkathy.com/wp-content/uploads/2017/01/2017-01-15-14.03.09.jpg]
[herbnkathy.com/wp-content/uploads/2017/01/2017-01-15-14.03.09-150x150.jpg]
[herbnkathy.com/wp-content/uploads/2017/01/2017-01-15-14.02.39.jpg]
[herbnkathy.com/wp-content/uploads/2017/01/2017-01-15-14.02.39-150x150.jpg]
[herbnkathy.com/tag/grandkids/index.html]
[herbnkathy.com/wp-content/uploads/2017/01/2017-01-15-13.53.18.jpg]
[herbnkathy.com/wp-content/uploads/2017/01/2017-01-15-13.53.18-150x150.jpg]
[herbnkathy.com/wp-content/uploads/2017/01/2017-01-15-13.53.15.jpg]
[herbnkathy.com/wp-content/uploads/2017/01/2017-01-15-13.53.15-150x150.jpg]
[herbnkathy.com/wp-content/uploads/2017/01/2017-01-15-13.53.11.jpg]
[herbnkathy.com/tag/kids/index.html]
[herbnkathy.com/wp-content/uploads/2017/01/2017-01-15-13.53.11-150x150.jpg]
[herbnkathy.com/tag/rancho-verde/index.html]
[herbnkathy.com/wp-content/uploads/2017/01/2017-01-15-13.53.07.jpg]
[herbnkathy.com/wp-content/uploads/2017/01/2017-01-15-13.53.07-150x150.jpg]
[herbnkathy.com/2017/01/16/our-day-trip-to-petrified-forest/index.html]
[herbnkathy.com/wp-content/uploads/2017/01/2017-01-15-13.41.15.jpg]
[herbnkathy.com/wp-content/uploads/2017/01/2017-01-15-13.41.15-150x150.jpg]
[herbnkathy.com/wp-content/uploads/2017/01/2017-01-15-13.36.21.jpg]
[herbnkathy.com/wp-content/uploads/2017/01/2017-01-15-13.36.21-150x150.jpg]
[herbnkathy.com/wp-content/uploads/2017/01/2017-01-15-13.12.16.jpg]
[herbnkathy.com/wp-content/uploads/2017/01/2017-01-15-13.12.16-150x150.jpg]
[herbnkathy.com/wp-content/uploads/2017/01/2017-01-15-13.09.30.jpg]
[herbnkathy.com/wp-content/uploads/2017/01/2017-01-15-13.09.30-150x150.jpg]
[herbnkathy.com/wp-content/uploads/2017/01/2017-01-15-13.08.49.jpg]
[herbnkathy.com/wp-content/uploads/2017/01/2017-01-15-13.08.49-150x150.jpg]
[herbnkathy.com/wp-content/uploads/2017/01/2017-01-15-13.07.24.jpg]
[herbnkathy.com/wp-content/uploads/2017/01/2017-01-15-13.07.24-150x150.jpg]
[herbnkathy.com/wp-content/uploads/2017/01/2017-01-15-13.07.17.jpg]
[herbnkathy.com/wp-content/uploads/2017/01/2017-01-15-13.07.17-150x150.jpg]
[herbnkathy.com/wp-content/uploads/2017/01/2017-01-15-13.06.09.jpg]
[herbnkathy.com/wp-content/uploads/2017/01/2017-01-15-13.06.09-150x150.jpg]
[herbnkathy.com/wp-content/uploads/2017/01/2017-01-15-13.04.09.jpg]
[herbnkathy.com/wp-content/uploads/2017/01/2017-01-15-13.03.32.jpg]
[herbnkathy.com/wp-content/uploads/2017/01/2017-01-15-13.03.32-150x150.jpg]
[herbnkathy.com/wp-content/uploads/2017/01/2017-01-15-13.03.31.jpg]
[herbnkathy.com/wp-content/uploads/2017/01/2017-01-15-13.03.31-150x150.jpg]
[herbnkathy.com/wp-content/uploads/2017/01/2017-01-15-13.00.37.jpg]
[herbnkathy.com/wp-content/uploads/2017/01/2017-01-15-13.00.37-150x150.jpg]
[herbnkathy.com/wp-content/uploads/2017/01/2017-01-15-12.58.49.jpg]
[herbnkathy.com/wp-content/uploads/2017/01/2017-01-15-12.58.49-150x150.jpg]
[herbnkathy.com/wp-content/uploads/2017/01/2017-01-15-12.57.40.jpg]
[herbnkathy.com/wp-content/uploads/2017/01/2017-01-15-12.57.40-150x150.jpg]
[herbnkathy.com/wp-content/uploads/2017/01/2017-01-15-12.55.27.jpg]
[herbnkathy.com/wp-content/uploads/2017/01/2017-01-15-12.55.27-150x150.jpg]
[herbnkathy.com/wp-content/uploads/2017/01/2017-01-15-12.54.57.jpg]
[herbnkathy.com/wp-content/uploads/2017/01/2017-01-15-12.54.57-150x150.jpg]
[herbnkathy.com/wp-content/uploads/2017/01/2017-01-15-12.47.15.jpg]
[herbnkathy.com/wp-content/uploads/2017/01/2017-01-15-12.47.15-150x150.jpg]
[herbnkathy.com/wp-content/uploads/2017/01/2017-01-15-12.19.34.jpg]
[herbnkathy.com/wp-content/uploads/2017/01/2017-01-15-12.19.34-150x150.jpg]
[herbnkathy.com/wp-content/uploads/2017/01/2017-01-15-12.19.23.jpg]
[herbnkathy.com/wp-content/uploads/2017/01/2017-01-15-12.19.23-150x150.jpg]
[herbnkathy.com/wp-content/uploads/2017/01/2017-01-15-18.39.07.jpg]
[herbnkathy.com/wp-content/uploads/2017/01/2017-01-15-18.39.07-150x150.jpg]
[herbnkathy.com/wp-content/uploads/2016/09/2016-09-20-12-28-51.jpg]
[herbnkathy.com/wp-content/uploads/2016/09/2016-09-20-12-28-51-150x150.jpg]
[herbnkathy.com/wp-content/uploads/2016/09/2016-09-20-12-32-33.jpg]
[herbnkathy.com/wp-content/uploads/2016/09/2016-09-20-12-32-33-150x150.jpg]
[herbnkathy.com/tag/day-trip/index.html]
[herbnkathy.com/wp-content/uploads/2016/09/2016-09-20-13-50-511.jpg]
[herbnkathy.com/wp-content/uploads/2016/09/2016-09-20-13-50-511-150x150.jpg]
[herbnkathy.com/tag/flagstaff/index.html]
[herbnkathy.com/wp-content/uploads/2016/09/2016-09-20-14-05-57.jpg]
[herbnkathy.com/tag/herbnkathy-com/index.html]
[herbnkathy.com/wp-content/uploads/2016/09/2016-09-20-14-05-57-150x150.jpg]
[herbnkathy.com/wp-content/uploads/2016/09/2016-09-20-18-02-55.jpg]
[herbnkathy.com/wp-content/uploads/2016/09/2016-09-20-18-02-55-150x150.jpg]
[herbnkathy.com/tag/holbrook/index.html]
[herbnkathy.com/wp-content/uploads/2016/09/2016-09-20-18-03-05.jpg]
[herbnkathy.com/wp-content/uploads/2016/09/2016-09-20-18-03-05-150x150.jpg]
[herbnkathy.com/wp-content/uploads/2016/09/2016-09-20-18-04-12.jpg]
[herbnkathy.com/wp-content/uploads/2016/09/2016-09-20-18-04-12-150x150.jpg]
[herbnkathy.com/tag/meteor-crater/index.html]
[herbnkathy.com/wp-content/uploads/2016/09/2016-09-20-18-04-30.jpg]
[herbnkathy.com/tag/painted-desert/index.html]
[herbnkathy.com/wp-content/uploads/2016/09/2016-09-20-18-04-30-150x150.jpg]
[herbnkathy.com/tag/petrified-forest/index.html]
[herbnkathy.com/wp-content/uploads/2016/09/2016-09-20-18-04-47.jpg]
[herbnkathy.com/wp-content/uploads/2016/09/2016-09-20-18-04-47-150x150.jpg]
[herbnkathy.com/wp-content/uploads/2016/09/2016-09-20-18-11-54.jpg]
[herbnkathy.com/wp-content/uploads/2016/09/2016-09-20-18-11-54-150x150.jpg]
[herbnkathy.com/tag/winslow/index.html]
[herbnkathy.com/wp-content/uploads/2016/09/2016-09-21-08-43-36.jpg]
[herbnkathy.com/wp-content/uploads/2016/09/2016-09-21-08-43-36-150x150.jpg]
[herbnkathy.com/wp-content/uploads/2016/09/2016-09-21-07-48-001.jpg]
[herbnkathy.com/wp-content/uploads/2016/09/2016-09-21-07-48-001-150x150.jpg]
[herbnkathy.com/2016/09/23/the-north-rim-is-amazing/index.html]
[herbnkathy.com/wp-content/uploads/2016/09/2016-09-21-07-48-04.jpg]
[herbnkathy.com/wp-content/uploads/2016/09/2016-09-21-07-48-04-150x150.jpg]
[herbnkathy.com/wp-content/uploads/2016/09/2016-09-21-07-54-33.jpg]
[herbnkathy.com/wp-content/uploads/2016/09/2016-09-21-07-54-33-150x150.jpg]
[herbnkathy.com/wp-content/uploads/2016/09/2016-09-21-08-00-11.jpg]
[herbnkathy.com/wp-content/uploads/2016/09/2016-09-21-08-00-11-150x150.jpg]
[herbnkathy.com/wp-content/uploads/2016/09/2016-09-21-06-53-45.jpg]
[herbnkathy.com/wp-content/uploads/2016/09/2016-09-21-06-53-45-150x150.jpg]
[herbnkathy.com/wp-content/uploads/2016/09/2016-09-21-06-54-18.jpg]
[herbnkathy.com/wp-content/uploads/2016/09/2016-09-21-06-54-18-150x150.jpg]
[herbnkathy.com/wp-content/uploads/2016/09/2016-09-21-07-05-22.jpg]
[herbnkathy.com/wp-content/uploads/2016/09/2016-09-21-07-05-22-150x150.jpg]
[herbnkathy.com/wp-content/uploads/2016/09/2016-09-21-07-10-05.jpg]
[herbnkathy.com/wp-content/uploads/2016/09/2016-09-21-07-10-05-150x150.jpg]
[herbnkathy.com/wp-content/uploads/2016/09/2016-09-21-07-10-58.jpg]
[herbnkathy.com/wp-content/uploads/2016/09/2016-09-21-07-10-58-150x150.jpg]
[herbnkathy.com/wp-content/uploads/2016/09/2016-09-21-07-12-57.jpg]
[herbnkathy.com/wp-content/uploads/2016/09/2016-09-21-07-12-57-150x150.jpg]
[herbnkathy.com/wp-content/uploads/2016/09/2016-09-21-07-22-03.jpg]
[herbnkathy.com/wp-content/uploads/2016/09/2016-09-21-07-22-03-150x150.jpg]
[herbnkathy.com/wp-content/uploads/2016/09/2016-09-21-07-23-20.jpg]
[herbnkathy.com/wp-content/uploads/2016/09/2016-09-21-07-23-20-150x150.jpg]
[herbnkathy.com/wp-content/uploads/2016/09/2016-09-21-07-23-24.jpg]
[herbnkathy.com/wp-content/uploads/2016/09/2016-09-21-07-23-24-150x150.jpg]
[herbnkathy.com/wp-content/uploads/2016/09/2016-09-21-09-11-07.jpg]
[herbnkathy.com/wp-content/uploads/2016/09/2016-09-21-09-11-07-150x150.jpg]
[herbnkathy.com/wp-content/uploads/2016/09/2016-09-21-09-11-31.jpg]
[herbnkathy.com/wp-content/uploads/2016/09/2016-09-21-09-11-31-150x150.jpg]
[herbnkathy.com/wp-content/uploads/2016/09/2016-09-21-09-12-05.jpg]
[herbnkathy.com/wp-content/uploads/2016/09/2016-09-21-09-12-05-150x150.jpg]
[herbnkathy.com/wp-content/uploads/2016/09/2016-09-21-09-54-07.jpg]
[herbnkathy.com/wp-content/uploads/2016/09/2016-09-21-09-54-07-150x150.jpg]
[herbnkathy.com/wp-content/uploads/2016/09/2016-09-21-10-00-27.jpg]
[herbnkathy.com/wp-content/uploads/2016/09/2016-09-21-10-00-27-150x150.jpg]
[herbnkathy.com/wp-content/uploads/2016/09/2016-09-21-10-00-48.jpg]
[herbnkathy.com/wp-content/uploads/2016/09/2016-09-21-10-00-48-150x150.jpg]
[herbnkathy.com/wp-content/uploads/2016/09/2016-09-21-10-21-58.jpg]
[herbnkathy.com/wp-content/uploads/2016/09/2016-09-21-10-21-58-150x150.jpg]
[herbnkathy.com/wp-content/uploads/2016/09/2016-09-21-10-24-49.jpg]
[herbnkathy.com/wp-content/uploads/2016/09/2016-09-21-10-24-49-150x150.jpg]
[herbnkathy.com/wp-content/uploads/2016/09/2016-09-21-10-27-08.jpg]
[herbnkathy.com/wp-content/uploads/2016/09/2016-09-21-10-27-08-150x150.jpg]
[herbnkathy.com/wp-content/uploads/2016/09/2016-09-21-10-55-16.jpg]
[herbnkathy.com/wp-content/uploads/2016/09/2016-09-21-10-55-16-150x150.jpg]
[herbnkathy.com/wp-content/uploads/2016/09/2016-09-21-11-08-50.jpg]
[herbnkathy.com/wp-content/uploads/2016/09/2016-09-21-11-08-50-150x150.jpg]
[herbnkathy.com/wp-content/uploads/2016/09/2016-09-21-13-08-31.jpg]
[herbnkathy.com/wp-content/uploads/2016/09/2016-09-21-13-08-31-150x150.jpg]
[herbnkathy.com/wp-content/uploads/2016/09/2016-09-21-14-51-37.jpg]
[herbnkathy.com/wp-content/uploads/2016/09/2016-09-21-14-51-37-150x150.jpg]
[herbnkathy.com/wp-content/uploads/2016/09/2016-09-21-15-01-50.jpg]
[herbnkathy.com/wp-content/uploads/2016/09/2016-09-21-15-01-50-150x150.jpg]
[herbnkathy.com/wp-content/uploads/2016/09/2016-09-21-15-01-54.jpg]
[herbnkathy.com/wp-content/uploads/2016/09/2016-09-21-15-01-54-150x150.jpg]
[herbnkathy.com/wp-content/uploads/2016/09/2016-09-15-10-32-46.jpg]
[herbnkathy.com/wp-content/uploads/2016/09/2016-09-15-10-32-46-150x150.jpg]
[herbnkathy.com/tag/grand-canyon/index.html]
[herbnkathy.com/wp-content/uploads/2016/09/2016-09-15-10-32-56.jpg]
[herbnkathy.com/wp-content/uploads/2016/09/2016-09-15-10-32-56-150x150.jpg]
[herbnkathy.com/wp-content/uploads/2016/09/2016-09-15-12-12-51.jpg]
[herbnkathy.com/wp-content/uploads/2016/09/2016-09-15-12-12-51-150x150.jpg]
[herbnkathy.com/wp-content/uploads/2016/09/2016-09-16-10-14-42.jpg]
[herbnkathy.com/tag/lees-ferry/index.html]
[herbnkathy.com/wp-content/uploads/2016/09/2016-09-16-10-14-42-150x150.jpg]
[herbnkathy.com/wp-includes/js/jquery/jquery.minf43b.js]
[herbnkathy.com/wp-includes/js/jquery/jquery-migrate.min5589.js]
[herbnkathy.com/tag/navajo-bridge/index.html]
[herbnkathy.com/wp-includes/js/mediaelement/mediaelement-and-player.min1f61.js]
[herbnkathy.com/wp-includes/js/mediaelement/mediaelement-migrate.min4d80.js]
[herbnkathy.com/wp-includes/js/mediaelement/wp-mediaelement.min4d80.js]
[herbnkathy.com/category/blogging/index.html]
[herbnkathy.com/wp-includes/js/mediaelement/renderers/vimeo.min1f61.js]
[herbnkathy.com/tag/north-rim/index.html]
[herbnkathy.com/2016/09/17/keeping-busy-learning-the-ropes-video/index.html]
[herbnkathy.com/wp-json/wp/v2/categories/18285.json]
[herbnkathy.com/tag/grass/index.html]
[herbnkathy.com/wp-content/uploads/2023/07/Gilead-to-40-Mile-Map.jpg]
[herbnkathy.com/tag/office/index.html]
[herbnkathy.com/category/blogging/page/2/index.html]
[herbnkathy.com/wp-content/uploads/2023/07/IMG_20230720_133959.jpg]
[herbnkathy.com/category/equipment/feed/index.html]
[herbnkathy.com/wp-content/uploads/2023/07/IMG_20230720_161635.jpg]
[herbnkathy.com/wp-content/uploads/2023/07/IMG_20230721_185559.jpg]
[herbnkathy.com/wp-content/uploads/2023/07/IMG_20230723_082546.jpg]
[herbnkathy.com/wp-content/uploads/2023/07/IMG_20230721_163907.jpg]
[herbnkathy.com/wp-content/uploads/2023/07/IMG_20230723_082427.jpg]
[herbnkathy.com/2023/07/27/back-to-northern-michigan/index.html]
[herbnkathy.com/wp-content/uploads/2023/07/IMG_20230724_091545.jpg]
[herbnkathy.com/wp-content/uploads/2023/07/IMG_20230723_081704.jpg]
[herbnkathy.com/wp-content/uploads/2023/07/IMG_20230722_074025.jpg]
[herbnkathy.com/wp-content/uploads/2023/07/IMG_20230722_174322.jpg]
[herbnkathy.com/2023/03/16/summer-camping-in-michigan-with-friends-and-family/index.html]
[herbnkathy.com/wp-content/uploads/2023/07/IMG_20230724_165014.jpg]
[herbnkathy.com/wp-content/uploads/2023/07/IMG_20230725_112959.jpg]
[herbnkathy.com/wp-content/uploads/2023/07/IMG_20230725_112511.jpg]
[herbnkathy.com/wp-content/uploads/2023/07/IMG_20230725_112430.jpg]
[herbnkathy.com/wp-content/uploads/2023/07/IMG_20230725_112254.jpg]
[herbnkathy.com/wp-content/uploads/2023/07/IMG_20230725_103154.jpg]
[herbnkathy.com/wp-content/uploads/2021/12/img_20211213_072628547251724393671586031.jpg]
[herbnkathy.com/wp-content/uploads/2021/12/img_20211213_1318347308918575817511738187.jpg]
[herbnkathy.com/wp-content/uploads/2021/12/img_20211213_1432219647393683715440657791.jpg]
[herbnkathy.com/tag/fuel-tank/index.html]
[herbnkathy.com/wp-content/uploads/2021/12/img_20211213_1313292174106934184471918332.jpg]
[herbnkathy.com/wp-content/uploads/2021/12/img_20211212_172554297334245512732692404.jpg]
[herbnkathy.com/wp-content/uploads/2021/12/img_20211212_1747182431256917156272296410.jpg]
[herbnkathy.com/wp-content/uploads/2021/12/img_20211212_1747237645940441288289435626.jpg]
[herbnkathy.com/tag/harrisville/index.html]
[herbnkathy.com/wp-content/uploads/2021/12/img_20211213_111700070670193178059322321.jpg]
[herbnkathy.com/wp-content/uploads/2021/12/img_20211213_110036100110282723758732293.jpg]
[herbnkathy.com/wp-content/uploads/2021/12/img_20211213_1118253837447427665694523038.jpg]
[herbnkathy.com/wp-content/uploads/2021/12/img_20211213_1026113462350000032378724004.jpg]
[herbnkathy.com/wp-content/uploads/2021/12/img_20211213_1022531356982975190868220101.jpg]
[herbnkathy.com/tag/monroeville/index.html]
[herbnkathy.com/wp-content/uploads/2021/12/img_20211213_1022333844223190378827946697.jpg]
[herbnkathy.com/wp-content/uploads/2021/12/img_20211213_1021281764427404916131594165.jpg]
[herbnkathy.com/wp-content/uploads/2021/12/img_20211213_1021132645733916069059652411.jpg]
[herbnkathy.com/wp-content/uploads/2021/12/img_20211213_1017440031480729817983036108.jpg]
[herbnkathy.com/tag/repair-shop/index.html]
[herbnkathy.com/wp-content/uploads/2021/12/img_20211213_1019555821035828451126500182.jpg]
[herbnkathy.com/wp-content/uploads/2021/12/img_20211213_1020222571739412236984062113.jpg]
[herbnkathy.com/wp-content/uploads/2021/12/img_20211213_1014003171841787593557894056.jpg]
[herbnkathy.com/wp-content/uploads/2021/12/img_20211213_1013243342717720607387637126.jpg]
[herbnkathy.com/tag/rv-club/index.html]
[herbnkathy.com/wp-content/uploads/2021/12/img_20211213_1012370597097556946907918577.jpg]
[herbnkathy.com/wp-content/uploads/2021/12/img_20211213_1003244017865447585091225173.jpg]
[herbnkathy.com/wp-content/uploads/2021/12/img_20211213_1012296732306174185074101391.jpg]
[herbnkathy.com/wp-content/uploads/2021/12/img_20211213_1006294352474129585054490170.jpg]
[herbnkathy.com/2021/12/28/uh-oh-transmission-slips/index.html]
[herbnkathy.com/wp-content/uploads/2021/12/img_20211213_095952325_hdr5077984684557408179.jpg]
[herbnkathy.com/wp-content/uploads/2021/09/IMG_20210925_085425070.jpg]
[herbnkathy.com/wp-content/uploads/2021/11/img_20211029_1430571261985992850220736543.jpg]
[herbnkathy.com/wp-content/uploads/2021/11/img_20211029_1430504873575402582497561925.jpg]
[herbnkathy.com/wp-content/uploads/2021/09/FortPeckLake.jpg]
[herbnkathy.com/tag/art/index.html]
[herbnkathy.com/wp-content/uploads/2021/09/img_20210914_1056332914070136077179787168.jpg]
[herbnkathy.com/wp-content/uploads/2021/09/img_20210914_1056487001503247771580173983.jpg]
[herbnkathy.com/wp-content/uploads/2021/09/img_20210914_1057060075002257929269582336.jpg]
[herbnkathy.com/wp-content/uploads/2021/09/img_20210914_11051170075050049413749021.jpg]
[herbnkathy.com/tag/basha/index.html]
[herbnkathy.com/wp-content/uploads/2021/09/img_20210914_1104368868921563109371973133.jpg]
[herbnkathy.com/wp-content/uploads/2021/09/img_20210914_1109376763301354099268955340.jpg]
[herbnkathy.com/wp-content/uploads/2021/09/img_20210914_111119505177449443516041258.jpg]
[herbnkathy.com/tag/eddie/index.html]
[herbnkathy.com/wp-content/uploads/2021/09/wp-1632860364589.mp4]
[herbnkathy.com/tag/freightliner/index.html]
[herbnkathy.com/wp-content/uploads/2021/09/img_20210912_1646068372565837123502901033.jpg]
[herbnkathy.com/tag/gallery/index.html]
[herbnkathy.com/tag/slipping/index.html]
[herbnkathy.com/tag/transmission/index.html]
[herbnkathy.com/wp-content/uploads/2021/09/img_20210912_1641404116869599675664832703.jpg]
[herbnkathy.com/wp-content/uploads/2021/09/img_20210912_172657300_hdr1312010386266594947.jpg]
[herbnkathy.com/wp-content/uploads/2021/09/img_20210912_1731075166639557663454861557.jpg]
[herbnkathy.com/2021/12/14/replacing-our-genset-auto-transfer-switch/index.html]
[herbnkathy.com/wp-content/uploads/2021/09/img_20210913_153247117388560929969083914.jpg]
[herbnkathy.com/wp-content/uploads/2021/09/img_20210913_1605074146364160347079817186.jpg]
[herbnkathy.com/wp-content/uploads/2021/09/img_20210913_1605026904325273499275326225.jpg]
[herbnkathy.com/wp-content/uploads/2021/09/img_20210913_1859473682802670880974713656.jpg]
[herbnkathy.com/2021/09/27/what-no-power-in-the-rv/index.html]
[herbnkathy.com/wp-content/uploads/2021/09/img_20210913_1616476776266364512196030953.jpg]
[herbnkathy.com/wp-content/uploads/2021/09/img_20210913_1605122618036960022053326800.jpg]
[herbnkathy.com/wp-content/uploads/2021/09/img_20210907_1536014438232545177075051494.jpg]
[herbnkathy.com/wp-content/uploads/2021/09/img_20210907_1326209591107994223343393724.jpg]
[herbnkathy.com/tag/110v/index.html]
[herbnkathy.com/wp-content/uploads/2021/09/IMG_20210925_100800523.jpg]
[herbnkathy.com/wp-content/uploads/2021/09/IMG_20210927_074402529.jpg]
[herbnkathy.com/tag/automatic/index.html]
[herbnkathy.com/wp-content/uploads/2021/09/IMG_20210927_110155001.jpg]
[herbnkathy.com/tag/camper/index.html]
[herbnkathy.com/wp-content/uploads/2021/09/IMG_20210927_085533097-2.jpg]
[herbnkathy.com/tag/generator/index.html]
[herbnkathy.com/wp-content/uploads/2021/09/IMG_20210926_140828566-1.jpg]
[herbnkathy.com/wp-content/uploads/2021/09/Xfer-Switch.jpg]
[herbnkathy.com/tag/no-power/index.html]
[herbnkathy.com/wp-content/uploads/2021/09/IMG_20210925_085433707.jpg]
[herbnkathy.com/tag/transfer-switch/index.html]
[herbnkathy.com/wp-content/uploads/2021/09/IMG_20210925_101723699.jpg]
[herbnkathy.com/wp-content/uploads/2021/09/IMG_20210925_124135553.jpg]
[herbnkathy.com/wp-content/uploads/2021/09/IMG_20210925_124121170.jpg]
[herbnkathy.com/tag/troubleshoot/index.html]
[herbnkathy.com/wp-content/uploads/2021/09/IMG_20210925_130604684.jpg]
[herbnkathy.com/category/equipment/index.html]
[herbnkathy.com/2021/11/29/replacing-our-motorhome-windshield-again/index.html]
[herbnkathy.com/tag/broken/index.html]
[herbnkathy.com/wp-json/wp/v2/categories/264.json]
[herbnkathy.com/tag/cracked/index.html]
[herbnkathy.com/tag/installation/index.html]
[herbnkathy.com/wp-content/uploads/2021/10/IMG_20211006_134259178.jpg]
[herbnkathy.com/tag/windshield/index.html]
[herbnkathy.com/wp-content/uploads/2021/10/IMG_20211006_133836070.jpg]
[herbnkathy.com/2021/09/28/just-a-little-burp-with-the-car-and-the-computer/index.html]
[herbnkathy.com/wp-content/uploads/2021/10/IMG_20211006_133623415.jpg]
[herbnkathy.com/tag/alignment/index.html]
[herbnkathy.com/tag/best-buy/index.html]
[herbnkathy.com/wp-content/uploads/2021/10/IMG_20211006_133248720.jpg]
[herbnkathy.com/tag/brakes/index.html]
[herbnkathy.com/tag/computer/index.html]
[herbnkathy.com/wp-content/uploads/2021/10/IMG_20211006_131555305.jpg]
[herbnkathy.com/tag/custer/index.html]
[herbnkathy.com/wp-content/uploads/2021/10/IMG_20211006_131424573.jpg]
[herbnkathy.com/tag/exhaust/index.html]
[herbnkathy.com/tag/muffler/index.html]
[herbnkathy.com/wp-content/uploads/2021/10/IMG_20211006_133151453.jpg]
[herbnkathy.com/tag/rapid-city/index.html]
[herbnkathy.com/wp-content/uploads/2021/10/IMG_20211006_134431620.jpg]
[herbnkathy.com/2021/09/28/montana-and-south-to-medora-and-beyond/index.html]
[herbnkathy.com/2020/11/18/really-unlimited-streaming-for-only-25-mo/index.html]
[herbnkathy.com/wp-content/uploads/2021/10/IMG_20211006_134549738.jpg]
[herbnkathy.com/tag/windshield-replacement/index.html]
[herbnkathy.com/wp-content/uploads/2021/10/IMG_20211006_130742780.jpg]
[herbnkathy.com/tag/belle-fourche/index.html]
[herbnkathy.com/wp-content/uploads/2021/10/IMG_20211005_104653465.jpg]
[herbnkathy.com/tag/farm/index.html]
[herbnkathy.com/tag/mcguigan-farm-experience/index.html]
[herbnkathy.com/wp-content/uploads/2021/10/IMG_20211005_104429227.jpg]
[herbnkathy.com/wp-content/uploads/2021/10/IMG_20211005_103302159.jpg]
[herbnkathy.com/wp-content/uploads/2021/10/IMG_20211005_103234890.jpg]
[herbnkathy.com/tag/medora/index.html]
[herbnkathy.com/wp-content/uploads/2021/10/IMG_20211005_103245001.jpg]
[herbnkathy.com/wp-content/uploads/2021/10/IMG_20211005_103133637.jpg]
[herbnkathy.com/wp-content/uploads/2021/10/IMG_20211005_103105391.jpg]
[herbnkathy.com/tag/nd/index.html]
[herbnkathy.com/wp-content/uploads/2021/10/IMG_20211005_102937953.jpg]
[herbnkathy.com/tag/north-dakota/index.html]
[herbnkathy.com/wp-content/uploads/2021/10/IMG_20211005_101712850.jpg]
[herbnkathy.com/wp-content/uploads/2021/10/IMG_20211005_103120935.jpg]
[herbnkathy.com/tag/progress-rv/index.html]
[herbnkathy.com/wp-content/uploads/2021/10/IMG_20211005_102823181.jpg]
[herbnkathy.com/wp-content/uploads/2021/10/IMG_20211005_102813443.jpg]
[herbnkathy.com/wp-content/uploads/2021/10/IMG_20211005_102804158.jpg]
[herbnkathy.com/wp-content/uploads/2021/10/IMG_20211005_102722898.jpg]
[herbnkathy.com/wp-content/uploads/2021/10/IMG_20211005_102644086.jpg]
[herbnkathy.com/tag/roosevelt/index.html]
[herbnkathy.com/wp-content/uploads/2021/10/IMG_20211005_101734745.jpg]
[herbnkathy.com/wp-content/uploads/2021/10/IMG_20211005_101132919.jpg]
[herbnkathy.com/wp-content/uploads/2021/10/IMG_20211005_101140444.jpg]
[herbnkathy.com/tag/rv-repair/index.html]
[herbnkathy.com/wp-content/uploads/2021/10/IMG_20211005_101217664.jpg]
[herbnkathy.com/wp-content/uploads/2021/10/IMG_20211005_101625263.jpg]
[herbnkathy.com/wp-content/uploads/2021/09/IMG_20210901_073328817-1.jpg]
[herbnkathy.com/wp-content/uploads/2021/09/IMG_20210831_161604747.jpg]
[herbnkathy.com/wp-content/uploads/2021/09/IMG_20210831_161947379.jpg]
[herbnkathy.com/tag/sd/index.html]
[herbnkathy.com/wp-content/uploads/2021/09/IMG_20210831_162239166.jpg]
[herbnkathy.com/wp-content/uploads/2021/09/IMG_20210831_162944983.jpg]
[herbnkathy.com/wp-content/uploads/2021/09/IMG_20210901_073402815.jpg]
[herbnkathy.com/tag/emergency-repair/index.html]
[herbnkathy.com/wp-content/uploads/2021/09/IMG_20210901_074428969.jpg]
[herbnkathy.com/wp-content/uploads/2021/09/IMG_20210901_074359912.jpg]
[herbnkathy.com/wp-content/uploads/2021/09/Elk-Point-SD-Zipline.mp4]
[herbnkathy.com/wp-content/uploads/2021/09/Booth-Campfire.mp4]
[herbnkathy.com/wp-content/uploads/2021/09/IMG_20210902_133640113_HDR-1.jpg]
[herbnkathy.com/tag/ems/index.html]
[herbnkathy.com/wp-content/uploads/2021/09/IMG_20210903_081757232.jpg]
[herbnkathy.com/tag/inverter/index.html]
[herbnkathy.com/wp-content/uploads/2021/09/IMG_20210902_112954427.jpg]
[herbnkathy.com/tag/voltage/index.html]
[herbnkathy.com/category/equipment/page/2/index.html]
[herbnkathy.com/wp-content/uploads/2021/09/IMG_20210905_082116888.jpg]
[herbnkathy.com/category/learning/feed/index.html]
[herbnkathy.com/2021/10/18/tourist-review-wyoming-territorial-prison-state-historic-site/index.html]
[herbnkathy.com/tag/brooms/index.html]
[herbnkathy.com/wp-content/uploads/2021/09/IMG_20210905_082126682.jpg]
[herbnkathy.com/tag/butch-cassidy/index.html]
[herbnkathy.com/tag/cellblock/index.html]
[herbnkathy.com/wp-content/uploads/2021/09/FB_IMG_1630853742914.jpg]
[herbnkathy.com/tag/costume/index.html]
[herbnkathy.com/tag/dress-up/index.html]
[herbnkathy.com/wp-content/uploads/2021/09/IMG_20210907_105755262-scaled.jpg]
[herbnkathy.com/tag/laramie/index.html]
[herbnkathy.com/tag/matt/index.html]
[herbnkathy.com/wp-content/uploads/2021/09/IMG_20210907_105755262-1024x768.jpg]
[herbnkathy.com/wp-content/uploads/2021/09/IMG_20210907_132620959-scaled.jpg]
[herbnkathy.com/wp-content/uploads/2021/09/IMG_20210907_132620959-1024x768.jpg]
[herbnkathy.com/tag/period/index.html]
[herbnkathy.com/wp-content/uploads/2021/09/IMG_20210907_141047508-scaled.jpg]
[herbnkathy.com/wp-content/uploads/2021/09/IMG_20210907_141047508-1024x768.jpg]
[herbnkathy.com/wp-content/uploads/2021/09/IMG_20210907_153601443.jpg]
[herbnkathy.com/wp-content/uploads/2021/09/IMG_20210907_153601443-1024x768.jpg]
[herbnkathy.com/tag/prison/index.html]
[herbnkathy.com/wp-content/uploads/2021/09/IMG_20210909_075708374-1024x768.jpg]
[herbnkathy.com/wp-content/uploads/2021/09/IMG_20210909_082029462-1024x768.jpg]
[herbnkathy.com/wp-content/uploads/2021/09/IMG_20210909_090441604-1024x768.jpg]
[herbnkathy.com/wp-content/uploads/2021/09/IMG_20210909_084626521-1024x768.jpg]
[herbnkathy.com/tag/sherry/index.html]
[herbnkathy.com/wp-content/uploads/2021/09/IMG_20210909_084358693-1-scaled.jpg]
[herbnkathy.com/tag/territorial/index.html]
[herbnkathy.com/wp-content/uploads/2021/09/IMG_20210909_084358693-1-1024x768.jpg]
[herbnkathy.com/wp-content/uploads/2021/09/IMG_20210910_182047784-scaled.jpg]
[herbnkathy.com/2021/10/06/tourist-review-the-messenger-museum-cheyenne-wyoming/index.html]
[herbnkathy.com/wp-content/uploads/2021/09/IMG_20210910_182047784-1024x768.jpg]
[herbnkathy.com/category/animals/index.html]
[herbnkathy.com/wp-content/uploads/2021/09/IMG_20210910_173239036-scaled.jpg]
[herbnkathy.com/tag/antiques/index.html]
[herbnkathy.com/tag/arrowheads/index.html]
[herbnkathy.com/wp-content/uploads/2021/09/IMG_20210910_173239036-1024x768.jpg]
[herbnkathy.com/wp-content/uploads/2021/09/IMG_20210910_173434038-scaled.jpg]
[herbnkathy.com/wp-content/uploads/2021/09/IMG_20210910_173434038-1024x768.jpg]
[herbnkathy.com/tag/bill-cody/index.html]
[herbnkathy.com/wp-content/uploads/2021/09/IMG_20210912_091552948.jpg]
[herbnkathy.com/tag/buffalo-bill/index.html]
[herbnkathy.com/wp-content/uploads/2021/09/IMG_20210912_091552948-1024x768.jpg]
[herbnkathy.com/wp-content/uploads/2021/09/IMG_20210912_102414618_HDR.jpg]
[herbnkathy.com/tag/car-museum/index.html]
[herbnkathy.com/wp-content/uploads/2021/09/IMG_20210912_102414618_HDR-1024x768.jpg]
[herbnkathy.com/wp-content/uploads/2021/09/IMG_20210826_075928144.jpg]
[herbnkathy.com/wp-content/uploads/2021/09/IMG_20210826_080040324.jpg]
[herbnkathy.com/wp-content/uploads/2021/09/IMG_20210826_080902351.jpg]
[herbnkathy.com/tag/carriage/index.html]
[herbnkathy.com/wp-content/uploads/2021/09/IMG_20210826_081344944.jpg]
[herbnkathy.com/wp-content/uploads/2021/09/IMG_20210826_081427981.jpg]
[herbnkathy.com/wp-content/uploads/2021/09/IMG_20210826_090114293.jpg]
[herbnkathy.com/wp-content/uploads/2021/09/IMG_20210826_120221396.jpg]
[herbnkathy.com/tag/cheyenne/index.html]
[herbnkathy.com/wp-content/uploads/2021/09/IMG_20210826_132755942.jpg]
[herbnkathy.com/wp-content/uploads/2021/09/IMG_20210826_132750128.jpg]
[herbnkathy.com/tag/collectibles/index.html]
[herbnkathy.com/wp-content/uploads/2021/09/IMG_20210826_140715143.jpg]
[herbnkathy.com/wp-content/uploads/2021/09/IMG_20210826_140529741.jpg]
[herbnkathy.com/wp-content/uploads/2021/09/IMG_20210829_080326791_HDR.jpg]
[herbnkathy.com/tag/collection/index.html]
[herbnkathy.com/wp-content/uploads/2021/09/IMG_20210828_070912287.jpg]
[herbnkathy.com/tag/harness/index.html]
[herbnkathy.com/wp-content/uploads/2021/09/IMG_20210827_173855904.jpg]
[herbnkathy.com/wp-content/uploads/2021/09/IMG_20210827_164030703.jpg]
[herbnkathy.com/tag/horses/index.html]
[herbnkathy.com/wp-content/uploads/2021/09/IMG_20210827_164246224.jpg]
[herbnkathy.com/wp-content/uploads/2021/09/IMG_20210827_171356399.jpg]
[herbnkathy.com/wp-content/uploads/2021/09/IMG_20210828_105216973.jpg]
[herbnkathy.com/wp-content/uploads/2021/09/IMG_20210828_101306622.jpg]
[herbnkathy.com/wp-content/uploads/2021/09/IMG_20210828_101034958.jpg]
[herbnkathy.com/tag/knives/index.html]
[herbnkathy.com/wp-content/uploads/2021/09/IMG_20210828_101133937_MP.jpg]
[herbnkathy.com/wp-content/uploads/2021/09/IMG_20210828_101052876.jpg]
[herbnkathy.com/wp-content/uploads/2021/09/IMG_20210828_101209501.jpg]
[herbnkathy.com/wp-content/uploads/2021/09/IMG_20210828_100655060.jpg]
[herbnkathy.com/tag/marco/index.html]
[herbnkathy.com/wp-content/uploads/2021/09/IMG_20210828_100602253.jpg]
[herbnkathy.com/wp-content/uploads/2021/09/IMG_20210828_100524765.jpg]
[herbnkathy.com/wp-content/uploads/2021/09/IMG_20210828_095527795.jpg]
[herbnkathy.com/wp-content/uploads/2021/09/IMG_20210828_100419118.jpg]
[herbnkathy.com/wp-content/uploads/2021/09/IMG_20210828_100602253-1.jpg]
[herbnkathy.com/tag/messenger/index.html]
[herbnkathy.com/wp-content/uploads/2021/09/IMG_20210828_100555202.jpg]
[herbnkathy.com/wp-content/uploads/2021/09/IMG_20210828_100524765-1.jpg]
[herbnkathy.com/wp-content/uploads/2021/09/IMG_20210828_100500530.jpg]
[herbnkathy.com/wp-content/uploads/2021/09/IMG_20210828_100452801.jpg]
[herbnkathy.com/tag/saddle/index.html]
[herbnkathy.com/wp-content/uploads/2021/09/IMG_20210828_100655060-1.jpg]
[herbnkathy.com/tag/storage/index.html]
[herbnkathy.com/wp-content/uploads/2021/09/IMG_20210828_100403195.jpg]
[herbnkathy.com/tag/wild-west/index.html]
[herbnkathy.com/2021/09/26/kc-to-spearfish-and-beyond-installment-4/index.html]
[i1.wp.com/herbnkathy.com/wp-content/uploads/2020/02/IMG_3974-scaled211e.jpg]
[herbnkathy.com/2019/06/17/camp-hosting-at-fort-peck-montana/index.html]
[herbnkathy.com/tag/black-tank/index.html]
[i1.wp.com/herbnkathy.com/wp-content/uploads/2020/02/IMG_3807-scaled211e.jpg]
[herbnkathy.com/tag/elk-point/index.html]
[herbnkathy.com/tag/fort-peck/index.html]
[herbnkathy.com/tag/installment-4/index.html]
[i2.wp.com/herbnkathy.com/wp-content/uploads/2020/02/IMG_3802-scaled211e.jpg]
[herbnkathy.com/tag/miles-city/index.html]
[herbnkathy.com/tag/lewis-clark/index.html]
[herbnkathy.com/tag/range-riders/index.html]
[herbnkathy.com/tag/ranger/index.html]
[i1.wp.com/herbnkathy.com/wp-content/uploads/2020/02/IMG_3813-scaled211e.jpg]
[herbnkathy.com/2021/09/03/our-trek-west-installment-2/index.html]
[herbnkathy.com/tag/buddy-holly/index.html]
[herbnkathy.com/tag/clear-lake/index.html]
[herbnkathy.com/2017/08/13/workamping-at-pere-marquette-rv-park-baldwin-mich/index.html]
[herbnkathy.com/tag/elks-lodge/index.html]
[i0.wp.com/herbnkathy.com/wp-content/uploads/2020/02/IMG_3818-scaled211e.jpg]
[herbnkathy.com/tag/iowa/index.html]
[herbnkathy.com/tag/manitowoc/index.html]
[herbnkathy.com/tag/mauseleum/index.html]
[herbnkathy.com/tag/missouri/index.html]
[i0.wp.com/herbnkathy.com/wp-content/uploads/2020/02/IMG_3819-scaled211e.jpg]
[herbnkathy.com/tag/richie-valens/index.html]
[herbnkathy.com/tag/surf-ballroom/index.html]
[i1.wp.com/herbnkathy.com/wp-content/uploads/2020/02/IMG_3825-scaled211e.jpg]
[herbnkathy.com/tag/wisconsin/index.html]
[herbnkathy.com/2020/02/16/mexico-day-three/index.html]
[i2.wp.com/herbnkathy.com/wp-content/uploads/2020/02/IMG_3833-scaled211e.jpg]
[herbnkathy.com/category/mexico/index.html]
[i1.wp.com/herbnkathy.com/wp-content/uploads/2020/02/IMG_3835-scaled211e.jpg]
[i1.wp.com/herbnkathy.com/wp-content/uploads/2020/02/IMG_3838-scaled211e.jpg]
[i0.wp.com/herbnkathy.com/wp-content/uploads/2020/02/IMG_3847-scaled211e.jpg]
[i1.wp.com/herbnkathy.com/wp-content/uploads/2020/02/IMG_3851-scaled211e.jpg]
[i1.wp.com/herbnkathy.com/wp-content/uploads/2020/02/IMG_3852-scaled211e.jpg]
[i0.wp.com/herbnkathy.com/wp-content/uploads/2020/02/IMG_3858-scaled211e.jpg]
[i1.wp.com/herbnkathy.com/wp-content/uploads/2020/02/IMG_3859-scaled211e.jpg]
[i2.wp.com/herbnkathy.com/wp-content/uploads/2020/02/IMG_3863-scaled211e.jpg]
[i0.wp.com/herbnkathy.com/wp-content/uploads/2020/02/IMG_3871-scaled211e.jpg]
[i0.wp.com/herbnkathy.com/wp-content/uploads/2020/02/IMG_3874-scaled211e.jpg]
[i1.wp.com/herbnkathy.com/wp-content/uploads/2020/02/IMG_3876-scaled211e.jpg]
[i2.wp.com/herbnkathy.com/wp-content/uploads/2020/02/IMG_3877-scaled211e.jpg]
[i0.wp.com/herbnkathy.com/wp-content/uploads/2020/02/IMG_3892-scaled211e.jpg]
[i0.wp.com/herbnkathy.com/wp-content/uploads/2020/02/IMG_3903-scaled211e.jpg]
[i2.wp.com/herbnkathy.com/wp-content/uploads/2020/02/IMG_3908-scaled211e.jpg]
[i2.wp.com/herbnkathy.com/wp-content/uploads/2020/02/IMG_3917-scaled211e.jpg]
[i1.wp.com/herbnkathy.com/wp-content/uploads/2020/02/IMG_3920-scaled211e.jpg]
[i2.wp.com/herbnkathy.com/wp-content/uploads/2020/02/IMG_3921-scaled211e.jpg]
[i2.wp.com/herbnkathy.com/wp-content/uploads/2020/02/IMG_3926-scaled211e.jpg]
[i2.wp.com/herbnkathy.com/wp-content/uploads/2020/02/IMG_3927-scaled211e.jpg]
[i2.wp.com/herbnkathy.com/wp-content/uploads/2020/02/IMG_3929-scaled211e.jpg]
[i2.wp.com/herbnkathy.com/wp-content/uploads/2020/02/IMG_3930-scaled211e.jpg]
[i1.wp.com/herbnkathy.com/wp-content/uploads/2020/02/IMG_3934-scaled211e.jpg]
[i2.wp.com/herbnkathy.com/wp-content/uploads/2020/02/IMG_3935-scaled211e.jpg]
[i1.wp.com/herbnkathy.com/wp-content/uploads/2020/02/IMG_3943-scaled211e.jpg]
[i1.wp.com/herbnkathy.com/wp-content/uploads/2020/02/IMG_3946-scaled211e.jpg]
[i2.wp.com/herbnkathy.com/wp-content/uploads/2020/02/IMG_3947-scaled211e.jpg]
[i1.wp.com/herbnkathy.com/wp-content/uploads/2020/02/IMG_3948-scaled211e.jpg]
[i1.wp.com/herbnkathy.com/wp-content/uploads/2020/02/IMG_3952-scaled211e.jpg]
[i2.wp.com/herbnkathy.com/wp-content/uploads/2020/02/IMG_3958-scaled211e.jpg]
[i2.wp.com/herbnkathy.com/wp-content/uploads/2020/02/IMG_3959-scaled211e.jpg]
[i2.wp.com/herbnkathy.com/wp-content/uploads/2020/02/IMG_3967-scaled211e.jpg]
[i2.wp.com/herbnkathy.com/wp-content/uploads/2020/02/IMG_3969-scaled211e.jpg]
[i1.wp.com/herbnkathy.com/wp-content/uploads/2020/02/IMG_3970-scaled211e.jpg]
[i0.wp.com/herbnkathy.com/wp-content/uploads/2020/02/IMG_3971-scaled211e.jpg]
[i2.wp.com/herbnkathy.com/wp-content/uploads/2020/02/IMG_3867-scaled211e.jpg]
[i0.wp.com/herbnkathy.com/wp-content/uploads/2020/02/IMG_3851-1-scaled211e.jpg]
[i0.wp.com/herbnkathy.com/wp-content/uploads/2020/02/IMG_3853-scaled211e.jpg]
[i0.wp.com/herbnkathy.com/wp-content/uploads/2020/02/IMG_3854-scaled211e.jpg]
[i1.wp.com/herbnkathy.com/wp-content/uploads/2020/02/IMG_3852-1-scaled211e.jpg]
[i0.wp.com/herbnkathy.com/wp-content/uploads/2020/02/Flat-Tire211e.jpg]
[i2.wp.com/herbnkathy.com/wp-content/uploads/2020/02/IMG_20200215_155358-scaled7ff4.jpg]
[i2.wp.com/herbnkathy.com/wp-content/uploads/2020/02/IMG_20200215_160051-scaled7ff4.jpg]
[i1.wp.com/herbnkathy.com/wp-content/uploads/2020/02/IMG_20200215_160127-scaled7ff4.jpg]
[i0.wp.com/herbnkathy.com/wp-content/uploads/2020/02/IMG_20200215_160224-scaled7ff4.jpg]
[i0.wp.com/herbnkathy.com/wp-content/uploads/2020/02/IMG_20200215_161653-scaled7ff4.jpg]
[i0.wp.com/herbnkathy.com/wp-content/uploads/2020/02/IMG_20200215_162538-scaled7ff4.jpg]
[i2.wp.com/herbnkathy.com/wp-content/uploads/2020/02/IMG_20200215_163545-scaled7ff4.jpg]
[herbnkathy.com/wp-content/uploads/2020/02/IMG_20200214_135727-1024x768.290.delayed]
[herbnkathy.com/tag/biologist/index.html]
[herbnkathy.com/tag/animals/index.html]
[herbnkathy.com/tag/cellar/index.html]
[herbnkathy.com/wp-content/uploads/2020/02/IMG_20200214_140826-1024x768.jpg]
[herbnkathy.com/tag/guadalupe/index.html]
[i2.wp.com/herbnkathy.com/wp-content/uploads/2020/02/IMG_20200214_154248-scaled7ff4.jpg]
[herbnkathy.com/tag/keeper/index.html]
[herbnkathy.com/tag/wine/index.html]
[herbnkathy.com/tag/winery/index.html]
[herbnkathy.com/2020/02/15/mexico-day-two/index.html]
[i1.wp.com/herbnkathy.com/wp-content/uploads/2020/02/IMG_20200214_155429-scaled7ff4.jpg]
[i2.wp.com/herbnkathy.com/wp-content/uploads/2020/02/IMG_20200214_151203-scaled7ff4.jpg]
[i2.wp.com/herbnkathy.com/wp-content/uploads/2020/02/IMG_20200214_164145-scaled7ff4.jpg]
[i2.wp.com/herbnkathy.com/wp-content/uploads/2020/02/IMG_20200214_164428-scaled7ff4.jpg]
[i1.wp.com/herbnkathy.com/wp-content/uploads/2020/02/IMG_20200214_165515-scaled7ff4.jpg]
[i2.wp.com/herbnkathy.com/wp-content/uploads/2020/02/IMG_20200214_165535-scaled7ff4.jpg]
[i0.wp.com/herbnkathy.com/wp-content/uploads/2020/02/IMG_20200214_165619-scaled7ff4.jpg]
[herbnkathy.com/wp-content/uploads/2020/02/IMG_20200211_080322-1024x485.jpg]
[herbnkathy.com/wp-content/uploads/2020/02/IMG_20200210_171309-1024x485.jpg]
[herbnkathy.com/category/learning/index.html]
[herbnkathy.com/tag/baja-jacket/index.html]
[herbnkathy.com/wp-json/wp/v2/categories/554707999.json]
[herbnkathy.com/wp-content/uploads/2022/12/img_20221201_0953483316278295661449067619.jpg]
[herbnkathy.com/category/repair/index.html]
[herbnkathy.com/tag/mexican-lasagna/index.html]
[herbnkathy.com/tag/california/index.html]
[herbnkathy.com/2020/02/11/stopover-at-potrero/index.html]
[herbnkathy.com/tag/parking/index.html]
[herbnkathy.com/tag/chapter-8/index.html]
[herbnkathy.com/tag/potrero/index.html]
[herbnkathy.com/category/repair/feed/index.html]
[herbnkathy.com/category/learning/page/2/index.html]
[herbnkathy.com/2022/12/05/going-under-the-knife-and-robot/index.html]
[herbnkathy.com/wp-json/wp/v2/categories/554708025.json]
[herbnkathy.com/category/health/index.html]
[herbnkathy.com/tag/hip/index.html]
[herbnkathy.com/wp-content/uploads/2023/07/IMG_20230729_080922-1.jpg]
[herbnkathy.com/category/medical/index.html]
[herbnkathy.com/wp-content/uploads/2023/07/IMG_20230728_181957.jpg]
[herbnkathy.com/tag/rehab/index.html]
[herbnkathy.com/wp-content/uploads/2023/07/IMG_20230728_172122.jpg]
[herbnkathy.com/tag/replacement/index.html]
[herbnkathy.com/wp-content/uploads/2023/07/IMG_20230729_142723.jpg]
[herbnkathy.com/wp-content/uploads/2023/07/IMG_20230729_142929.jpg]
[herbnkathy.com/wp-content/uploads/2023/07/IMG_20230729_142821.jpg]
[herbnkathy.com/tag/robot/index.html]
[herbnkathy.com/wp-content/uploads/2023/07/IMG_20230729_143835.jpg]
[herbnkathy.com/wp-content/uploads/2023/07/IMG_20230729_142443.jpg]
[herbnkathy.com/wp-content/uploads/2023/07/IMG_20230729_141505.jpg]
[herbnkathy.com/tag/surgery/index.html]
[herbnkathy.com/wp-content/uploads/2023/07/img_20230729_1418124979629905430390836.jpg]
[herbnkathy.com/category/rving/index.html]
[herbnkathy.com/tag/therapy/index.html]
[herbnkathy.com/category/rving/feed/index.html]
[herbnkathy.com/wp-json/wp/v2/categories/554707823.json]
[herbnkathy.com/2023/07/30/we-made-it-to-the-light/index.html]
[herbnkathy.com/wp-content/uploads/2022/11/WB8BHK_ON7CL_SSB_nCBNugBz.jpg]
[herbnkathy.com/tag/bike-path/index.html]
[herbnkathy.com/wp-content/uploads/2022/11/Netherlands.jpg]
[herbnkathy.com/tag/docent/index.html]
[herbnkathy.com/tag/herb-kathy/index.html]
[herbnkathy.com/wp-content/uploads/2022/11/IMG_20220924_173957280.jpg]
[herbnkathy.com/category/rving/page/2/index.html]
[herbnkathy.com/wp-content/uploads/2022/11/IMG_20221125_095528360.jpg]
[herbnkathy.com/category/technology/feed/index.html]
[herbnkathy.com/2022/12/03/gotta-keep-from-getting-bored/index.html]
[herbnkathy.com/wp-content/uploads/2022/11/IMG_20221129_161220136.jpg]
[herbnkathy.com/wp-content/uploads/2020/11/IMG_20201117_100843-485x1024.jpg]
[herbnkathy.com/wp-content/uploads/2020/11/IMG_20201117_100758-485x1024.jpg]
[herbnkathy.com/wp-content/uploads/2020/11/IMG_20201117_100824-485x1024.jpg]
[herbnkathy.com/category/ham-radio/index.html]
[herbnkathy.com/wp-content/uploads/2020/05/Camper-at-Truck-Stop-685x301.jpg]
[herbnkathy.com/tag/7300/index.html]
[i0.wp.com/herbnkathy.com/wp-content/uploads/2020/05/EFS-Diesel-Prices4b52.jpg]
[herbnkathy.com/tag/cq/index.html]
[herbnkathy.com/wp-content/uploads/2020/05/Loves-Bellville.jpg]
[herbnkathy.com/wp-content/uploads/2020/02/IMG_20200208_154647-1024x485.jpg]
[herbnkathy.com/wp-content/uploads/2019/12/0001320_9-pin-j1939j1708-adapters_450.png]
[herbnkathy.com/tag/dx/index.html]
[herbnkathy.com/tag/ham-radio/index.html]
[i2.wp.com/herbnkathy.com/wp-content/uploads/2019/12/20191215_142029-Opt7ff4.jpg]
[herbnkathy.com/tag/ham-shack/index.html]
[herbnkathy.com/tag/icom/index.html]
[i1.wp.com/herbnkathy.com/wp-content/uploads/2019/12/20191215_142049-Opt7ff4.jpg]
[herbnkathy.com/tag/mt-gilead/index.html]
[herbnkathy.com/tag/netherlands/index.html]
[herbnkathy.com/tag/on7cl/index.html]
[i1.wp.com/herbnkathy.com/wp-content/uploads/2019/12/20191215_142056Opt7ff4.jpg]
[herbnkathy.com/tag/qrz/index.html]
[herbnkathy.com/tag/radio/index.html]
[herbnkathy.com/tag/amazon-prime/index.html]
[herbnkathy.com/tag/wb8bhk/index.html]
[i1.wp.com/herbnkathy.com/wp-content/uploads/2019/12/20191215_142103Opt7ff4.jpg]
[herbnkathy.com/tag/cell-phone/index.html]
[herbnkathy.com/tag/data/index.html]
[i1.wp.com/herbnkathy.com/wp-content/uploads/2019/12/20191215_142116Opt7ff4.jpg]
[herbnkathy.com/tag/hotspot/index.html]
[herbnkathy.com/tag/netflix/index.html]
[i1.wp.com/herbnkathy.com/wp-content/uploads/2019/12/20191215_142122Opt7ff4.jpg]
[herbnkathy.com/tag/pbs/index.html]
[herbnkathy.com/tag/streaming/index.html]
[herbnkathy.com/tag/television/index.html]
[i0.wp.com/herbnkathy.com/wp-content/uploads/2019/12/20191215_142130Opt7ff4.jpg]
[herbnkathy.com/tag/tv/index.html]
[herbnkathy.com/tag/unlimited-data/index.html]
[herbnkathy.com/2020/05/10/additional-discounts-on-tsd-fuel-program-announced/index.html]
[i2.wp.com/herbnkathy.com/wp-content/uploads/2019/12/20191215_141907-Opt7ff4.jpg]
[herbnkathy.com/2020/05/01/saving-on-diesel-fuel-new-program/index.html]
[herbnkathy.com/tag/ally/index.html]
[i0.wp.com/herbnkathy.com/wp-content/uploads/2019/12/20191009_143628-Opt7ff4.jpg]
[herbnkathy.com/tag/checking/index.html]
[herbnkathy.com/tag/credit/index.html]
[herbnkathy.com/category/technology/index.html]
[herbnkathy.com/tag/fuel/index.html]
[herbnkathy.com/tag/diesel/index.html]
[herbnkathy.com/tag/debit/index.html]
[herbnkathy.com/tag/loves/index.html]
[herbnkathy.com/tag/petro/index.html]
[herbnkathy.com/tag/savings/index.html]
[herbnkathy.com/tag/tsd/index.html]
[herbnkathy.com/tag/200-watt/index.html]
[herbnkathy.com/2020/02/08/on-our-way-to-mexico/index.html]
[herbnkathy.com/tag/yuma/index.html]
[herbnkathy.com/2019/12/15/whats-our-engine-thinking/index.html]
[herbnkathy.com/tag/rv-fuel-program/index.html]
[herbnkathy.com/tag/bluefire/index.html]
[herbnkathy.com/tag/deutsch/index.html]
[herbnkathy.com/tag/diagnostic/index.html]
[herbnkathy.com/tag/engine/index.html]
[herbnkathy.com/tag/engine-temperature/index.html]
[herbnkathy.com/tag/miles-per-gallon/index.html]
[herbnkathy.com/tag/mpg/index.html]
[herbnkathy.com/category/working/feed/index.html]
[herbnkathy.com/tag/tool/index.html]
[herbnkathy.com/wp-json/wp/v2/categories/30025.json]
[herbnkathy.com/wp-content/uploads/2022/11/IMG_20221128_151206195.jpg]
[herbnkathy.com/wp-content/uploads/2021/10/IMG_20211001_121533796.jpg]
[herbnkathy.com/wp-content/uploads/2021/10/HS-to-Bluff-Map.jpg]
[herbnkathy.com/2022/11/28/hip-replacement-time-again/index.html]
[herbnkathy.com/wp-content/uploads/2021/10/20211014110922.jpg]
[herbnkathy.com/2021/10/15/tourist-review-dead-horse-point-state-park-se-utah/index.html]
[herbnkathy.com/wp-content/uploads/2021/10/20211014110039.jpg]
[herbnkathy.com/wp-content/uploads/2021/10/IMG_20211014_101008678_HDR.jpg]
[herbnkathy.com/wp-content/uploads/2021/10/20211014105405.jpg]
[herbnkathy.com/wp-content/uploads/2021/10/20211014105353.jpg]
[herbnkathy.com/wp-content/uploads/2021/10/20211014100509.jpg]
[herbnkathy.com/wp-content/uploads/2021/10/20211014110029.jpg]
[herbnkathy.com/wp-content/uploads/2021/10/20211014111046.jpg]
[herbnkathy.com/wp-content/uploads/2021/10/IMG_20211014_111909229_HDR.jpg]
[herbnkathy.com/wp-content/uploads/2021/08/New-Recliner-Aug-21.jpg]
[herbnkathy.com/wp-content/uploads/2021/08/Washing2-Aug-21.jpg]
[herbnkathy.com/wp-content/uploads/2021/08/Washed-Pix-1-Aug21.jpg]
[herbnkathy.com/tag/anita/index.html]
[herbnkathy.com/wp-content/uploads/2021/08/Washed-Pix-2-Aug21.jpg]
[herbnkathy.com/tag/clark/index.html]
[herbnkathy.com/wp-content/uploads/2021/08/Map-Gilead-To-Spearfish-Aug-21.jpg]
[herbnkathy.com/tag/colorado/index.html]
[herbnkathy.com/wp-content/uploads/2021/08/SS_Badger_CloseUP.jpg]
[herbnkathy.com/tag/dead-horse/index.html]
[herbnkathy.com/tag/mountains/index.html]
[herbnkathy.com/wp-content/uploads/2021/08/ABQ-Canon-Selfie.jpg]
[herbnkathy.com/tag/river/index.html]
[herbnkathy.com/wp-content/uploads/2021/07/IMG_20210521_190238856_BURST000_COVER.jpg]
[herbnkathy.com/tag/utah/index.html]
[herbnkathy.com/tag/view/index.html]
[herbnkathy.com/wp-content/uploads/2021/07/IMG_20210515_163033790.jpg]
[herbnkathy.com/2021/08/12/time-to-hit-the-road-again/index.html]
[herbnkathy.com/wp-content/uploads/2021/07/IMG_20210427_141713420.jpg]
[herbnkathy.com/2021/08/11/my-hip-replacement-recovery/index.html]
[herbnkathy.com/wp-content/uploads/2021/07/IMG_20210521_154416145.jpg]
[herbnkathy.com/2018/01/11/workamping-fun-at-rainbows-end-rv-park-livingston-tx/index.html]
[herbnkathy.com/wp-content/uploads/2021/07/IMG_20210512_181202209.jpg]
[herbnkathy.com/2019/06/24/volunteering-at-d-c-booth-fish-hatchery/index.html]
[herbnkathy.com/tag/badger/index.html]
[herbnkathy.com/wp-content/uploads/2021/07/IMG_20210507_103703326_HDR.jpg]
[herbnkathy.com/tag/dc-booth/index.html]
[herbnkathy.com/wp-content/uploads/2021/07/IMG_20210506_120956266.jpg]
[herbnkathy.com/tag/harvest-hosts/index.html]
[herbnkathy.com/tag/holden/index.html]
[herbnkathy.com/wp-content/uploads/2021/07/IMG_20210504_174111329_HDR-1.jpg]
[herbnkathy.com/tag/kansas-city/index.html]
[herbnkathy.com/wp-content/uploads/2021/07/IMG_20210502_173101379.jpg]
[herbnkathy.com/2021/07/07/all-good-things-come-to-an-end/index.html]
[herbnkathy.com/wp-content/uploads/2021/07/IMG_20210507_110742510-1.jpg]
[herbnkathy.com/wp-content/uploads/2021/07/IMG_20210609_114156872.jpg]
[herbnkathy.com/wp-content/uploads/2021/07/IMG_20210609_132929138.jpg]
[herbnkathy.com/wp-content/uploads/2021/07/IMG_20210609_124852155.jpg]
[herbnkathy.com/wp-content/uploads/2021/07/IMG_20210608_122129718.jpg]
[herbnkathy.com/wp-content/uploads/2021/07/IMG_20210608_104112864_MP.jpg]
[herbnkathy.com/wp-content/uploads/2021/07/IMG_20210609_190652007.jpg]
[herbnkathy.com/wp-content/uploads/2021/07/IMG_20210609_102747749.jpg]
[herbnkathy.com/wp-content/uploads/2021/07/IMG_20210606_165319416.jpg]
[i1.wp.com/herbnkathy.com/wp-content/uploads/2021/07/IMG_20210630_104637249_HDReb45.jpg]
[i0.wp.com/herbnkathy.com/wp-content/uploads/2021/07/IMG_20210630_095805519eb45.jpg]
[i2.wp.com/herbnkathy.com/wp-content/uploads/2021/07/IMG_20210630_110210353eb45.jpg]
[herbnkathy.com/wp-content/uploads/2021/07/IMG_20210514_190909449.jpg]
[i1.wp.com/herbnkathy.com/wp-content/uploads/2021/07/IMG_20210628_075704742eb45.jpg]
[i0.wp.com/herbnkathy.com/wp-content/uploads/2021/07/IMG_20210628_085738905eb45.jpg]
[i1.wp.com/herbnkathy.com/wp-content/uploads/2021/07/IMG_20210628_085723956eb45.jpg]
[i2.wp.com/herbnkathy.com/wp-content/uploads/2021/07/IMG_20210628_085517947eb45.jpg]
[herbnkathy.com/wp-content/uploads/2021/07/IMG_20210621_081253660.jpg]
[herbnkathy.com/category/working/index.html]
[herbnkathy.com/tag/bobbi/index.html]
[herbnkathy.com/tag/newmar/index.html]
[herbnkathy.com/wp-json/wp/v2/tags/554708215.json]
[herbnkathy.com/tag/co-workers/index.html]
[herbnkathy.com/tag/cumberland/index.html]
[herbnkathy.com/tag/jenny/index.html]
[herbnkathy.com/tag/hospital/index.html]
[herbnkathy.com/tag/physical-rehab/index.html]
[herbnkathy.com/tag/lake-cumberland/index.html]
[herbnkathy.com/wp-json/wp/v2/tags/554707508.json]
[herbnkathy.com/tag/robert/index.html]
[herbnkathy.com/category/working/page/2/index.html]
[i0.wp.com/herbnkathy.com/wp-content/uploads/2020/01/IMG_20200112_091532-scaled0c9f.jpg]
[herbnkathy.com/tag/paint/feed/index.html]
[herbnkathy.com/2020/01/12/readying-for-our-trip-to-q/index.html]
[i0.wp.com/herbnkathy.com/wp-content/uploads/2020/01/IMG_20200112_091803-scaled0c9f.jpg]
[herbnkathy.com/tag/newmar/feed/index.html]
[herbnkathy.com/2017/01/01/our-adventure-to-quartzsite/index.html]
[i2.wp.com/herbnkathy.com/wp-content/uploads/2020/01/ShedHalfPainted-scaled7ff4.jpg]
[i2.wp.com/herbnkathy.com/wp-content/uploads/2020/01/IMG_20200112_102102-scaled0c9f.jpg]
[i0.wp.com/herbnkathy.com/wp-content/uploads/2020/01/IMG_20200112_105654-scaled0c9f.jpg]
[i0.wp.com/herbnkathy.com/wp-content/uploads/2020/01/IMG_20200112_134120-scaled0c9f.jpg]
[herbnkathy.com/wp-content/uploads/2017/03/2017-03-16-17.50.35.jpg]
[herbnkathy.com/wp-content/uploads/2017/03/2017-03-16-17.50.35-300x169.jpg]
[herbnkathy.com/tag/bicycles/index.html]
[herbnkathy.com/wp-content/uploads/2017/12/Capture.jpg]
[herbnkathy.com/wp-content/uploads/2017/12/Capture-300x178.jpg]
[herbnkathy.com/tag/paint/index.html]
[herbnkathy.com/tag/big-tent/index.html]
[herbnkathy.com/tag/pin-striping/index.html]
[herbnkathy.com/tag/bike/index.html]
[herbnkathy.com/wp-json/wp/v2/tags/554708216.json]
[herbnkathy.com/tag/q/index.html]
[herbnkathy.com/tag/storage-shed/index.html]
[herbnkathy.com/tag/spice-rack/index.html]
[herbnkathy.com/tag/curtain/index.html]
[herbnkathy.com/2017/12/12/interior-remodel-of-our-airstream-motorhome/index.html]
[herbnkathy.com/wp-json/oembed/1.0/embed2860.json]
[herbnkathy.com/tag/diesel-pusher/index.html]
[herbnkathy.com/tag/fabric/index.html]
[herbnkathy.com/tag/flooring/index.html]
[herbnkathy.com/wp-json/oembed/1.0/embedb72b]
[herbnkathy.com/tag/lights/index.html]
[herbnkathy.com/tag/remodel/index.html]
[herbnkathy.com/tag/windows/index.html]
[herbnkathy.com/tag/pin-striping/feed/index.html]
[herbnkathy.com/2024/12/30/heading-back-for-the-winter/index.html]
[herbnkathy.com/wp-json/wp/v2/posts/8972.json]
[herbnkathy.com/2024/12/30/heading-back-for-the-winter/feed/index.html]
[herbnkathy.com/wp-json/wp/v2/categories/406.json]
[herbnkathy.com/wp-content/uploads/2023/03/244MapleFront.jpg]
[herbnkathy.com/category/family/feed/index.html]
[herbnkathy.com/wp-content/uploads/2023/03/IMG_20221006_101643594.jpg]
[herbnkathy.com/wp-content/uploads/2023/03/image.jpg]
[herbnkathy.com/wp-content/uploads/2022/12/img_20221006_092725976542981740914898140.jpg]
[herbnkathy.com/wp-content/uploads/2022/12/img_20221003_1811193563278920507695370147.jpg]
[herbnkathy.com/wp-content/uploads/2022/12/img_20221003_181607560924180888701842218.jpg]
[herbnkathy.com/wp-content/uploads/2022/12/img_20221003_1859452947100165871942466226.jpg]
[herbnkathy.com/wp-content/uploads/2022/12/img_20221003_191311107_mp1527197556116201771.jpg]
[herbnkathy.com/wp-content/uploads/2022/12/img_20221004_151054600_hdr4418109869447951086.jpg]
[herbnkathy.com/wp-content/uploads/2022/12/img_20221004_1228230541250742329023039631.jpg]
[herbnkathy.com/wp-content/uploads/2022/12/img_20221004_1906371211156474550740209095.jpg]
[herbnkathy.com/wp-content/uploads/2023/03/image-1.jpg]
[herbnkathy.com/wp-content/uploads/2022/12/Glutius-Medius3.jpg]
[herbnkathy.com/category/family/index.html]
[herbnkathy.com/tag/campfire/index.html]
[herbnkathy.com/tag/mackinac/index.html]
[herbnkathy.com/2022/12/18/now-its-her-turn/index.html]
[herbnkathy.com/tag/doctor/index.html]
[herbnkathy.com/tag/health/index.html]
[herbnkathy.com/tag/medical/index.html]
[herbnkathy.com/tag/repair/index.html]
[herbnkathy.com/wp-json/wp/v2/categories/677.json]
[herbnkathy.com/tag/gluteus-medius/index.html]
[herbnkathy.com/wp-content/uploads/2021/12/20211220080243.jpg]
[herbnkathy.com/tag/recovery/index.html]
[herbnkathy.com/tag/christmas/index.html]
[herbnkathy.com/wp-content/uploads/2021/12/IMG_20211221_141704409.jpg]
[herbnkathy.com/tag/greetings/index.html]
[herbnkathy.com/wp-content/uploads/2021/12/IMG_20211221_144401746.jpg]
[herbnkathy.com/tag/rotator/index.html]
[herbnkathy.com/2021/12/16/merry-christmas-and-happy-new-year-greetings-from-herb-and-kathy/index.html]
[herbnkathy.com/wp-content/uploads/2021/12/IMG_20211221_141717333.jpg]
[herbnkathy.com/tag/holiday/index.html]
[herbnkathy.com/tag/love/index.html]
[herbnkathy.com/wp-content/uploads/2021/12/IMG_20211222_162445778_MP.jpg]
[herbnkathy.com/tag/new-year/index.html]
[herbnkathy.com/wp-content/uploads/2021/12/IMG_20211222_162325104.jpg]
[herbnkathy.com/category/friends/feed/index.html]
[herbnkathy.com/category/family/page/2/index.html]
[herbnkathy.com/2021/12/31/christmas-in-mexico/index.html]
[herbnkathy.com/wp-content/uploads/2021/12/IMG_20211222_162302153.jpg]
[herbnkathy.com/wp-content/uploads/2021/12/IMG_20211223_105536779_HDR.jpg]
[herbnkathy.com/wp-content/uploads/2021/12/IMG_20211223_153655161.jpg]
[herbnkathy.com/wp-content/uploads/2021/12/IMG_20211226_072910292.jpg]
[herbnkathy.com/wp-content/uploads/2021/12/IMG_20211224_103552509.jpg]
[herbnkathy.com/wp-content/uploads/2021/12/IMG_20211223_153532430.jpg]
[herbnkathy.com/wp-content/uploads/2021/12/IMG_20211223_153511893.jpg]
[herbnkathy.com/wp-content/uploads/2021/12/IMG_20211223_153415973.jpg]
[herbnkathy.com/wp-content/uploads/2021/12/IMG_20211223_152627608.jpg]
[herbnkathy.com/wp-content/uploads/2021/12/IMG_20211223_153351865.jpg]
[herbnkathy.com/wp-content/uploads/2021/12/Map-BahiaKinoSanCarlos.jpg]
[herbnkathy.com/wp-content/uploads/2021/12/202112261851278497414111908052487.jpg]
[herbnkathy.com/wp-content/uploads/2021/12/20211226194845784696414535568853.jpg]
[herbnkathy.com/wp-content/uploads/2021/12/202112261948515114059866044416106.jpg]
[herbnkathy.com/wp-content/uploads/2021/12/img_20211226_1855105842932303485483793485.jpg]
[herbnkathy.com/wp-content/uploads/2021/12/img_20211226_1857073827219734529332874773.jpg]
[herbnkathy.com/wp-content/uploads/2021/12/img_20211226_1851183556536677117163553507.jpg]
[herbnkathy.com/wp-content/uploads/2021/12/IMG_20211228_171234708.jpg]
[herbnkathy.com/wp-content/uploads/2021/12/IMG_20211228_172140616.jpg]
[herbnkathy.com/wp-content/uploads/2021/12/IMG_20211228_175429409.jpg]
[herbnkathy.com/wp-content/uploads/2021/12/IMG_20211228_181330713.jpg]
[herbnkathy.com/wp-content/uploads/2021/12/IMG_20211229_135112985.jpg]
[herbnkathy.com/wp-content/uploads/2021/12/IMG_20211229_135046757.jpg]
[herbnkathy.com/wp-content/uploads/2021/12/IMG_20211229_133926045.jpg]
[herbnkathy.com/wp-content/uploads/2021/12/IMG_20211229_133859695.jpg]
[herbnkathy.com/wp-content/uploads/2021/12/IMG_20211229_133405872.jpg]
[herbnkathy.com/wp-content/uploads/2021/12/IMG_20211229_144229199.jpg]
[herbnkathy.com/wp-content/uploads/2021/12/IMG_20211229_144218756.jpg]
[herbnkathy.com/wp-content/uploads/2021/12/IMG_20211229_144209460.jpg]
[herbnkathy.com/wp-content/uploads/2021/12/IMG_20211229_143924255.jpg]
[herbnkathy.com/wp-content/uploads/2021/12/IMG_20211229_144254695.jpg]
[herbnkathy.com/wp-content/uploads/2021/12/IMG_20211229_145222602.jpg]
[herbnkathy.com/wp-content/uploads/2021/12/IMG_20211229_160904093.jpg]
[herbnkathy.com/wp-content/uploads/2021/12/IMG_20211229_154114333.jpg]
[herbnkathy.com/wp-content/uploads/2021/12/IMG_20211229_153008629.jpg]
[herbnkathy.com/wp-content/uploads/2021/12/IMG_20211229_152848130.jpg]
[herbnkathy.com/wp-content/uploads/2021/12/IMG_20211229_152224691.jpg]
[herbnkathy.com/category/friends/index.html]
[herbnkathy.com/category/traveling/index.html]
[herbnkathy.com/tag/bahia-de-kino/index.html]
[herbnkathy.com/tag/eat/index.html]
[herbnkathy.com/wp-json/wp/v2/categories/554707329.json]
[herbnkathy.com/tag/kino-bay/index.html]
[herbnkathy.com/tag/pesos/index.html]
[herbnkathy.com/tag/san-carlos/index.html]
[herbnkathy.com/tag/roads/index.html]
[herbnkathy.com/tag/restaurant/index.html]
[herbnkathy.com/tag/toll-roads/index.html]
[herbnkathy.com/wp-json/wp/v2/tags/554707398.json]
[herbnkathy.com/tag/tolls/index.html]
[herbnkathy.com/category/friends/page/2/index.html]
[herbnkathy.com/wp-content/uploads/2017/06/2017-06-09-14.11.46.jpg]
[herbnkathy.com/category/traveling/feed/index.html]
[herbnkathy.com/wp-content/uploads/2017/06/2017-06-09-14.11.46-1024x576.jpg]
[herbnkathy.com/category/traveling/page/2/index.html]
[herbnkathy.com/wp-content/uploads/2017/06/2017-06-09-14.07.39.jpg]
[herbnkathy.com/wp-content/uploads/2017/06/2017-06-09-14.07.39-1024x576.jpg]
[herbnkathy.com/wp-content/uploads/2017/06/2017-06-09-14.06.48.jpg]
[herbnkathy.com/tag/airplane/feed/index.html]
[herbnkathy.com/wp-content/uploads/2017/06/2017-06-09-14.06.48-1024x576.jpg]
[herbnkathy.com/wp-content/uploads/2017/06/2017-06-09-14.06.09.jpg]
[herbnkathy.com/wp-content/uploads/2017/06/2017-06-09-14.06.09-1024x576.jpg]
[herbnkathy.com/wp-content/uploads/2017/06/2017-06-09-14.06.05.jpg]
[herbnkathy.com/2017/06/18/rc-jets-so-cool/index.html]
[herbnkathy.com/wp-content/uploads/2017/06/2017-06-09-14.06.05-1024x576.jpg]
[herbnkathy.com/wp-content/uploads/2017/06/2017-06-09-14.03.24.jpg]
[herbnkathy.com/wp-content/uploads/2017/06/2017-06-09-14.03.24-1024x576.jpg]
[herbnkathy.com/wp-content/uploads/2017/06/2017-06-09-14.03.06.jpg]
[herbnkathy.com/wp-content/uploads/2017/06/2017-06-09-14.03.06-1024x576.jpg]
[herbnkathy.com/wp-content/uploads/2017/06/2017-06-09-13.58.35.jpg]
[herbnkathy.com/wp-content/uploads/2017/06/2017-06-09-13.58.35-1024x576.jpg]
[herbnkathy.com/tag/airplane/index.html]
[herbnkathy.com/tag/allegiant/index.html]
[herbnkathy.com/wp-json/wp/v2/tags/554708212.json]
[herbnkathy.com/tag/lake-county/index.html]
[herbnkathy.com/tag/arizona/feed/index.html]
[herbnkathy.com/tag/flyers/index.html]
[herbnkathy.com/tag/allegiant/feed/index.html]
[herbnkathy.com/tag/jets/index.html]
[herbnkathy.com/wp-json/wp/v2/tags/24592.json]
[herbnkathy.com/wp-content/uploads/2021/10/IMG_20211017_093521860_HDR.jpg]
[herbnkathy.com/wp-content/uploads/2021/10/20211017100832.jpg]
[herbnkathy.com/wp-content/uploads/2021/10/IMG_20211017_100256842.jpg]
[herbnkathy.com/2021/10/31/winslow-meteor-crater-az/index.html]
[herbnkathy.com/wp-content/uploads/2021/10/IMG_20211017_100149262.jpg]
[herbnkathy.com/wp-content/uploads/2021/10/IMG_20211017_095339931.jpg]
[herbnkathy.com/wp-content/uploads/2021/10/IMG_20211017_094631750.jpg]
[herbnkathy.com/wp-content/uploads/2021/10/IMG_20211017_094530110.jpg]
[herbnkathy.com/wp-content/uploads/2021/10/IMG_20211017_094346180.jpg]
[herbnkathy.com/wp-content/uploads/2021/10/IMG_20211017_094246547.jpg]
[herbnkathy.com/wp-content/uploads/2021/10/20211017124753.jpg]
[herbnkathy.com/wp-content/uploads/2021/10/20211017124802.jpg]
[herbnkathy.com/wp-content/uploads/2021/10/20211017124808.jpg]
[herbnkathy.com/wp-content/uploads/2021/10/20211017124104.jpg]
[herbnkathy.com/wp-content/uploads/2021/11/Meteor-Crater.mp4]
[herbnkathy.com/wp-content/uploads/2021/10/IMG_20211017_133445234.jpg]
[herbnkathy.com/wp-content/uploads/2021/10/IMG_20211017_130209961.jpg]
[herbnkathy.com/wp-content/uploads/2021/10/IMG_20211017_130204439.jpg]
[herbnkathy.com/wp-content/uploads/2021/10/IMG_20211019_171928533.jpg]
[herbnkathy.com/wp-content/uploads/2021/10/IMG_20211025_124500984.jpg]
[herbnkathy.com/wp-content/uploads/2021/10/IMG_20211029_143050487.jpg]
[herbnkathy.com/wp-content/uploads/2021/10/IMG_20211031_180341716.jpg]
[herbnkathy.com/wp-content/uploads/2021/10/IMG_20211031_180730617.jpg]
[herbnkathy.com/wp-content/uploads/2021/10/IMG_20211023_180521328.jpg]
[herbnkathy.com/wp-content/uploads/2021/10/IMG_20211023_175845060.jpg]
[herbnkathy.com/wp-content/uploads/2021/10/IMG_20211021_143142281.jpg]
[herbnkathy.com/wp-content/uploads/2021/10/IMG_20211030_161504791_HDR.jpg]
[herbnkathy.com/wp-content/uploads/2021/10/IMG_20211019_154540421.jpg]
[herbnkathy.com/wp-content/uploads/2019/06/20190612_183912-685x385.jpg]
[herbnkathy.com/tag/chinese/index.html]
[i0.wp.com/herbnkathy.com/wp-content/uploads/2019/07/IMG9539277806.jpg]
[herbnkathy.com/tag/final-leg/index.html]
[herbnkathy.com/tag/halloween/index.html]
[herbnkathy.com/tag/hotel/index.html]
[i0.wp.com/herbnkathy.com/wp-content/uploads/2019/07/HerbNKathyJuly197ff4.jpg]
[herbnkathy.com/tag/la-posada/index.html]
[herbnkathy.com/tag/trip-west/index.html]
[herbnkathy.com/tag/standin-on-the-corner/index.html]
[herbnkathy.com/tag/water-heater/index.html]
[herbnkathy.com/2019/07/28/is-it-the-places-or-the-people/index.html]
[i1.wp.com/herbnkathy.com/wp-content/uploads/2019/07/2016-09-15-12.12.517ff4.jpg]
[herbnkathy.com/2016/12/08/speaking-of-workamping/index.html]
[i1.wp.com/herbnkathy.com/wp-content/uploads/2019/07/20190612_1839127ff4.jpg]
[i1.wp.com/herbnkathy.com/wp-content/uploads/2019/07/20190623_1927407ff4.jpg]
[i1.wp.com/herbnkathy.com/wp-content/uploads/2019/07/CanyonAccoustics7ff4.jpg]
[i1.wp.com/herbnkathy.com/wp-content/uploads/2019/07/20190606_1904407ff4.jpg]
[i0.wp.com/herbnkathy.com/wp-content/uploads/2019/07/2012-09-02-18.59.52211e.jpg]
[herbnkathy.com/wp-content/uploads/2019/07/2014-03-02-16.30.48.jpg]
[i2.wp.com/herbnkathy.com/wp-content/uploads/2019/07/Baldwin-Reutter-Gathering700c.jpg]
[i2.wp.com/herbnkathy.com/wp-content/uploads/2019/07/BaldwinBoysSummer20147ff4.jpg]
[i0.wp.com/herbnkathy.com/wp-content/uploads/2019/07/Caleb-Maddie-2013b526.jpg]
[i2.wp.com/herbnkathy.com/wp-content/uploads/2019/07/IMG_08057ff4.jpg]
[i2.wp.com/herbnkathy.com/wp-content/uploads/2019/07/IMG_08107ff4.jpg]
[i0.wp.com/herbnkathy.com/wp-content/uploads/2019/07/KidsEaster20187ff4.jpg]
[herbnkathy.com/wp-content/uploads/2019/04/CongressOverview.mp4]
[i1.wp.com/herbnkathy.com/wp-content/uploads/2019/04/20190402154647211e.jpg]
[i2.wp.com/herbnkathy.com/wp-content/uploads/2019/04/20190402161018211e.jpg]
[herbnkathy.com/tag/friendships/index.html]
[herbnkathy.com/tag/respect/index.html]
[i2.wp.com/herbnkathy.com/wp-content/uploads/2019/04/20190403094844.37d211e.delayed]
[herbnkathy.com/tag/relationships/index.html]
[herbnkathy.com/tag/working/index.html]
[herbnkathy.com/2019/04/28/the-landscape-keeps-changing/index.html]
[i2.wp.com/herbnkathy.com/wp-content/uploads/2019/04/20190402141357211e.jpg]
[i0.wp.com/herbnkathy.com/wp-content/uploads/2019/04/20190402144149211e.jpg]
[i1.wp.com/herbnkathy.com/wp-content/uploads/2019/04/20190402144206211e.jpg]
[i2.wp.com/herbnkathy.com/wp-content/uploads/2019/04/20190402154655211e.jpg]
[i2.wp.com/herbnkathy.com/wp-content/uploads/2019/04/20190402160946211e.jpg]
[i2.wp.com/herbnkathy.com/wp-content/uploads/2019/04/20190403111512211e.jpg]
[herbnkathy.com/wp-content/uploads/2019/04/ZionMap.jpg]
[i1.wp.com/herbnkathy.com/wp-content/uploads/2019/04/20190406_1243167ff4.jpg]
[i1.wp.com/herbnkathy.com/wp-content/uploads/2019/04/20190406_1443367ff4.jpg]
[i2.wp.com/herbnkathy.com/wp-content/uploads/2019/04/20190406_1445157ff4.jpg]
[i1.wp.com/herbnkathy.com/wp-content/uploads/2019/04/20190405090105211e.jpg]
[i0.wp.com/herbnkathy.com/wp-content/uploads/2019/04/20190405091805211e.jpg]
[i1.wp.com/herbnkathy.com/wp-content/uploads/2019/04/20190405091813211e.jpg]
[i2.wp.com/herbnkathy.com/wp-content/uploads/2019/04/20190405091826211e.jpg]
[i1.wp.com/herbnkathy.com/wp-content/uploads/2019/04/20190405122404211e.jpg]
[i1.wp.com/herbnkathy.com/wp-content/uploads/2019/04/20190405131122211e.jpg]
[i2.wp.com/herbnkathy.com/wp-content/uploads/2019/04/20190405131129211e.jpg]
[i0.wp.com/herbnkathy.com/wp-content/uploads/2019/04/20190405131246211e.jpg]
[i1.wp.com/herbnkathy.com/wp-content/uploads/2019/04/20190405135620211e.jpg]
[i1.wp.com/herbnkathy.com/wp-content/uploads/2019/04/20190406135526211e.jpg]
[i2.wp.com/herbnkathy.com/wp-content/uploads/2019/04/20190406135532211e.jpg]
[i0.wp.com/herbnkathy.com/wp-content/uploads/2019/04/20190406135751211e.jpg]
[herbnkathy.com/wp-content/uploads/2019/04/20190405123449.mp4]
[i1.wp.com/herbnkathy.com/wp-content/uploads/2019/04/20190407_1138477ff4.jpg]
[i1.wp.com/herbnkathy.com/wp-content/uploads/2019/04/20190406121542211e.jpg]
[i1.wp.com/herbnkathy.com/wp-content/uploads/2019/04/20190406121557211e.jpg]
[i0.wp.com/herbnkathy.com/wp-content/uploads/2019/04/20190407090919211e.jpg]
[i1.wp.com/herbnkathy.com/wp-content/uploads/2019/04/20190407093051211e.jpg]
[i2.wp.com/herbnkathy.com/wp-content/uploads/2019/04/20190407093142211e.jpg]
[i0.wp.com/herbnkathy.com/wp-content/uploads/2019/04/20190407093213211e.jpg]
[i0.wp.com/herbnkathy.com/wp-content/uploads/2019/04/20190407093325211e.jpg]
[i0.wp.com/herbnkathy.com/wp-content/uploads/2019/04/20190407093403211e.jpg]
[i2.wp.com/herbnkathy.com/wp-content/uploads/2019/04/20190407093650211e.jpg]
[i0.wp.com/herbnkathy.com/wp-content/uploads/2019/04/20190407094424211e.jpg]
[i2.wp.com/herbnkathy.com/wp-content/uploads/2019/04/20190407094651211e.jpg]
[i2.wp.com/herbnkathy.com/wp-content/uploads/2019/04/20190407094714211e.jpg]
[i2.wp.com/herbnkathy.com/wp-content/uploads/2019/04/20190407094808211e.jpg]
[i2.wp.com/herbnkathy.com/wp-content/uploads/2019/04/20190407094819211e.jpg]
[i2.wp.com/herbnkathy.com/wp-content/uploads/2019/04/20190407095110211e.jpg]
[i2.wp.com/herbnkathy.com/wp-content/uploads/2019/04/20190407102817211e.jpg]
[i2.wp.com/herbnkathy.com/wp-content/uploads/2019/04/20190407102844211e.jpg]
[i1.wp.com/herbnkathy.com/wp-content/uploads/2019/04/20190407102952211e.jpg]
[i0.wp.com/herbnkathy.com/wp-content/uploads/2019/04/20190407103109211e.jpg]
[i0.wp.com/herbnkathy.com/wp-content/uploads/2019/04/20190407103733211e.jpg]
[i2.wp.com/herbnkathy.com/wp-content/uploads/2019/04/20190407103836211e.jpg]
[i1.wp.com/herbnkathy.com/wp-content/uploads/2019/04/20190407104126211e.jpg]
[i2.wp.com/herbnkathy.com/wp-content/uploads/2019/04/20190407104139211e.jpg]
[i0.wp.com/herbnkathy.com/wp-content/uploads/2019/04/20190407104147211e.jpg]
[i1.wp.com/herbnkathy.com/wp-content/uploads/2019/04/20190407104325211e.jpg]
[i2.wp.com/herbnkathy.com/wp-content/uploads/2019/04/20190407104355211e.jpg]
[herbnkathy.com/wp-content/uploads/2019/04/20190407095024.mp4]
[i2.wp.com/herbnkathy.com/wp-content/uploads/2019/04/20190407130308211e.jpg]
[i0.wp.com/herbnkathy.com/wp-content/uploads/2019/04/20190407142536211e.jpg]
[i0.wp.com/herbnkathy.com/wp-content/uploads/2019/04/20190407142552211e.jpg]
[i2.wp.com/herbnkathy.com/wp-content/uploads/2019/04/20190407143156211e.jpg]
[i2.wp.com/herbnkathy.com/wp-content/uploads/2019/04/20190407144638211e.jpg]
[herbnkathy.com/wp-content/uploads/2019/04/Capture.jpg]
[i1.wp.com/herbnkathy.com/wp-content/uploads/2019/04/20190406_0915217ff4.jpg]
[herbnkathy.com/wp-content/uploads/2019/03/Map-Fairgrounds.jpg]
[herbnkathy.com/tag/bryce/index.html]
[i0.wp.com/herbnkathy.com/wp-content/uploads/2019/03/RVParkAerialView8ae5.png]
[herbnkathy.com/tag/dam/index.html]
[herbnkathy.com/tag/grand-staircase/index.html]
[herbnkathy.com/tag/hydroelectric/index.html]
[i1.wp.com/herbnkathy.com/wp-content/uploads/2019/03/20190315_1554527ff4.jpg]
[herbnkathy.com/tag/lake-mead/index.html]
[herbnkathy.com/tag/hoover-dam/index.html]
[herbnkathy.com/tag/nevada/index.html]
[herbnkathy.com/tag/zion/index.html]
[herbnkathy.com/tag/spillway/index.html]
[herbnkathy.com/2019/03/23/great-time-at-escapade-19/index.html]
[i2.wp.com/herbnkathy.com/wp-content/uploads/2019/03/20190315_1804527ff4.jpg]
[i2.wp.com/herbnkathy.com/wp-content/uploads/2019/03/20190316_0723587ff4.jpg]
[i2.wp.com/herbnkathy.com/wp-content/uploads/2019/03/20190317_1412417ff4.jpg]
[i0.wp.com/herbnkathy.com/wp-content/uploads/2019/03/20190317_1532057ff4.jpg]
[i0.wp.com/herbnkathy.com/wp-content/uploads/2019/03/20190317_1635237ff4.jpg]
[i1.wp.com/herbnkathy.com/wp-content/uploads/2019/03/20190317_190614-17ff4.jpg]
[i2.wp.com/herbnkathy.com/wp-content/uploads/2019/03/20190317_2012247ff4.jpg]
[i1.wp.com/herbnkathy.com/wp-content/uploads/2019/03/20190318_1201507ff4.jpg]
[i2.wp.com/herbnkathy.com/wp-content/uploads/2019/03/20190318_1521447ff4.jpg]
[i1.wp.com/herbnkathy.com/wp-content/uploads/2019/03/20190318_1604427ff4.jpg]
[i1.wp.com/herbnkathy.com/wp-content/uploads/2019/03/20190319_1103027ff4.jpg]
[i2.wp.com/herbnkathy.com/wp-content/uploads/2019/03/20190321_0914237ff4.jpg]
[i0.wp.com/herbnkathy.com/wp-content/uploads/2019/03/20190321_1155477ff4.jpg]
[i0.wp.com/herbnkathy.com/wp-content/uploads/2019/03/20190321_1211487ff4.jpg]
[i2.wp.com/herbnkathy.com/wp-content/uploads/2019/03/20190321_1212447ff4.jpg]
[i0.wp.com/herbnkathy.com/wp-content/uploads/2019/03/20190321_1547227ff4.jpg]
[i0.wp.com/herbnkathy.com/wp-content/uploads/2019/03/20190321_1610517ff4.jpg]
[i2.wp.com/herbnkathy.com/wp-content/uploads/2019/03/20190321_1656127ff4.jpg]
[i1.wp.com/herbnkathy.com/wp-content/uploads/2019/03/20190317183355211e.jpg]
[i1.wp.com/herbnkathy.com/wp-content/uploads/2019/03/20190317183444211e.jpg]
[herbnkathy.com/wp-content/uploads/2019/03/AmericanRogues.mp4]
[herbnkathy.com/wp-content/uploads/2019/03/RedHeadExpress.mp4]
[herbnkathy.com/tag/arizona/index.html]
[herbnkathy.com/tag/pima/index.html]
[herbnkathy.com/tag/rv-dealers/index.html]
[herbnkathy.com/tag/rally/index.html]
[herbnkathy.com/tag/flint/index.html]
[herbnkathy.com/wp-json/wp/v2/tags/554708214.json]
[herbnkathy.com/tag/travel/index.html]
[herbnkathy.com/tag/arizona/page/2/index.html]
[herbnkathy.com/tag/mesa/feed/index.html]
[herbnkathy.com/tag/flint/feed/index.html]
[herbnkathy.com/tag/mesa/index.html]
[herbnkathy.com/wp-json/wp/v2/tags/554708213.json]
[herbnkathy.com/tag/michigan/feed/index.html]
[herbnkathy.com/wp-json/wp/v2/tags/11110.json]
[herbnkathy.com/wp-content/uploads/2018/09/2017-03-06-11.56.43.jpg]
[herbnkathy.com/wp-content/uploads/2018/09/2018-Fall-Travel-Map.jpg]
[herbnkathy.com/tag/michigan/index.html]
[herbnkathy.com/2018/09/11/where-were-headed-next/index.html]
[herbnkathy.com/wp-json/wp/v2/tags/554707973.json]
[herbnkathy.com/tag/albuquerque/index.html]
[herbnkathy.com/wp-content/uploads/2021/08/IMG_20210821_075444742.jpg]
[herbnkathy.com/tag/balloon-fiesta/index.html]
[herbnkathy.com/tag/boomerville/index.html]
[herbnkathy.com/wp-content/uploads/2021/08/IMG_20210820_193419021.jpg]
[herbnkathy.com/wp-content/uploads/2021/08/IMG_20210822_111717484-1.jpg]
[herbnkathy.com/tag/brownwood/index.html]
[herbnkathy.com/wp-content/uploads/2021/08/IMG_20210822_111646963.jpg]
[herbnkathy.com/wp-content/uploads/2021/08/IMG_20210823_201345887.jpg]
[herbnkathy.com/wp-content/uploads/2021/08/IMG_20210823_201012485.jpg]
[herbnkathy.com/tag/cracker-barrel/index.html]
[herbnkathy.com/wp-content/uploads/2021/08/IMG_20210823_201107424.jpg]
[herbnkathy.com/wp-content/uploads/2021/08/IMG_20210823_201028134_MP.jpg]
[herbnkathy.com/tag/owosso/index.html]
[herbnkathy.com/tag/entv/index.html]
[herbnkathy.com/tag/phoenix/index.html]
[herbnkathy.com/wp-json/wp/v2/tags/554708117.json]
[herbnkathy.com/tag/quartzite/index.html]
[herbnkathy.com/tag/new-mexico/index.html]
[herbnkathy.com/tag/rovers-roost/index.html]
[herbnkathy.com/tag/nomads/index.html]
[herbnkathy.com/tag/thanksgiving/index.html]
[herbnkathy.com/tag/texas-air/index.html]
[herbnkathy.com/wp-json/oembed/1.0/embed33e1.json]
[herbnkathy.com/tag/michigan/page/2/index.html]
[herbnkathy.com/tag/owosso/feed/index.html]
[herbnkathy.com/tag/wellington/index.html]
[herbnkathy.com/2018/08/31/workampers-needed-in-nw-michigan/index.html]
[herbnkathy.com/wp-json/oembed/1.0/embedbd89]
[herbnkathy.com/tag/betsy/index.html]
[herbnkathy.com/2021/08/30/our-trek-west-installment-one/index.html]
[herbnkathy.com/tag/marilynn/index.html]
[herbnkathy.com/tag/romeo/index.html]
[herbnkathy.com/tag/shiawassee/index.html]
[herbnkathy.com/tag/wedding/index.html]
[herbnkathy.com/tag/west/index.html]
[herbnkathy.com/tag/phoenix/feed/index.html]
[herbnkathy.com/wp-json/wp/v2/posts/8901.json]
[herbnkathy.com/2024/04/12/changes-continue/feed/index.html]
[secure.gravatar.com/avatar/045c6ae9ee0777dec827ef4dca36b1388476228d8b36b645c8806a5e47799e35a8ba.png]
[secure.gravatar.com/avatar/5df5e56619b4b30a49831bc3cba2274c0fabdbbec2d9f46478fef01310dc1669a8ba.png]
[secure.gravatar.com/avatar/0caf7e468817d00332c792d23ab969c843772efeef650f18641cf13328f3231fa8ba.jpeg]
[herbnkathy.com/2024/04/12/changes-continue/indexf61e.html]
[secure.gravatar.com/avatar/64738e3b59d60cf5066b044fcc33b5927e4b77c9f01f28c1dd597c27ce40989ea8ba.png]
[herbnkathy.com/2024/04/12/changes-continue/index.html]
[herbnkathy.com/2024/04/12/changes-continue/index8897.html]
[herbnkathy.com/2024/04/12/changes-continue/index5ec8.html]
[herbnkathy.com/2024/04/12/changes-continue/index6870.html]
[herbnkathy.com/category/escapees/feed/index.html]
[herbnkathy.com/wp-json/wp/v2/categories/554707839.json]
[herbnkathy.com/wp-content/uploads/2021/07/IMG_20210701_141449611.jpg]
[herbnkathy.com/wp-content/uploads/2021/07/IMG_20210702_070211836.jpg]
[herbnkathy.com/2021/07/09/motorhome-dead/index.html]
[herbnkathy.com/wp-content/uploads/2021/07/IMG_20210701_172224760.jpg]
[herbnkathy.com/wp-content/uploads/2021/07/IMG_20210701_172218919.jpg]
[i2.wp.com/herbnkathy.com/wp-content/uploads/2021/07/IMG_20210702_112953458eb45.jpg]
[i0.wp.com/herbnkathy.com/wp-content/uploads/2021/07/IMG_20210702_110411231eb45.jpg]
[i0.wp.com/herbnkathy.com/wp-content/uploads/2021/07/IMG_20210702_110803678eb45.jpg]
[i0.wp.com/herbnkathy.com/wp-content/uploads/2021/07/IMG_20210702_113147700eb45.jpg]
[herbnkathy.com/wp-content/uploads/2021/07/IMG_20210702_094046230.jpg]
[herbnkathy.com/wp-content/uploads/2020/11/MapBajaCalifornia.jpg]
[herbnkathy.com/wp-content/uploads/2020/11/IMG-1210-1024x768.jpg]
[herbnkathy.com/wp-content/uploads/2020/11/IMG_1516.jpg]
[herbnkathy.com/tag/battery/index.html]
[herbnkathy.com/wp-content/uploads/2020/11/IMG_1515.jpg]
[herbnkathy.com/tag/clarke/index.html]
[herbnkathy.com/wp-content/uploads/2020/11/IMG-20201024-WA0023-1024x768.jpg]
[herbnkathy.com/tag/connection/index.html]
[herbnkathy.com/tag/corroded/index.html]
[herbnkathy.com/tag/georgetown/index.html]
[herbnkathy.com/wp-content/uploads/2020/11/IMG-20201024-WA0024-1024x768.3f6.delayed]
[herbnkathy.com/tag/lexington/index.html]
[herbnkathy.com/tag/loose/index.html]
[herbnkathy.com/tag/wire/index.html]
[herbnkathy.com/wp-content/uploads/2020/11/IMG-20201024-WA0025-1024x768.3f7.delayed]
[herbnkathy.com/2020/11/15/sharing-some-news-from-mexico/index.html]
[herbnkathy.com/wp-content/uploads/2020/11/IMG-20201003-WA0010-1024x768.jpg]
[herbnkathy.com/2020/02/28/giving-back-to-our-hosts/index.html]
[herbnkathy.com/wp-content/uploads/2020/11/IMG-20201003-WA0016-1024x768.jpg]
[herbnkathy.com/wp-content/uploads/2020/11/IMG-20201024-WA0026-1024x768.jpg]
[herbnkathy.com/index4891.html]
[herbnkathy.com/wp-content/uploads/2020/11/IMG-20201024-WA0028-1-1024x768.jpg]
[herbnkathy.com/tag/assisted-living/index.html]
[i2.wp.com/herbnkathy.com/wp-content/uploads/2020/05/DCBoothCampfire7ff4.jpg]
[herbnkathy.com/tag/baja-california/index.html]
[herbnkathy.com/tag/la-casa-del-abuelo/index.html]
[herbnkathy.com/tag/mexican-connection/index.html]
[herbnkathy.com/tag/miguel/index.html]
[herbnkathy.com/tag/nursing-home/index.html]
[i1.wp.com/herbnkathy.com/wp-content/uploads/2020/05/Dutchman5thWheel700c.jpg]
[herbnkathy.com/2020/08/15/thinking-about-full-time-rving/index.html]
[i0.wp.com/herbnkathy.com/wp-content/uploads/2020/05/MonacoMotorhome7ff4.jpg]
[i0.wp.com/herbnkathy.com/wp-content/uploads/2020/05/AirstreamCoach7ff4.jpg]
[herbnkathy.com/wp-content/uploads/2020/04/IMG_20200403_140951-685x385.jpg]
[herbnkathy.com/index6e9f.html]
[i0.wp.com/herbnkathy.com/wp-content/uploads/2020/04/IMG_20200310_083132211e.jpg]
[herbnkathy.com/tag/full-time-rv/index.html]
[herbnkathy.com/tag/sticks-n-bricks/index.html]
[herbnkathy.com/2020/04/07/home-safe-in-ohio/index.html]
[i1.wp.com/herbnkathy.com/wp-content/uploads/2020/04/IMG_20200313_110326211e.jpg]
[i2.wp.com/herbnkathy.com/wp-content/uploads/2020/04/IMG_20200313_105013211e.jpg]
[i1.wp.com/herbnkathy.com/wp-content/uploads/2020/04/IMG_20200313_123141211e.jpg]
[i1.wp.com/herbnkathy.com/wp-content/uploads/2020/04/IMG_20200313_145940211e.jpg]
[i2.wp.com/herbnkathy.com/wp-content/uploads/2020/04/IMG_20200405_1031117ff4.jpg]
[i2.wp.com/herbnkathy.com/wp-content/uploads/2020/04/HerbTractor211e.jpg]
[herbnkathy.com/wp-content/uploads/2020/04/3SomeSplitting.jpg]
[herbnkathy.com/wp-content/uploads/2020/04/92141668_1145001609179825_1417818693533958144_n_edited.jpg]
[herbnkathy.com/wp-content/uploads/2020/04/zoom.png]
[herbnkathy.com/wp-content/uploads/2020/03/IMG_20200302_130512-1024x485.jpg]
[herbnkathy.com/wp-content/uploads/2020/03/IMG_20200302_131213-1024x485.jpg]
[herbnkathy.com/wp-content/uploads/2020/03/IMG_20200302_131233-1024x485.jpg]
[herbnkathy.com/wp-content/uploads/2020/03/IMG_20200302_131944-1024x485.jpg]
[herbnkathy.com/tag/bunkhouse/index.html]
[herbnkathy.com/wp-content/uploads/2020/03/IMG_20200302_162336-1024x485.jpg]
[herbnkathy.com/wp-content/uploads/2020/03/IMG_20200302_160755-1024x485.jpg]
[i2.wp.com/herbnkathy.com/wp-content/uploads/2020/02/PlayaMap211e.jpg]
[herbnkathy.com/tag/bushnell/index.html]
[herbnkathy.com/tag/covid-19/index.html]
[herbnkathy.com/tag/firewood/index.html]
[herbnkathy.com/tag/hugs/index.html]
[herbnkathy.com/tag/moonshine-creek/index.html]
[i2.wp.com/herbnkathy.com/wp-content/uploads/2020/03/IMG_20200226_122440-scaled0c9f.jpg]
[herbnkathy.com/tag/quarantine/index.html]
[herbnkathy.com/tag/splitting/index.html]
[herbnkathy.com/tag/virus/index.html]
[i1.wp.com/herbnkathy.com/wp-content/uploads/2020/03/IMG_20200226_124442-scaled0c9f.jpg]
[herbnkathy.com/tag/weeki-wachee/index.html]
[herbnkathy.com/tag/zoom/index.html]
[i0.wp.com/herbnkathy.com/wp-content/uploads/2020/03/IMG_20200226_161845-scaled0c9f.jpg]
[herbnkathy.com/2020/03/02/heading-east-night-1/index.html]
[i1.wp.com/herbnkathy.com/wp-content/uploads/2020/03/IMG_20200228_162419-scaled0c9f.jpg]
[herbnkathy.com/tag/bowlin/index.html]
[herbnkathy.com/tag/deming/index.html]
[herbnkathy.com/tag/eastbound/index.html]
[i2.wp.com/herbnkathy.com/wp-content/uploads/2020/03/IMG_20200229_141809-scaled0c9f.jpg]
[herbnkathy.com/tag/the-thing/index.html]
[herbnkathy.com/2020/03/01/made-it-through-the-gauntlet-kind-of/index.html]
[i1.wp.com/herbnkathy.com/wp-content/uploads/2020/03/IMG_20200229_142544-scaled0c9f.jpg]
[herbnkathy.com/tag/tecate/index.html]
[herbnkathy.com/tag/border/index.html]
[i0.wp.com/herbnkathy.com/wp-content/uploads/2020/02/WelcomeToTheBeachdd21.jpg]
[herbnkathy.com/tag/tire/index.html]
[i1.wp.com/herbnkathy.com/wp-content/uploads/2020/02/IMG_3813-1-scaled211e.jpg]
[i1.wp.com/herbnkathy.com/wp-content/uploads/2020/02/IMG_3819-1-scaled211e.jpg]
[i2.wp.com/herbnkathy.com/wp-content/uploads/2020/02/IMG_3847-1-scaled211e.jpg]
[i2.wp.com/herbnkathy.com/wp-content/uploads/2020/02/IMG_3852-2-scaled211e.jpg]
[i1.wp.com/herbnkathy.com/wp-content/uploads/2020/02/IMG_3853-1-scaled211e.jpg]
[i2.wp.com/herbnkathy.com/wp-content/uploads/2020/02/IMG_3867-1-scaled211e.jpg]
[i0.wp.com/herbnkathy.com/wp-content/uploads/2020/02/IMG_3974-1-scaled211e.jpg]
[i1.wp.com/herbnkathy.com/wp-content/uploads/2020/02/IMG_4394-scaled211e.jpg]
[i2.wp.com/herbnkathy.com/wp-content/uploads/2020/02/IMG_4401-scaled211e.jpg]
[i0.wp.com/herbnkathy.com/wp-content/uploads/2020/02/IMG_4410-scaled211e.jpg]
[i0.wp.com/herbnkathy.com/wp-content/uploads/2020/02/IMG_4407-scaled211e.jpg]
[i0.wp.com/herbnkathy.com/wp-content/uploads/2020/02/IMG_4434-scaled211e.jpg]
[i0.wp.com/herbnkathy.com/wp-content/uploads/2020/02/IMG_4404-scaled211e.jpg]
[i2.wp.com/herbnkathy.com/wp-content/uploads/2020/02/IMG_4405-scaled211e.jpg]
[i1.wp.com/herbnkathy.com/wp-content/uploads/2020/02/IMG_4413-scaled211e.jpg]
[i1.wp.com/herbnkathy.com/wp-content/uploads/2020/02/IMG_4414-scaled211e.jpg]
[i1.wp.com/herbnkathy.com/wp-content/uploads/2020/02/IMG_4422-scaled211e.jpg]
[i1.wp.com/herbnkathy.com/wp-content/uploads/2020/02/IMG_4427-scaled211e.jpg]
[i0.wp.com/herbnkathy.com/wp-content/uploads/2020/02/IMG_4428-scaled211e.jpg]
[i1.wp.com/herbnkathy.com/wp-content/uploads/2020/02/IMG-1210-scaled211e.jpg]
[i1.wp.com/herbnkathy.com/wp-content/uploads/2020/02/IMG_4432-scaled211e.jpg]
[i0.wp.com/herbnkathy.com/wp-content/uploads/2020/02/IMG_4433-scaled211e.jpg]
[i0.wp.com/herbnkathy.com/wp-content/uploads/2020/02/IMG_4430-scaled211e.jpg]
[i2.wp.com/herbnkathy.com/wp-content/uploads/2020/02/IMG_4460-scaled211e.jpg]
[i1.wp.com/herbnkathy.com/wp-content/uploads/2020/02/IMG_4461-scaled211e.jpg]
[i1.wp.com/herbnkathy.com/wp-content/uploads/2020/02/IMG_4518-scaled7806.jpg]
[i2.wp.com/herbnkathy.com/wp-content/uploads/2020/02/IMG_4520-scaled211e.jpg]
[i2.wp.com/herbnkathy.com/wp-content/uploads/2020/02/IMG_4521-scaled211e.jpg]
[i0.wp.com/herbnkathy.com/wp-content/uploads/2020/02/IMG_4524-scaled211e.jpg]
[i2.wp.com/herbnkathy.com/wp-content/uploads/2020/02/IMG_4529-scaled211e.jpg]
[herbnkathy.com/category/escapees/index.html]
[herbnkathy.com/tag/baja/index.html]
[herbnkathy.com/tag/charity/index.html]
[herbnkathy.com/tag/giving-back/index.html]
[herbnkathy.com/tag/helping/index.html]
[herbnkathy.com/category/escapees/page/2/index.html]
[herbnkathy.com/category/morrow-county/feed/index.html]
[herbnkathy.com/wp-json/wp/v2/categories/6185234.json]
[herbnkathy.com/wp-content/uploads/2019/12/HK-CoachPix-685x385.jpg]
[herbnkathy.com/wp-content/uploads/2021/03/IMG_20200324_165413.jpg]
[herbnkathy.com/wp-content/uploads/2021/03/IMG_20200506_103458.jpg]
[herbnkathy.com/wp-content/uploads/2021/04/IMG_20200616_193640.jpg]
[herbnkathy.com/2021/04/01/time-to-move-on/index.html]
[herbnkathy.com/wp-content/uploads/2021/03/IMG_20210113_093159.jpg]
[herbnkathy.com/wp-content/uploads/2021/04/Travel-West-Map.jpg]
[herbnkathy.com/wp-content/uploads/2020/11/IMG_20200910_114723-685x324.jpg]
[herbnkathy.com/wp-content/uploads/2020/11/IMG_20200302_162336-1024x485.jpg]
[herbnkathy.com/wp-content/uploads/2020/11/IMG_20200303_174820-1024x485.jpg]
[herbnkathy.com/wp-content/uploads/2020/11/IMG_20200304_164203-1024x485.jpg]
[herbnkathy.com/wp-content/uploads/2020/11/IMG_20200310_083132-1024x768.jpg]
[herbnkathy.com/wp-content/uploads/2020/11/IMG_20200324_084501-1024x768.jpg]
[herbnkathy.com/tag/covid/index.html]
[herbnkathy.com/wp-content/uploads/2020/11/IMG_20200506_103628-1024x485.jpg]
[herbnkathy.com/tag/oregon/index.html]
[herbnkathy.com/wp-content/uploads/2020/11/PANO_20200506_112532-1024x280.jpg]
[herbnkathy.com/tag/washington/index.html]
[herbnkathy.com/wp-content/uploads/2020/11/IMG_20200910_114723-1024x485.jpg]
[herbnkathy.com/2020/11/10/off-the-road-during-covid/index.html]
[herbnkathy.com/wp-content/uploads/2020/11/IMG_20200729_163034-1024x768.jpg]
[herbnkathy.com/wp-content/uploads/2020/11/MVIMG_20200614_212837-1024x485.jpg]
[herbnkathy.com/2020/02/18/mexico-day-4-more-zoo-wine/index.html]
[herbnkathy.com/wp-content/uploads/2020/11/IMG_20200914_135414-1024x485.jpg]
[herbnkathy.com/2018/12/11/cactus-in-casa-grande/index.html]
[herbnkathy.com/wp-content/uploads/2020/11/IMG_20200902_185555-1024x768.jpg]
[herbnkathy.com/2020/03/21/our-time-in-florida-and-covid-19/index.html]
[herbnkathy.com/wp-content/uploads/2020/11/IMG_20200901_140943-1024x485.jpg]
[herbnkathy.com/wp-content/uploads/2020/11/IMG_20201011_122332-1024x485.jpg]
[herbnkathy.com/wp-content/uploads/2020/11/IMG_20200313_110326-edited.jpg]
[herbnkathy.com/wp-content/uploads/2020/05/IMG_20200506_103458-685x324.jpg]
[i2.wp.com/herbnkathy.com/wp-content/uploads/2020/05/IMG_20200506_1036500c9f.jpg]
[herbnkathy.com/tag/careful/index.html]
[i2.wp.com/herbnkathy.com/wp-content/uploads/2020/05/IMG_20200506_1107260c9f.jpg]
[herbnkathy.com/tag/morrow-county/index.html]
[herbnkathy.com/tag/safe/index.html]
[herbnkathy.com/tag/sefl-quarantine/index.html]
[i2.wp.com/herbnkathy.com/wp-content/uploads/2020/05/IMG_20200506_1036280c9f.jpg]
[herbnkathy.com/2020/05/09/day-43-of-isolation-for-full-time-rvers/index.html]
[i1.wp.com/herbnkathy.com/wp-content/uploads/2020/05/PANO_20200506_112532c82d.jpg]
[i0.wp.com/herbnkathy.com/wp-content/uploads/2020/05/IMG_20200506_1123470c9f.jpg]
[i0.wp.com/herbnkathy.com/wp-content/uploads/2020/05/IMG_20200403_1408527ff4.jpg]
[herbnkathy.com/wp-content/uploads/2020/05/SaraDriving2.jpg]
[i2.wp.com/herbnkathy.com/wp-content/uploads/2020/05/IMG_20200412_1114257ff4.jpg]
[i0.wp.com/herbnkathy.com/wp-content/uploads/2020/05/IMG_20200403_154707211e.jpg]
[i1.wp.com/herbnkathy.com/wp-content/uploads/2020/05/IMG_20200422_155054211e.jpg]
[i0.wp.com/herbnkathy.com/wp-content/uploads/2020/05/IMG_20200409_154103ef23.jpg]
[i2.wp.com/herbnkathy.com/wp-content/uploads/2020/05/IMG_20200506_1753420c9f.jpg]
[herbnkathy.com/category/morrow-county/index.html]
[herbnkathy.com/tag/corona/index.html]
[herbnkathy.com/tag/covid-19-2/index.html]
[herbnkathy.com/tag/kitchen/index.html]
[herbnkathy.com/tag/mask/index.html]
[herbnkathy.com/tag/stay-home/index.html]
[herbnkathy.com/wp-json/wp/v2/categories/554708026.json]
[herbnkathy.com/2016/09/01/wonderful-life-in-morrow-county/index.html]
[herbnkathy.com/tag/camp-host/index.html]
[herbnkathy.com/wp-content/uploads/2021/10/IMG_20211002_072736042.jpg]
[herbnkathy.com/wp-content/uploads/2021/10/IMG_20211003_092248732.jpg]
[herbnkathy.com/tag/hiawatha/index.html]
[herbnkathy.com/wp-content/uploads/2021/10/IMG_20211002_152914873.jpg]
[herbnkathy.com/wp-content/uploads/2021/10/IMG_20211002_072916627.jpg]
[herbnkathy.com/wp-content/uploads/2021/10/IMG_20211002_072752447.jpg]
[herbnkathy.com/wp-content/uploads/2021/10/IMG_20211001_184603908.jpg]
[herbnkathy.com/wp-content/uploads/2021/10/IMG_20211001_171722874.jpg]
[herbnkathy.com/2011/09/18/they-need-to-turn-in-their-driver-license/index.html]
[herbnkathy.com/wp-content/uploads/2021/10/20211002122807.jpg]
[herbnkathy.com/wp-content/uploads/2021/10/IMG_20211002_100828155-1.jpg]
[herbnkathy.com/wp-content/uploads/2021/10/20211002110118.jpg]
[herbnkathy.com/wp-content/uploads/2021/10/20211002110111.jpg]
[herbnkathy.com/category/touring/feed/index.html]
[herbnkathy.com/wp-content/uploads/2021/10/20211002105749.jpg]
[herbnkathy.com/wp-content/uploads/2021/10/20211002105759.jpg]
[herbnkathy.com/wp-content/uploads/2021/10/20211002105823.jpg]
[herbnkathy.com/wp-content/uploads/2021/10/20211002103347.jpg]
[herbnkathy.com/2021/10/04/campground-review-historic-fort-robinson-state-park-crawford-nebraska/index.html]
[herbnkathy.com/wp-content/uploads/2021/10/IMG_20211003_122628105.jpg]
[herbnkathy.com/wp-content/uploads/2021/10/IMG_20211003_122717964-1.jpg]
[herbnkathy.com/wp-content/uploads/2021/10/IMG_20211003_122608747.jpg]
[herbnkathy.com/wp-content/uploads/2021/10/20211002151039.jpg]
[herbnkathy.com/wp-content/uploads/2021/10/20211002151217.jpg]
[herbnkathy.com/wp-content/uploads/2021/10/20211002151347.jpg]
[herbnkathy.com/wp-content/uploads/2021/10/20211002151515.jpg]
[herbnkathy.com/wp-content/uploads/2021/10/20211002153053.jpg]
[herbnkathy.com/wp-content/uploads/2021/10/img_20210924_1437121991768404913197957660.jpg]
[herbnkathy.com/wp-content/uploads/2021/10/img_20210924_1319519318343899518328568839.jpg]
[herbnkathy.com/wp-content/uploads/2021/10/img_20210924_1307408593651106441038640710.jpg]
[herbnkathy.com/wp-content/uploads/2021/10/img_20210924_1212149954159737002640580195.jpg]
[herbnkathy.com/wp-content/uploads/2021/10/img_20210920_1140300053824157434694571676.jpg]
[herbnkathy.com/tag/army/index.html]
[herbnkathy.com/wp-content/uploads/2021/10/img_20210920_1131463658598387591393730582.jpg]
[herbnkathy.com/wp-content/uploads/2021/10/img_20210920_114321198311662933688856657.jpg]
[herbnkathy.com/wp-content/uploads/2021/10/img_20210920_1120183894113380017081872055.jpg]
[herbnkathy.com/wp-content/uploads/2021/10/IMG_20210924_143036274.jpg]
[herbnkathy.com/wp-content/uploads/2021/10/IMG_20210924_140831358.jpg]
[herbnkathy.com/tag/fall/index.html]
[herbnkathy.com/wp-content/uploads/2021/10/IMG_20210924_140337494.jpg]
[herbnkathy.com/wp-content/uploads/2021/10/IMG_20210924_135858748.jpg]
[herbnkathy.com/wp-content/uploads/2021/10/IMG_20210924_135418781.jpg]
[herbnkathy.com/wp-content/uploads/2021/10/IMG_20210924_132705254.jpg]
[herbnkathy.com/tag/fishing/index.html]
[herbnkathy.com/wp-content/uploads/2021/10/IMG_20210924_132759859.jpg]
[herbnkathy.com/wp-content/uploads/2021/10/IMG_20210924_133338379.jpg]
[herbnkathy.com/wp-content/uploads/2021/10/IMG_20210924_135333555.jpg]
[herbnkathy.com/wp-content/uploads/2021/10/IMG_20210924_131951931.jpg]
[herbnkathy.com/wp-content/uploads/2021/10/img_20210930_1151430224477699985593596022.jpg]
[herbnkathy.com/tag/fort-robinson/index.html]
[herbnkathy.com/wp-content/uploads/2021/10/img_20210930_1151470371951916393780017882.jpg]
[herbnkathy.com/wp-content/uploads/2021/10/img_20210928_1112402221513760530200560367.jpg]
[herbnkathy.com/wp-content/uploads/2021/10/img_20210926_1306126237358977404497048646.jpg]
[herbnkathy.com/wp-content/uploads/2021/10/img_20210924_1507362448445732437578106155.jpg]
[herbnkathy.com/tag/historic/index.html]
[herbnkathy.com/wp-content/uploads/2021/10/img_20210924_1143218678869102836924433649.jpg]
[herbnkathy.com/wp-content/uploads/2021/10/img_20210924_1143179313964443912750772448.jpg]
[herbnkathy.com/wp-content/uploads/2021/10/img_20210922_1327429558183490266602777494.jpg]
[herbnkathy.com/wp-content/uploads/2021/10/img_20210924_1134206152869438964013415125.jpg]
[herbnkathy.com/wp-content/uploads/2021/10/img_20210922_1210259979035480396117012301.jpg]
[herbnkathy.com/tag/history/index.html]
[herbnkathy.com/wp-content/uploads/2021/10/img_20210920_1041299755498329409668517661.jpg]
[herbnkathy.com/wp-content/uploads/2021/09/IMG_20210926_163158727.jpg]
[herbnkathy.com/wp-content/uploads/2021/09/IMG_20210921_091137412_HDR.jpg]
[herbnkathy.com/wp-content/uploads/2021/09/IMG_20210920_120543262.jpg]
[herbnkathy.com/tag/indians/index.html]
[herbnkathy.com/wp-content/uploads/2021/09/IMG_20210921_091045772.jpg]
[herbnkathy.com/wp-content/uploads/2021/09/IMG_20210918_141012921.jpg]
[herbnkathy.com/wp-content/uploads/2021/09/IMG_20210918_140043302.jpg]
[herbnkathy.com/wp-content/uploads/2021/09/IMG_20210915_092840414.jpg]
[herbnkathy.com/wp-content/uploads/2021/09/IMG_20210915_070123386.jpg]
[herbnkathy.com/tag/native-americans/index.html]
[herbnkathy.com/wp-content/uploads/2021/09/IMG_20210915_091456393.jpg]
[herbnkathy.com/tag/nebraska/index.html]
[herbnkathy.com/tag/outbreak/index.html]
[herbnkathy.com/2021/10/02/tourist-review-hot-springs-sd/index.html]
[herbnkathy.com/tag/white-river/index.html]
[herbnkathy.com/2021/10/01/angostura-lake-recreation-area-sd/index.html]
[herbnkathy.com/wp-content/uploads/2021/09/IMG_20210914_182506118.499.delayed]
[herbnkathy.com/tag/breakfast/index.html]
[herbnkathy.com/tag/chicago-street-cafe/index.html]
[herbnkathy.com/tag/city/index.html]
[herbnkathy.com/wp-content/uploads/2021/10/IMG_20211001_121511380_HDR.jpg]
[herbnkathy.com/tag/county/index.html]
[herbnkathy.com/tag/evans/index.html]
[herbnkathy.com/tag/evans-plunge/index.html]
[herbnkathy.com/tag/fall-river/index.html]
[herbnkathy.com/wp-content/uploads/2021/09/IMG_20210929_085954635.jpg]
[herbnkathy.com/category/touring/index.html]
[herbnkathy.com/tag/upper-crust/index.html]
[herbnkathy.com/tag/pioneer-museum/index.html]
[herbnkathy.com/tag/lunch/index.html]
[herbnkathy.com/tag/hot-springs/index.html]
[herbnkathy.com/tag/williejax/index.html]
[herbnkathy.com/tag/angostura/index.html]
[herbnkathy.com/tag/allstays/index.html]
[herbnkathy.com/tag/buffalo/index.html]
[herbnkathy.com/tag/buffalo-roundup/index.html]
[herbnkathy.com/tag/cardington/index.html]
[herbnkathy.com/tag/mount-gilead/index.html]
[herbnkathy.com/tag/neighbors/index.html]
[herbnkathy.com/tag/oliver/index.html]
[herbnkathy.com/tag/roundup/index.html]
[herbnkathy.com/tag/airstream/feed/index.html]
[herbnkathy.com/wp-json/wp/v2/tags/612542.json]
[herbnkathy.com/2019/03/03/finally-the-leak-is-fixed/index.html]
[herbnkathy.com/2017/12/15/airstream-motorhome-exterior-tour/index.html]
[i1.wp.com/herbnkathy.com/wp-content/uploads/2019/02/20190227_1602457ff4.jpg]
[i0.wp.com/herbnkathy.com/wp-content/uploads/2019/02/20170627_1626287ff4.jpg]
[i1.wp.com/herbnkathy.com/wp-content/uploads/2019/02/20190227_1631437ff4.jpg]
[i2.wp.com/herbnkathy.com/wp-content/uploads/2019/03/20171221_1310177ff4.jpg]
[i2.wp.com/herbnkathy.com/wp-content/uploads/2019/02/20190223_1714037ff4.jpg]
[i1.wp.com/herbnkathy.com/wp-content/uploads/2019/03/20190218_1124177ff4.jpg]
[i0.wp.com/herbnkathy.com/wp-content/uploads/2019/03/20190218_1054257ff4.jpg]
[i1.wp.com/herbnkathy.com/wp-content/uploads/2019/03/20190218_1122237ff4.jpg]
[herbnkathy.com/wp-content/uploads/2019/03/Watermark-Big.png]
[herbnkathy.com/wp-content/uploads/2017/10/JacksonCtrMap.jpg]
[herbnkathy.com/wp-content/uploads/2017/10/2017-10-02-14.01.06.jpg]
[herbnkathy.com/tag/gasket/index.html]
[herbnkathy.com/wp-content/uploads/2017/10/2017-10-02-13.58.07.jpg]
[herbnkathy.com/wp-content/uploads/2017/10/2017-10-02-12.42.35.jpg]
[herbnkathy.com/wp-content/uploads/2017/10/2017-10-02-12.42.22.jpg]
[herbnkathy.com/tag/gaskets/index.html]
[herbnkathy.com/wp-content/uploads/2017/10/2017-10-02-12.42.17.jpg]
[herbnkathy.com/wp-content/uploads/2017/10/2017-10-02-14.14.05.jpg]
[herbnkathy.com/wp-content/uploads/2017/10/2017-10-02-15.23.00.jpg]
[herbnkathy.com/wp-content/uploads/2017/10/2017-10-02-15.27.24.jpg]
[herbnkathy.com/tag/ladder/index.html]
[herbnkathy.com/wp-content/uploads/2017/10/2017-10-02-15.29.07.jpg]
[herbnkathy.com/wp-content/uploads/2017/10/2017-10-02-15.56.17.jpg]
[herbnkathy.com/wp-content/uploads/2017/10/2017-10-02-19.22.30.jpg]
[herbnkathy.com/tag/slide/index.html]
[herbnkathy.com/wp-content/uploads/2016/03/2015-12-11-14-17-37.jpg]
[herbnkathy.com/tag/slide-topper/index.html]
[herbnkathy.com/wp-content/uploads/2016/03/2015-12-11-14-19-11-150x150.jpg]
[herbnkathy.com/wp-content/uploads/2016/03/dsc_0003-150x150.jpg]
[herbnkathy.com/tag/water-damage/index.html]
[herbnkathy.com/wp-content/uploads/2016/03/dsc_0007-150x150.jpg]
[herbnkathy.com/tag/water-infiltration/index.html]
[herbnkathy.com/wp-content/uploads/2016/03/dsc_0009-150x150.jpg]
[herbnkathy.com/wp-content/uploads/2016/03/dsc_0010-150x150.jpg]
[herbnkathy.com/wp-content/uploads/2016/03/dsc_0011-150x150.jpg]
[herbnkathy.com/tag/wet-carpet/index.html]
[herbnkathy.com/wp-content/uploads/2016/03/dsc_0012-150x150.jpg]
[herbnkathy.com/tag/wet-floor/index.html]
[herbnkathy.com/wp-content/uploads/2016/03/dsc_0013-150x150.jpg]
[herbnkathy.com/wp-content/uploads/2016/03/dsc_0015-150x150.jpg]
[herbnkathy.com/tag/5th-wheel-trailer/index.html]
[herbnkathy.com/wp-content/uploads/2016/03/dsc_0016-150x150.jpg]
[herbnkathy.com/tag/airstream/index.html]
[herbnkathy.com/tag/exterior-tour/index.html]
[herbnkathy.com/wp-json/wp/v2/tags/162879.json]
[herbnkathy.com/tag/tour/index.html]
[herbnkathy.com/2017/10/06/airstream-factory-tour/index.html]
[herbnkathy.com/wp-content/uploads/2018/11/20181117_112146.4c0.delayed]
[herbnkathy.com/tag/jackson-center/index.html]
[herbnkathy.com/2016/03/16/our-home-on-the-road/dsc_0003/index.html]
[herbnkathy.com/2016/03/16/our-home-on-the-road/2015-12-11-14-19-11/index.html]
[herbnkathy.com/wp-content/uploads/2018/11/20181117_112146-300x225.jpg]
[herbnkathy.com/2016/03/16/our-home-on-the-road/dsc_0007/index.html]
[herbnkathy.com/wp-content/uploads/2018/11/20181116_132950.jpg]
[herbnkathy.com/2016/03/16/our-home-on-the-road/dsc_0009/index.html]
[herbnkathy.com/2016/03/16/our-home-on-the-road/dsc_0010/index.html]
[herbnkathy.com/wp-content/uploads/2018/11/20181116_133001.jpg]
[herbnkathy.com/2016/03/16/our-home-on-the-road/dsc_0011/index.html]
[herbnkathy.com/wp-content/uploads/2018/11/20181117_105825230a.mp4]
[herbnkathy.com/2016/03/16/our-home-on-the-road/dsc_0013/index.html]
[herbnkathy.com/wp-content/uploads/2018/11/20181117_105825.mp4]
[herbnkathy.com/wp-content/uploads/2018/11/20181117_101235.jpg]
[herbnkathy.com/wp-content/uploads/2018/11/20181117_101306.jpg]
[herbnkathy.com/wp-content/uploads/2018/11/20181117_101314.jpg]
[herbnkathy.com/wp-content/uploads/2018/11/20181117_101435.jpg]
[herbnkathy.com/wp-content/uploads/2018/11/20181117_101545.jpg]
[herbnkathy.com/2016/03/16/our-home-on-the-road/dsc_0012/index.html]
[herbnkathy.com/2016/03/16/our-home-on-the-road/dsc_0016/index.html]
[herbnkathy.com/wp-content/uploads/2018/11/20181117_101905.jpg]
[herbnkathy.com/2016/03/16/our-home-on-the-road/dsc_0015/index.html]
[herbnkathy.com/tag/casa-grande/feed/index.html]
[herbnkathy.com/tag/land-yacht/index.html]
[herbnkathy.com/wp-content/uploads/2018/11/20181117_101910.jpg]
[herbnkathy.com/wp-content/uploads/2018/11/20181117_102041.jpg]
[herbnkathy.com/wp-content/uploads/2018/11/20181117_105308.jpg]
[herbnkathy.com/wp-content/uploads/2018/11/20181117_111534.jpg]
[herbnkathy.com/wp-content/uploads/2018/11/20181117_111748.jpg]
[herbnkathy.com/wp-content/uploads/2018/11/20181117_111758.jpg]
[herbnkathy.com/wp-content/uploads/2018/11/20181117_111856.jpg]
[herbnkathy.com/wp-content/uploads/2018/11/20181117_111856-e1543356975877.jpg]
[herbnkathy.com/wp-content/uploads/2018/11/20181117_114015.jpg]
[herbnkathy.com/wp-content/uploads/2018/11/20181117_114015-e1542680671371.jpg]
[herbnkathy.com/wp-content/uploads/2018/11/Ruins-Map.png]
[herbnkathy.com/tag/avocado/index.html]
[herbnkathy.com/wp-content/uploads/2018/11/Ruins-Map-272x300.png]
[herbnkathy.com/wp-content/uploads/2018/11/Compound-A-Drawing-1.jpg]
[herbnkathy.com/wp-content/uploads/2018/11/20181117_121218.jpg]
[herbnkathy.com/wp-content/uploads/2018/11/20181117_121218-e1542681279411.jpg]
[herbnkathy.com/tag/desert/index.html]
[herbnkathy.com/wp-content/uploads/2018/11/20181117_120928.jpg]
[herbnkathy.com/wp-content/uploads/2018/11/20181117_121048.jpg]
[herbnkathy.com/wp-content/uploads/2018/11/20181117_121048-300x225.jpg]
[herbnkathy.com/tag/flowers/index.html]
[herbnkathy.com/wp-content/uploads/2018/11/20181117_121116.jpg]
[herbnkathy.com/tag/greenhouse/index.html]
[herbnkathy.com/wp-content/uploads/2018/11/20181117_121116-300x225.jpg]
[herbnkathy.com/wp-content/uploads/2018/11/20181117_121626.jpg]
[herbnkathy.com/tag/nursery/index.html]
[herbnkathy.com/wp-content/uploads/2016/04/2016-04-14-17-10-17.jpg]
[herbnkathy.com/wp-content/uploads/2016/04/2016-04-14-17-10-17-150x150.jpg]
[herbnkathy.com/wp-content/uploads/2016/04/2016-04-14-08-25-09.jpg]
[herbnkathy.com/wp-content/uploads/2016/04/2016-04-14-08-25-09-150x150.jpg]
[herbnkathy.com/tag/planting/index.html]
[herbnkathy.com/wp-content/uploads/2016/04/2016-04-13-19-11-51.jpg]
[herbnkathy.com/wp-content/uploads/2016/04/2016-04-13-19-11-51-150x150.jpg]
[herbnkathy.com/wp-content/uploads/2016/04/2016-04-13-14-57-11.jpg]
[herbnkathy.com/wp-content/uploads/2016/04/2016-04-13-14-57-11-150x150.jpg]
[herbnkathy.com/tag/plants/index.html]
[herbnkathy.com/wp-content/uploads/2016/04/2016-04-12-17-13-25.jpg]
[herbnkathy.com/tag/casa-grande/index.html]
[herbnkathy.com/tag/herbsells/index.html]
[herbnkathy.com/wp-json/wp/v2/tags/554707660.json]
[herbnkathy.com/2018/11/21/casa-grande-ruins-national-monument/index.html]
[herbnkathy.com/tag/canal/index.html]
[herbnkathy.com/2016/09/28/is-it-really-a-castle/index.html]
[herbnkathy.com/tag/castle/index.html]
[herbnkathy.com/tag/lifestyle/index.html]
[herbnkathy.com/wp-json/wp/v2/tags/554708210.json]
[herbnkathy.com/tag/irrigation/index.html]
[herbnkathy.com/tag/crops/index.html]
[herbnkathy.com/tag/farming/index.html]
[herbnkathy.com/tag/ruins/index.html]
[herbnkathy.com/tag/motorhome/index.html]
[herbnkathy.com/wp-json/wp/v2/tags/554707494.json]
[herbnkathy.com/tag/sonoran/index.html]
[herbnkathy.com/tag/dream-catcher/index.html]
[herbnkathy.com/2016/04/14/deming-nm-to-casa-grande-az/index.html]
[herbnkathy.com/tag/herbsells/feed/index.html]
[herbnkathy.com/tag/mission/index.html]
[herbnkathy.com/wp-json/wp/v2/tags/554707556.json]
[herbnkathy.com/tag/herbsells/page/2/index.html]
[herbnkathy.com/wp-content/uploads/2018/06/VOA-Image.png]
[herbnkathy.com/tag/motorhome/feed/index.html]
[herbnkathy.com/tag/lifestyle/feed/index.html]
[herbnkathy.com/wp-content/uploads/2018/06/20180518_200220.jpg]
[herbnkathy.com/tag/motorhome/page/2/index.html]
[herbnkathy.com/wp-content/uploads/2018/06/20180518_184035.jpg]
[herbnkathy.com/wp-content/uploads/2018/06/20180518_190636.jpg]
[herbnkathy.com/wp-content/uploads/2018/06/20180518_191327.jpg]
[herbnkathy.com/tag/ohio/feed/index.html]
[herbnkathy.com/wp-content/uploads/2018/06/20180518_191703.jpg]
[herbnkathy.com/wp-content/uploads/2018/06/20180518_192207.jpg]
[herbnkathy.com/wp-content/uploads/2018/06/20180518_192516.jpg]
[herbnkathy.com/wp-content/uploads/2018/06/20180518_185210.jpg]
[herbnkathy.com/wp-content/uploads/2018/06/20180518_190007.jpg]
[herbnkathy.com/2018/06/09/our-visit-to-the-voice-of-america/index.html]
[herbnkathy.com/wp-content/uploads/2018/06/20180518_190015.jpg]
[herbnkathy.com/wp-content/uploads/2018/06/20180518_190803.jpg]
[herbnkathy.com/wp-content/uploads/2018/06/20180518_191656.jpg]
[herbnkathy.com/wp-content/uploads/2018/06/20180518_191934.jpg]
[herbnkathy.com/wp-content/uploads/2018/06/20180518_192049.jpg]
[herbnkathy.com/wp-content/uploads/2018/06/20180518_192624.jpg]
[herbnkathy.com/wp-content/uploads/2018/06/20180518_193351.jpg]
[herbnkathy.com/wp-content/uploads/2018/06/20180518_200054.jpg]
[herbnkathy.com/wp-content/uploads/2018/06/2018-05-17-17.55.03.jpg]
[herbnkathy.com/wp-content/uploads/2018/06/20180518_171540-1.jpg]
[herbnkathy.com/wp-content/uploads/2018/06/20180518_171533.jpg]
[herbnkathy.com/wp-content/uploads/2018/03/20180302_075347.jpg]
[herbnkathy.com/wp-content/uploads/2018/03/20180302_075347-300x169.jpg]
[herbnkathy.com/tag/bethany/index.html]
[herbnkathy.com/wp-content/uploads/2018/04/2016-09-10_08.13.561.jpg]
[herbnkathy.com/tag/broadcast/index.html]
[herbnkathy.com/wp-content/uploads/2018/04/2016-09-10_08.13.561-1024x768.jpg]
[herbnkathy.com/wp-content/uploads/2018/04/2016-09-10_07.31.451-1.jpg]
[herbnkathy.com/tag/cincinnati/index.html]
[herbnkathy.com/tag/crosley/index.html]
[herbnkathy.com/wp-content/uploads/2018/04/2016-09-10_07.31.451-1-1024x576.jpg]
[herbnkathy.com/wp-content/uploads/2018/04/2016-09-09_18.32.401.jpg]
[herbnkathy.com/tag/dayton/index.html]
[herbnkathy.com/wp-content/uploads/2018/04/2016-09-09_18.32.401-1024x576.jpg]
[herbnkathy.com/tag/germany/index.html]
[herbnkathy.com/wp-content/uploads/2018/04/20180301_152912.jpg]
[herbnkathy.com/wp-content/uploads/2018/04/20180301_152912-1024x576.jpg]
[herbnkathy.com/wp-content/uploads/2018/04/20180301_152939.jpg]
[herbnkathy.com/tag/hamvention/index.html]
[herbnkathy.com/wp-content/uploads/2018/04/20180301_152939-1024x576.jpg]
[herbnkathy.com/tag/hitler/index.html]
[herbnkathy.com/wp-content/uploads/2018/04/20180301_152959.jpg]
[herbnkathy.com/wp-content/uploads/2018/04/20180301_152959-1024x576.jpg]
[herbnkathy.com/wp-content/uploads/2018/04/20180301_153023.jpg]
[herbnkathy.com/tag/russia/index.html]
[herbnkathy.com/wp-content/uploads/2018/04/20180301_153023-1024x576.jpg]
[herbnkathy.com/wp-content/uploads/2018/04/20180301_153048.jpg]
[herbnkathy.com/tag/voa/index.html]
[herbnkathy.com/wp-content/uploads/2018/04/20180301_153048-1024x576.jpg]
[herbnkathy.com/tag/watts/index.html]
[herbnkathy.com/wp-content/uploads/2018/04/20180301_153305.jpg]
[herbnkathy.com/wp-content/uploads/2018/04/20180301_153305-1024x576.jpg]
[herbnkathy.com/wp-content/uploads/2018/04/20180301_153332.jpg]
[herbnkathy.com/tag/wlw/index.html]
[herbnkathy.com/wp-content/uploads/2018/04/20180301_153332-1024x576.jpg]
[herbnkathy.com/wp-content/uploads/2018/04/20180301_153449.jpg]
[herbnkathy.com/tag/world-war-ii/index.html]
[herbnkathy.com/wp-content/uploads/2018/04/20180301_153449-1024x576.jpg]
[herbnkathy.com/wp-content/uploads/2018/04/20180301_154219.jpg]
[herbnkathy.com/wp-content/uploads/2018/04/20180301_154219-1024x576.jpg]
[herbnkathy.com/wp-content/uploads/2018/04/20180301_160704.jpg]
[herbnkathy.com/2018/04/14/driveway-surfing-is-a-blast/index.html]
[herbnkathy.com/wp-content/uploads/2018/04/20180301_160704-1024x576.jpg]
[herbnkathy.com/wp-content/uploads/2018/04/20180301_162223.jpg]
[herbnkathy.com/wp-content/uploads/2018/04/20180301_162223-1024x576.jpg]
[herbnkathy.com/wp-content/uploads/2018/04/20180301_162301.jpg]
[herbnkathy.com/wp-content/uploads/2018/04/20180301_162301-1024x576.jpg]
[herbnkathy.com/wp-content/uploads/2018/04/20180302_073501.jpg]
[herbnkathy.com/wp-content/uploads/2018/04/20180302_073501-1024x576.jpg]
[herbnkathy.com/wp-content/uploads/2018/04/20180302_074336.jpg]
[herbnkathy.com/wp-content/uploads/2018/04/20180302_074336-1024x576.jpg]
[herbnkathy.com/wp-content/uploads/2018/04/20180302_074747.jpg]
[herbnkathy.com/wp-content/uploads/2018/04/20180302_074747-1024x576.jpg]
[herbnkathy.com/wp-content/uploads/2018/04/CoyoteAngelPortrait.jpg]
[herbnkathy.com/wp-content/uploads/2018/04/2018-03-31-15.47.12.jpg]
[herbnkathy.com/wp-content/uploads/2018/04/2018-03-31-15.47.12-1024x576.jpg]
[herbnkathy.com/wp-content/uploads/2018/04/2018-03-31-16.10.21.jpg]
[herbnkathy.com/wp-content/uploads/2018/04/2018-03-31-16.10.21-1024x576.jpg]
[herbnkathy.com/wp-content/uploads/2018/04/2018-03-31-16.10.38.jpg]
[herbnkathy.com/wp-content/uploads/2018/04/2018-03-31-16.10.38-1024x576.jpg]
[herbnkathy.com/wp-content/uploads/2018/04/2018-03-31-16.11.14.jpg]
[herbnkathy.com/wp-content/uploads/2018/04/2018-03-31-16.11.14-1024x576.jpg]
[herbnkathy.com/wp-content/uploads/2018/04/2018-03-31-16.11.50.jpg]
[herbnkathy.com/wp-content/uploads/2018/04/2018-03-31-16.11.50-1024x576.jpg]
[herbnkathy.com/wp-content/uploads/2018/04/2018-03-31-16.19.32.jpg]
[herbnkathy.com/wp-content/uploads/2018/04/2018-03-31-16.19.32-1024x576.jpg]
[herbnkathy.com/wp-content/uploads/2018/04/2018-03-31-17.56.18.jpg]
[herbnkathy.com/wp-content/uploads/2018/04/2018-03-31-17.56.18-1024x576.jpg]
[herbnkathy.com/wp-content/uploads/2018/04/2018-03-31-17.57.53.jpg]
[herbnkathy.com/wp-content/uploads/2018/04/2018-03-31-17.57.53-1024x576.jpg]
[herbnkathy.com/wp-content/uploads/2018/04/2018-03-31-18.04.54.jpg]
[herbnkathy.com/wp-content/uploads/2018/04/2018-03-31-18.04.54-1024x576.jpg]
[herbnkathy.com/wp-content/uploads/2018/04/2018-03-31-18.04.59.jpg]
[herbnkathy.com/wp-content/uploads/2018/04/2018-03-31-18.04.59-1024x576.jpg]
[herbnkathy.com/wp-content/uploads/2018/04/2018-03-31-18.12.56.jpg]
[herbnkathy.com/wp-content/uploads/2018/04/2018-03-31-18.12.56-1024x576.jpg]
[herbnkathy.com/wp-content/uploads/2018/04/2018-04-01-09.19.32.jpg]
[herbnkathy.com/wp-content/uploads/2018/04/2018-04-01-09.19.32-1024x576.jpg]
[herbnkathy.com/wp-content/uploads/2018/04/2018-04-01-09.20.10.jpg]
[herbnkathy.com/wp-content/uploads/2018/04/2018-04-01-09.20.10-1024x576.jpg]
[herbnkathy.com/wp-content/uploads/2018/04/2018-04-01-09.26.19.jpg]
[herbnkathy.com/wp-content/uploads/2018/04/2018-04-01-09.26.19-1024x576.jpg]
[herbnkathy.com/wp-content/uploads/2018/04/2018-04-01-09.26.56.jpg]
[herbnkathy.com/wp-content/uploads/2018/04/2018-04-01-09.26.56-1024x576.jpg]
[herbnkathy.com/wp-content/uploads/2018/04/2018-04-01-09.27.20.jpg]
[herbnkathy.com/wp-content/uploads/2018/04/2018-04-01-09.27.20-1024x576.jpg]
[herbnkathy.com/wp-content/uploads/2018/04/2018-04-01-09.27.28.jpg]
[herbnkathy.com/wp-content/uploads/2018/04/2018-04-01-09.27.28-1024x576.jpg]
[herbnkathy.com/wp-content/uploads/2018/04/2018-04-01-09.28.13.jpg]
[herbnkathy.com/wp-content/uploads/2018/04/2018-04-01-09.28.13-1024x576.jpg]
[herbnkathy.com/wp-content/uploads/2018/04/2018-03-31-17.59.04230a.mp4]
[herbnkathy.com/wp-content/uploads/2018/04/2018-03-31-17.59.04.mp4]
[herbnkathy.com/wp-content/uploads/2018/04/2018-04-07-09.39.31.jpg]
[herbnkathy.com/wp-content/uploads/2018/04/2018-04-07-09.39.31-300x169.jpg]
[herbnkathy.com/wp-content/uploads/2018/04/2018-04-08-09.31.12.jpg]
[herbnkathy.com/wp-content/uploads/2018/04/2018-04-08-09.31.12-300x169.jpg]
[herbnkathy.com/wp-content/uploads/2018/04/2018-04-08-09.31.22.jpg]
[herbnkathy.com/wp-content/uploads/2018/04/2018-04-08-09.31.22-300x169.jpg]
[herbnkathy.com/wp-content/uploads/2018/04/2018-04-08-10.46.32.jpg]
[herbnkathy.com/wp-content/uploads/2018/04/2018-04-08-10.46.32-300x169.jpg]
[herbnkathy.com/wp-content/uploads/2018/04/2018-04-07-11.45.40.jpg]
[herbnkathy.com/wp-content/uploads/2018/04/2018-04-07-11.45.40-300x169.jpg]
[herbnkathy.com/wp-content/uploads/2018/04/2018-04-07-12.09.06.jpg]
[herbnkathy.com/wp-content/uploads/2018/04/2018-04-07-12.09.06-300x169.jpg]
[herbnkathy.com/wp-content/uploads/2018/04/2018-04-07-12.10.00.jpg]
[herbnkathy.com/wp-content/uploads/2018/04/2018-04-07-12.10.00-300x169.jpg]
[herbnkathy.com/wp-content/uploads/2018/04/2018-04-07-12.13.15.jpg]
[herbnkathy.com/wp-content/uploads/2018/04/2018-04-07-12.13.15-300x169.jpg]
[herbnkathy.com/wp-content/uploads/2018/04/2018-04-07-13.31.05.jpg]
[herbnkathy.com/wp-content/uploads/2018/04/2018-04-07-13.31.05-300x169.jpg]
[herbnkathy.com/wp-content/uploads/2018/04/2018-04-07-13.45.30.jpg]
[herbnkathy.com/wp-content/uploads/2018/04/2018-04-07-13.45.30-300x169.jpg]
[herbnkathy.com/wp-content/uploads/2018/04/2018-04-07-14.53.43.jpg]
[herbnkathy.com/wp-content/uploads/2018/04/2018-04-07-14.53.43-300x169.jpg]
[herbnkathy.com/wp-content/uploads/2018/04/2018-04-07-15.27.58.jpg]
[herbnkathy.com/wp-content/uploads/2018/04/2018-04-07-15.27.58-300x169.jpg]
[herbnkathy.com/wp-content/uploads/2018/04/20180305_142857.jpg]
[herbnkathy.com/wp-content/uploads/2018/04/20180305_142857-1024x576.jpg]
[herbnkathy.com/wp-content/uploads/2018/04/20180305_142925.jpg]
[herbnkathy.com/wp-content/uploads/2018/04/20180305_142925-1024x576.jpg]
[herbnkathy.com/wp-content/uploads/2018/04/20180305_142938.jpg]
[herbnkathy.com/wp-content/uploads/2018/04/20180305_142938-1024x576.jpg]
[herbnkathy.com/wp-content/uploads/2018/04/20180305_144558.jpg]
[herbnkathy.com/wp-content/uploads/2018/04/20180305_144558-1024x576.jpg]
[herbnkathy.com/wp-content/uploads/2018/04/20180306_080938.jpg]
[herbnkathy.com/wp-content/uploads/2018/04/20180306_080938-1024x576.jpg]
[herbnkathy.com/wp-content/uploads/2018/04/20180306_082311.jpg]
[herbnkathy.com/wp-content/uploads/2018/04/20180306_082311-1024x576.jpg]
[herbnkathy.com/wp-content/uploads/2018/04/20180306_082343.jpg]
[herbnkathy.com/wp-content/uploads/2018/04/20180306_082343-1024x576.jpg]
[herbnkathy.com/tag/ohio/index.html]
[herbnkathy.com/tag/boondockerswelcome/index.html]
[herbnkathy.com/tag/fmca/index.html]
[herbnkathy.com/tag/free-camping/index.html]
[herbnkathy.com/tag/snowbird/index.html]
[herbnkathy.com/wp-json/wp/v2/tags/554708211.json]
[herbnkathy.com/tag/kansas/index.html]
[herbnkathy.com/tag/overnight/index.html]
[herbnkathy.com/tag/wbcci/index.html]
[herbnkathy.com/tag/snowbird/feed/index.html]
[herbnkathy.com/tag/trailer/feed/index.html]
[herbnkathy.com/wp-content/uploads/2016/03/drawtitecontroller.jpg]
[herbnkathy.com/tag/trailer/index.html]
[herbnkathy.com/wp-json/wp/v2/tags/22885.json]
[herbnkathy.com/tag/5th-wheel/index.html]
[herbnkathy.com/2018/01/07/how-do-we-know-were-not-going-to-freeze-down-below/index.html]
[herbnkathy.com/tag/freezing/index.html]
[herbnkathy.com/wp-json/oembed/1.0/embeddfd8.json]
[herbnkathy.com/tag/light-bulb/index.html]
[herbnkathy.com/tag/termperature/index.html]
[herbnkathy.com/tag/thermo-cube/index.html]
[herbnkathy.com/wp-json/oembed/1.0/embedb1c5]
[herbnkathy.com/tag/water-freezing/index.html]
[herbnkathy.com/tag/thermometer/index.html]
[herbnkathy.com/2023/12/20/getting-in-the-spirit/index.html]
[herbnkathy.com/wp-json/wp/v2/posts/8887.json]
[herbnkathy.com/tag/water-supply/index.html]
[herbnkathy.com/wp-json/wp/v2/categories/586.json]
[herbnkathy.com/2016/03/30/finally-ready/index.html]
[herbnkathy.com/wp-content/uploads/2021/10/IMG_20211004_160134395.jpg]
[herbnkathy.com/tag/drawtite/index.html]
[herbnkathy.com/tag/trailer-lights/index.html]
[herbnkathy.com/wp-content/uploads/2021/10/IMG_20211004_173633499.jpg]
[herbnkathy.com/2023/12/20/getting-in-the-spirit/feed/index.html]
[herbnkathy.com/wp-content/uploads/2021/10/IMG_20211005_152151557.jpg]
[herbnkathy.com/wp-content/uploads/2021/10/IMG_20211005_152608181.jpg]
[herbnkathy.com/wp-content/uploads/2021/10/IMG_20211005_152447593.jpg]
[herbnkathy.com/wp-content/uploads/2021/10/IMG_20211005_161849535_MP.jpg]
[herbnkathy.com/wp-content/uploads/2021/10/IMG_20211005_164728089.jpg]
[herbnkathy.com/wp-content/uploads/2021/10/IMG_20211005_163630921.jpg]
[herbnkathy.com/wp-content/uploads/2021/10/IMG_20211005_163435317.jpg]
[herbnkathy.com/wp-content/uploads/2021/10/IMG_20211005_161657696.jpg]
[herbnkathy.com/wp-content/uploads/2021/10/IMG_20211005_162433433.jpg]
[herbnkathy.com/2023/12/20/getting-in-the-spirit/index04c0.html]
[herbnkathy.com/wp-content/uploads/2021/10/IMG_20211005_162957176.jpg]
[herbnkathy.com/2023/12/20/getting-in-the-spirit/index39eb.html]
[herbnkathy.com/wp-content/uploads/2021/10/IMG_20211005_160625169.jpg]
[herbnkathy.com/category/food/feed/index.html]
[herbnkathy.com/2021/10/08/tourist-review-harvest-host-staypine-bluffs-distilling-pine-bluffs-wy/index.html]
[herbnkathy.com/wp-content/uploads/2021/10/IMG_20211005_160604994.jpg]
[herbnkathy.com/wp-content/uploads/2021/10/IMG_20211005_153556112.jpg]
[herbnkathy.com/wp-content/uploads/2021/10/IMG_20211005_153900931.jpg]
[herbnkathy.com/wp-content/uploads/2021/10/IMG_20211003_155046441.jpg]
[herbnkathy.com/wp-content/uploads/2021/10/IMG_20211003_174116444.jpg]
[herbnkathy.com/wp-content/uploads/2021/10/IMG_20211003_172353223.jpg]
[herbnkathy.com/wp-content/uploads/2021/10/IMG_20211003_174039673.jpg]
[herbnkathy.com/wp-content/uploads/2021/10/IMG_20211003_174111049.jpg]
[herbnkathy.com/tag/alcohol/index.html]
[herbnkathy.com/wp-content/uploads/2021/10/IMG_20211004_103715159-1.jpg]
[herbnkathy.com/tag/barley/index.html]
[herbnkathy.com/wp-content/uploads/2021/10/IMG_20211004_103132648-1.jpg]
[herbnkathy.com/wp-content/uploads/2021/10/IMG_20211004_103112381-1.jpg]
[herbnkathy.com/tag/bloody-mary/index.html]
[herbnkathy.com/wp-content/uploads/2021/10/IMG_20211004_095632338.jpg]
[herbnkathy.com/wp-content/uploads/2021/10/IMG_20211004_095615972.jpg]
[herbnkathy.com/wp-content/uploads/2021/10/IMG_20211004_095428706.jpg]
[herbnkathy.com/wp-content/uploads/2021/10/IMG_20211004_095306820.jpg]
[herbnkathy.com/wp-content/uploads/2021/10/IMG_20211004_084947884.jpg]
[herbnkathy.com/wp-content/uploads/2021/10/IMG_20211004_093301420.jpg]
[herbnkathy.com/tag/drinking/index.html]
[herbnkathy.com/wp-content/uploads/2021/10/IMG_20211004_093255659.jpg]
[herbnkathy.com/wp-content/uploads/2021/10/IMG_20211004_085500991.jpg]
[herbnkathy.com/category/food/index.html]
[herbnkathy.com/tag/grain/index.html]
[herbnkathy.com/tag/liquor/index.html]
[herbnkathy.com/category/shopping/index.html]
[herbnkathy.com/wp-json/wp/v2/categories/554708197.json]
[herbnkathy.com/tag/oat/index.html]
[herbnkathy.com/tag/pine-bluffs/index.html]
[herbnkathy.com/tag/rye/index.html]
[herbnkathy.com/category/sightseeing/index.html]
[herbnkathy.com/tag/vodka/index.html]
[herbnkathy.com/wp-json/wp/v2/categories/19546.json]
[herbnkathy.com/tag/wheat/index.html]
[herbnkathy.com/tag/whiskey/index.html]
[herbnkathy.com/2021/10/05/campground-review-cabelas-sidney-nebraska/index.html]
[herbnkathy.com/tag/cabelas-2/index.html]
[herbnkathy.com/tag/clothing/index.html]
[herbnkathy.com/wp-json/wp/v2/tags/554708204.json]
[herbnkathy.com/tag/full-hook-up/index.html]
[herbnkathy.com/tag/overnight-parking/index.html]
[herbnkathy.com/tag/rv-parking/index.html]
[herbnkathy.com/tag/sidney/index.html]
[herbnkathy.com/tag/truck/index.html]
[herbnkathy.com/tag/country-fair/index.html]
[herbnkathy.com/category/shopping/feed/index.html]
[herbnkathy.com/category/sightseeing/feed/index.html]
[herbnkathy.com/wp-json/wp/v2/tags/554708199.json]
[herbnkathy.com/category/food/page/2/index.html]
[herbnkathy.com/tag/truck-parking/index.html]
[herbnkathy.com/category/sightseeing/page/2/index.html]
[herbnkathy.com/tag/donation/index.html]
[herbnkathy.com/tag/clothing/feed/index.html]
[herbnkathy.com/tag/country-fair/feed/index.html]
[herbnkathy.com/wp-json/wp/v2/tags/554708202.json]
[herbnkathy.com/tag/donation/feed/index.html]
[herbnkathy.com/tag/drop-leaf/index.html]
[herbnkathy.com/wp-json/wp/v2/tags/554708207.json]
[herbnkathy.com/tag/drop-leaf/feed/index.html]
[herbnkathy.com/tag/drop-leaf-table/index.html]
[herbnkathy.com/wp-json/wp/v2/tags/554708205.json]
[herbnkathy.com/tag/drop-leaf-table/feed/index.html]
[herbnkathy.com/wp-json/wp/v2/tags/127613.json]
[herbnkathy.com/tag/escapees/feed/index.html]
[herbnkathy.com/wp-content/uploads/2019/02/RoadTripMap-1.jpg]
[herbnkathy.com/2019/02/06/road-trip-over-parker-dam/index.html]
[i1.wp.com/herbnkathy.com/wp-content/uploads/2019/02/20190121_1031217073.jpg]
[herbnkathy.com/wp-content/uploads/2019/02/20190121113928.mp4]
[i1.wp.com/herbnkathy.com/wp-content/uploads/2019/02/20190121_1035187073.jpg]
[i0.wp.com/herbnkathy.com/wp-content/uploads/2019/02/201901211122173794.jpg]
[i1.wp.com/herbnkathy.com/wp-content/uploads/2019/02/201901211128013794.jpg]
[i2.wp.com/herbnkathy.com/wp-content/uploads/2019/02/201901211140483794.jpg]
[i2.wp.com/herbnkathy.com/wp-content/uploads/2019/02/201901211148133794.jpg]
[i1.wp.com/herbnkathy.com/wp-content/uploads/2019/02/201901211148173794.jpg]
[i1.wp.com/herbnkathy.com/wp-content/uploads/2019/02/201901211148343794.jpg]
[i2.wp.com/herbnkathy.com/wp-content/uploads/2019/02/201901211148443794.jpg]
[i2.wp.com/herbnkathy.com/wp-content/uploads/2019/02/201901211148543794.jpg]
[i1.wp.com/herbnkathy.com/wp-content/uploads/2019/02/201901211815313794.jpg]
[i1.wp.com/herbnkathy.com/wp-content/uploads/2019/02/201901211815373794.jpg]
[i0.wp.com/herbnkathy.com/wp-content/uploads/2019/02/201901211815593794.jpg]
[i1.wp.com/herbnkathy.com/wp-content/uploads/2019/02/201901211816303794.jpg]
[i0.wp.com/herbnkathy.com/wp-content/uploads/2019/02/201901211345133794.jpg]
[i1.wp.com/herbnkathy.com/wp-content/uploads/2019/02/201901211340073794.jpg]
[i2.wp.com/herbnkathy.com/wp-content/uploads/2019/02/201901211340243794.jpg]
[i1.wp.com/herbnkathy.com/wp-content/uploads/2019/02/20190121134140_23794.jpg]
[i2.wp.com/herbnkathy.com/wp-content/uploads/2019/02/201901211349233794.jpg]
[i2.wp.com/herbnkathy.com/wp-content/uploads/2019/02/201901211349273794.jpg]
[i2.wp.com/herbnkathy.com/wp-content/uploads/2019/02/201901211354383794.jpg]
[i2.wp.com/herbnkathy.com/wp-content/uploads/2019/02/201901211405333794.jpg]
[herbnkathy.com/wp-content/uploads/2019/02/Rob-Michelle.jpg]
[herbnkathy.com/tag/escapees/index.html]
[herbnkathy.com/2019/01/01/another-great-climb-er-drive-up-the-mountain/index.html]
[herbnkathy.com/tag/lake-havasu/index.html]
[herbnkathy.com/tag/lake-havasu-city/index.html]
[herbnkathy.com/tag/london-bridge/index.html]
[herbnkathy.com/tag/furniture/index.html]
[herbnkathy.com/wp-json/wp/v2/tags/554708203.json]
[herbnkathy.com/tag/parker/index.html]
[herbnkathy.com/tag/parker-dam/index.html]
[herbnkathy.com/tag/refuge/index.html]
[herbnkathy.com/tag/road-trip/index.html]
[herbnkathy.com/tag/wildlife/index.html]
[herbnkathy.com/tag/furniture/feed/index.html]
[herbnkathy.com/tag/escapees/page/2/index.html]
[herbnkathy.com/tag/green-valley/index.html]
[herbnkathy.com/tag/green-valley/feed/index.html]
[herbnkathy.com/wp-json/wp/v2/tags/554708198.json]
[herbnkathy.com/tag/heidy/index.html]
[herbnkathy.com/wp-json/wp/v2/tags/554708133.json]
[herbnkathy.com/tag/heidy/feed/index.html]
[herbnkathy.com/tag/herbnkathy/feed/index.html]
[herbnkathy.com/tag/herbnkathy/index.html]
[herbnkathy.com/wp-json/wp/v2/tags/554707704.json]
[herbnkathy.com/tag/resale-shop/index.html]
[herbnkathy.com/tag/resale-shop/feed/index.html]
[herbnkathy.com/wp-json/wp/v2/tags/554708201.json]
[herbnkathy.com/tag/herbnkathy/page/2/index.html]
[herbnkathy.com/tag/table/index.html]
[herbnkathy.com/tag/table/feed/index.html]
[herbnkathy.com/wp-json/wp/v2/tags/554708206.json]
[herbnkathy.com/wp-json/wp/v2/tags/554707656.json]
[herbnkathy.com/tag/tucson/feed/index.html]
[herbnkathy.com/2019/03/18/where-were-heading-to-next/index.html]
[i0.wp.com/herbnkathy.com/wp-content/uploads/2019/03/20190317_1906147ff4.jpg]
[herbnkathy.com/wp-content/uploads/2019/03/OverheadViewRoost.jpg]
[herbnkathy.com/wp-content/uploads/2019/03/Watermark-Small.png]
[i2.wp.com/herbnkathy.com/wp-content/uploads/2018/12/20181211_1055357073.jpg]
[herbnkathy.com/tag/idaho/index.html]
[herbnkathy.com/wp-content/uploads/2018/12/Map-Mt-Lemmon.jpg]
[herbnkathy.com/tag/national-parks/index.html]
[i0.wp.com/herbnkathy.com/wp-content/uploads/2018/12/20181211_1336537073.jpg]
[herbnkathy.com/wp-content/uploads/2019/01/20181211_115107-1024x576.jpg]
[i2.wp.com/herbnkathy.com/wp-content/uploads/2019/01/20181211_103002-17073.jpg]
[i1.wp.com/herbnkathy.com/wp-content/uploads/2019/01/20181211_104430-17073.jpg]
[i1.wp.com/herbnkathy.com/wp-content/uploads/2019/01/20181211_104444-17073.jpg]
[i2.wp.com/herbnkathy.com/wp-content/uploads/2019/01/20181211_105235-17073.jpg]
[i1.wp.com/herbnkathy.com/wp-content/uploads/2019/01/20181211_105452-17073.jpg]
[i1.wp.com/herbnkathy.com/wp-content/uploads/2019/01/20181211_105554-17073.jpg]
[i0.wp.com/herbnkathy.com/wp-content/uploads/2019/01/20181211_1105007073.jpg]
[i0.wp.com/herbnkathy.com/wp-content/uploads/2019/01/20181211_1105247073.jpg]
[i1.wp.com/herbnkathy.com/wp-content/uploads/2019/01/20181211_110927-17073.jpg]
[i2.wp.com/herbnkathy.com/wp-content/uploads/2019/01/20181211_1109337073.jpg]
[i1.wp.com/herbnkathy.com/wp-content/uploads/2019/01/20181211_113445-17073.jpg]
[i0.wp.com/herbnkathy.com/wp-content/uploads/2019/01/20181211_114607-17073.jpg]
[i2.wp.com/herbnkathy.com/wp-content/uploads/2019/01/20181211_114616-17073.jpg]
[i0.wp.com/herbnkathy.com/wp-content/uploads/2019/01/20181211_114801-17073.jpg]
[i2.wp.com/herbnkathy.com/wp-content/uploads/2019/01/20181211_115100-17073.jpg]
[i0.wp.com/herbnkathy.com/wp-content/uploads/2019/01/20181211_115107-17073.jpg]
[i1.wp.com/herbnkathy.com/wp-content/uploads/2019/01/20181211_115119-17073.jpg]
[i1.wp.com/herbnkathy.com/wp-content/uploads/2019/01/20181211_115153-17073.jpg]
[i2.wp.com/herbnkathy.com/wp-content/uploads/2019/01/20181211_1152007073.jpg]
[i2.wp.com/herbnkathy.com/wp-content/uploads/2019/01/20181211_115556-17073.jpg]
[i0.wp.com/herbnkathy.com/wp-content/uploads/2019/01/20181211_1206267073.jpg]
[i2.wp.com/herbnkathy.com/wp-content/uploads/2019/01/20181211_1206327073.jpg]
[i1.wp.com/herbnkathy.com/wp-content/uploads/2019/01/20181211_1359417073.jpg]
[i0.wp.com/herbnkathy.com/wp-content/uploads/2019/01/20181211_1359427073.jpg]
[i2.wp.com/herbnkathy.com/wp-content/uploads/2019/01/20181211_1201497073.jpg]
[i2.wp.com/herbnkathy.com/wp-content/uploads/2019/01/20181211_1158147073.jpg]
[i0.wp.com/herbnkathy.com/wp-content/uploads/2019/01/20181211_1158207073.jpg]
[i0.wp.com/herbnkathy.com/wp-content/uploads/2019/01/20181211_1158497073.jpg]
[i0.wp.com/herbnkathy.com/wp-content/uploads/2019/01/20181211_120307-17073.jpg]
[i0.wp.com/herbnkathy.com/wp-content/uploads/2019/01/20181211_1204177073.jpg]
[herbnkathy.com/tag/tucson/index.html]
[herbnkathy.com/tag/border-patrol/index.html]
[herbnkathy.com/tag/catalina/index.html]
[herbnkathy.com/wp-json/wp/v2/tags/554707298.json]
[herbnkathy.com/tag/repel/index.html]
[herbnkathy.com/tag/driving-tour/index.html]
[herbnkathy.com/tag/coronado-national-forest/index.html]
[herbnkathy.com/tag/mt-lemmon/index.html]
[herbnkathy.com/tag/rescue/index.html]
[herbnkathy.com/tag/volunteer/feed/index.html]
[herbnkathy.com/tag/sightseeing/index.html]
[herbnkathy.com/tag/science-tour/index.html]
[herbnkathy.com/2019/12/09/working-with-historicorps-national-elk-refuge/index.html]
[i1.wp.com/herbnkathy.com/wp-content/uploads/2019/12/RVParkAerialView8ae5.png]
[i1.wp.com/herbnkathy.com/wp-content/uploads/2019/12/20190321_1155477ff4.jpg]
[i0.wp.com/herbnkathy.com/wp-content/uploads/2019/12/20190317_1532057ff4.jpg]
[herbnkathy.com/wp-content/uploads/2019/12/start-project.jpg]
[i2.wp.com/herbnkathy.com/wp-content/uploads/2019/12/20191001_090218-scaledef23.jpg]
[herbnkathy.com/2019/12/03/yellowstone/index.html]
[i1.wp.com/herbnkathy.com/wp-content/uploads/2019/12/20190930_065215-scaled7ff4.jpg]
[i0.wp.com/herbnkathy.com/wp-content/uploads/2019/12/20191002_141147-scaled7ff4.jpg]
[i2.wp.com/herbnkathy.com/wp-content/uploads/2019/12/20191001_100614-scaled7ff4.jpg]
[i0.wp.com/herbnkathy.com/wp-content/uploads/2019/12/20191004_094655-scaled7ff4.jpg]
[i0.wp.com/herbnkathy.com/wp-content/uploads/2019/12/20191004_122231-scaled7ff4.jpg]
[i0.wp.com/herbnkathy.com/wp-content/uploads/2019/12/20191005_1031520-scaled7ff4.jpg]
[i0.wp.com/herbnkathy.com/wp-content/uploads/2019/12/20191005_084636-scaled7ff4.jpg]
[i1.wp.com/herbnkathy.com/wp-content/uploads/2019/12/20191004_071647-scaled7ff4.jpg]
[i0.wp.com/herbnkathy.com/wp-content/uploads/2019/12/20191001_072403-scaled7ff4.jpg]
[i0.wp.com/herbnkathy.com/wp-content/uploads/2019/12/20191004_191351-scaled7ff4.jpg]
[i0.wp.com/herbnkathy.com/wp-content/uploads/2019/12/20191004_191347-scaled7ff4.jpg]
[i0.wp.com/herbnkathy.com/wp-content/uploads/2019/12/20191004_191310-scaled7ff4.jpg]
[i1.wp.com/herbnkathy.com/wp-content/uploads/2019/12/20191004_191305-scaled7ff4.jpg]
[i0.wp.com/herbnkathy.com/wp-content/uploads/2019/12/20191004_191247-scaled7ff4.jpg]
[i1.wp.com/herbnkathy.com/wp-content/uploads/2019/12/20190930_181133-scaled7ff4.jpg]
[i0.wp.com/herbnkathy.com/wp-content/uploads/2019/12/IMG_3248-scaled211e.jpg]
[i1.wp.com/herbnkathy.com/wp-content/uploads/2019/12/IMG_3247-scaled211e.jpg]
[i1.wp.com/herbnkathy.com/wp-content/uploads/2019/12/20191004_071529-scaled7ff4.jpg]
[i1.wp.com/herbnkathy.com/wp-content/uploads/2019/12/20191003_073537-scaled7ff4.jpg]
[i1.wp.com/herbnkathy.com/wp-content/uploads/2019/12/20190929_140624-scaled7ff4.jpg]
[i1.wp.com/herbnkathy.com/wp-content/uploads/2019/12/unnamed-18-scaled7806.jpg]
[i1.wp.com/herbnkathy.com/wp-content/uploads/2019/12/unnamed-17-scaled211e.jpg]
[i0.wp.com/herbnkathy.com/wp-content/uploads/2019/12/unnamed-11-scaled211e.jpg]
[i0.wp.com/herbnkathy.com/wp-content/uploads/2019/12/unnamed-39-scaled211e.jpg]
[i1.wp.com/herbnkathy.com/wp-content/uploads/2019/12/unnamed-37-scaled1f6d.jpg]
[i1.wp.com/herbnkathy.com/wp-content/uploads/2019/12/unnamed-1-scaled211e.jpg]
[i1.wp.com/herbnkathy.com/wp-content/uploads/2019/12/unnamed-41-scaled211e.jpg]
[i0.wp.com/herbnkathy.com/wp-content/uploads/2019/12/unnamed-4-scaled211e.jpg]
[i1.wp.com/herbnkathy.com/wp-content/uploads/2019/12/unnamed-5-1-scaled211e.jpg]
[i1.wp.com/herbnkathy.com/wp-content/uploads/2019/12/unnamed-6-scaled211e.jpg]
[i0.wp.com/herbnkathy.com/wp-content/uploads/2019/12/unnamed-23-scaledf5b5.jpg]
[i0.wp.com/herbnkathy.com/wp-content/uploads/2019/12/unnamed-27-scaled394d.jpg]
[i0.wp.com/herbnkathy.com/wp-content/uploads/2019/12/unnamed-28-scaled1f6d.jpg]
[i0.wp.com/herbnkathy.com/wp-content/uploads/2019/12/unnamed-24-scaled1f6d.jpg]
[i1.wp.com/herbnkathy.com/wp-content/uploads/2019/12/unnamed-25-scaled211e.jpg]
[i1.wp.com/herbnkathy.com/wp-content/uploads/2019/12/unnamed-26-scaled211e.jpg]
[i0.wp.com/herbnkathy.com/wp-content/uploads/2019/12/IMG_3245-scaled211e.jpg]
[i0.wp.com/herbnkathy.com/wp-content/uploads/2019/12/IMG_3244-scaled211e.jpg]
[i1.wp.com/herbnkathy.com/wp-content/uploads/2019/12/IMG_3242-scaled211e.jpg]
[i0.wp.com/herbnkathy.com/wp-content/uploads/2019/12/IMG_3240-scaled211e.jpg]
[i1.wp.com/herbnkathy.com/wp-content/uploads/2019/12/IMG_3239-scaled211e.jpg]
[i0.wp.com/herbnkathy.com/wp-content/uploads/2019/12/IMG_3231-scaled211e.jpg]
[herbnkathy.com/wp-content/uploads/2017/02/2017-02-22-14.17.46.jpg]
[herbnkathy.com/wp-content/uploads/2017/02/2017-02-22-14.17.46-1024x576.jpg]
[herbnkathy.com/wp-content/uploads/2017/02/2017-02-22-14.17.15.jpg]
[herbnkathy.com/wp-content/uploads/2017/02/2017-02-22-14.17.15-1024x576.jpg]
[herbnkathy.com/wp-content/uploads/2017/02/2017-02-22-14.15.40.jpg]
[herbnkathy.com/tag/federal/index.html]
[herbnkathy.com/tag/elk-refuge/index.html]
[herbnkathy.com/wp-content/uploads/2017/02/2017-02-22-14.15.40-1024x576.jpg]
[herbnkathy.com/tag/fish-wildlife/index.html]
[herbnkathy.com/tag/government/index.html]
[herbnkathy.com/tag/historicorps/index.html]
[herbnkathy.com/tag/jackson/index.html]
[herbnkathy.com/wp-content/uploads/2017/02/2017-02-22-13.48.12.jpg]
[herbnkathy.com/2017/02/23/architecture-meets-ecology-arcology-at-arcosanti/index.html]
[herbnkathy.com/wp-content/uploads/2017/02/2017-02-22-13.48.12-1024x576.jpg]
[herbnkathy.com/wp-content/uploads/2017/02/2017-02-22-13.47.39.jpg]
[herbnkathy.com/wp-content/uploads/2017/02/2017-02-22-13.47.39-1024x576.jpg]
[herbnkathy.com/wp-content/uploads/2017/02/2017-02-22-13.47.36.jpg]
[herbnkathy.com/wp-content/uploads/2017/02/2017-02-22-13.47.36-1024x576.jpg]
[herbnkathy.com/wp-content/uploads/2017/02/2017-02-22-13.46.53.jpg]
[herbnkathy.com/wp-content/uploads/2017/02/2017-02-22-13.46.53-1024x576.jpg]
[herbnkathy.com/wp-content/uploads/2017/02/2017-02-22-13.46.46.jpg]
[herbnkathy.com/wp-content/uploads/2017/02/2017-02-22-13.46.46-1024x576.jpg]
[herbnkathy.com/wp-content/uploads/2017/02/2017-02-22-13.34.35.jpg]
[herbnkathy.com/wp-content/uploads/2017/02/2017-02-22-13.34.35-1024x576.jpg]
[herbnkathy.com/wp-content/uploads/2017/02/2017-02-22-13.32.36.jpg]
[herbnkathy.com/wp-content/uploads/2017/02/2017-02-22-13.32.36-1024x576.jpg]
[herbnkathy.com/wp-content/uploads/2017/02/2017-02-22-13.31.19.jpg]
[herbnkathy.com/wp-content/uploads/2017/02/2017-02-22-13.31.19-1024x576.jpg]
[herbnkathy.com/wp-content/uploads/2017/02/2017-02-22-13.30.55.jpg]
[herbnkathy.com/wp-content/uploads/2017/02/2017-02-22-13.30.55-1024x576.jpg]
[herbnkathy.com/wp-content/uploads/2017/02/2017-02-22-13.30.28.jpg]
[herbnkathy.com/wp-content/uploads/2017/02/2017-02-22-13.30.28-1024x576.jpg]
[herbnkathy.com/wp-content/uploads/2017/02/2017-02-22-13.25.30.jpg]
[herbnkathy.com/wp-content/uploads/2017/02/2017-02-22-13.25.30-1024x576.jpg]
[herbnkathy.com/wp-content/uploads/2017/02/2017-02-22-13.25.18.jpg]
[herbnkathy.com/wp-content/uploads/2017/02/2017-02-22-13.25.18-1024x576.jpg]
[herbnkathy.com/wp-content/uploads/2017/02/2017-02-22-13.23.37.jpg]
[herbnkathy.com/wp-content/uploads/2017/02/2017-02-22-13.23.37-1024x576.jpg]
[herbnkathy.com/wp-content/uploads/2017/02/2017-02-22-12.49.43.jpg]
[herbnkathy.com/wp-content/uploads/2017/02/2017-02-22-12.49.43-1024x576.jpg]
[herbnkathy.com/wp-content/uploads/2017/02/2017-02-22-11.22.58.jpg]
[herbnkathy.com/wp-content/uploads/2017/02/2017-02-22-11.22.58-1024x576.jpg]
[herbnkathy.com/wp-content/uploads/2017/02/2017-02-22-11.21.14.jpg]
[herbnkathy.com/wp-content/uploads/2017/02/2017-02-22-11.21.14-1024x576.jpg]
[herbnkathy.com/wp-content/uploads/2017/02/2017-02-22-11.21.08.jpg]
[herbnkathy.com/wp-content/uploads/2017/02/2017-02-22-11.21.08-1024x576.jpg]
[herbnkathy.com/wp-content/uploads/2017/02/2017-02-22-11.19.32.jpg]
[herbnkathy.com/wp-content/uploads/2017/02/2017-02-22-11.19.32-1024x576.jpg]
[herbnkathy.com/wp-content/uploads/2017/02/2017-02-22-11.17.58.jpg]
[herbnkathy.com/wp-content/uploads/2017/02/2017-02-22-11.17.58-1024x576.jpg]
[herbnkathy.com/wp-content/uploads/2017/02/2017-02-22-11.05.06.jpg]
[herbnkathy.com/wp-content/uploads/2017/02/2017-02-22-11.05.06-1024x576.jpg]
[herbnkathy.com/wp-content/uploads/2017/02/2017-02-22-10.43.52.jpg]
[herbnkathy.com/wp-content/uploads/2017/02/2017-02-22-10.43.52-1024x576.jpg]
[herbnkathy.com/wp-content/uploads/2017/02/2017-02-22-10.44.00.jpg]
[herbnkathy.com/wp-content/uploads/2017/02/2017-02-22-10.44.00-1024x576.jpg]
[herbnkathy.com/wp-content/uploads/2017/02/2017-02-22-10.57.14.jpg]
[herbnkathy.com/wp-content/uploads/2017/02/2017-02-22-10.57.14-1024x576.jpg]
[herbnkathy.com/tag/volunteer/index.html]
[herbnkathy.com/tag/wall-hanging/index.html]
[herbnkathy.com/wp-json/wp/v2/tags/554708208.json]
[herbnkathy.com/tag/architecture/index.html]
[herbnkathy.com/tag/arcosanti/index.html]
[herbnkathy.com/tag/bear/index.html]
[herbnkathy.com/tag/ecology/index.html]
[herbnkathy.com/tag/western-hat/index.html]
[herbnkathy.com/tag/wall-hanging/feed/index.html]
[herbnkathy.com/tag/western-hat/feed/index.html]
[herbnkathy.com/wp-json/wp/v2/tags/554708209.json]
[herbnkathy.com/tag/macaroni/index.html]
[herbnkathy.com/tag/pie/index.html]
[herbnkathy.com/wp-json/oembed/1.0/embedb3e6.json]
[herbnkathy.com/2023/12/13/were-selling-our-motorhome/feed/index.html]
[herbnkathy.com/wp-json/oembed/1.0/embedcfa7]
[herbnkathy.com/2023/12/13/were-selling-our-motorhome/index.html]
[herbnkathy.com/wp-json/wp/v2/posts/8851.json]
[herbnkathy.com/tag/fifth-wheel/index.html]
[herbnkathy.com/wp-json/wp/v2/tags/554708192.json]
[herbnkathy.com/tag/for-sale/index.html]
[herbnkathy.com/wp-json/wp/v2/tags/554708190.json]
[herbnkathy.com/tag/fifth-wheel/feed/index.html]
[herbnkathy.com/tag/for-sale/feed/index.html]
[herbnkathy.com/tag/herbnkathyrv/feed/index.html]
[herbnkathy.com/wp-json/wp/v2/tags/554707661.json]
[i0.wp.com/herbnkathy.com/wp-content/uploads/2019/05/LakeMapcb81.jpg]
[herbnkathy.com/2019/05/08/so-just-what-is-fort-peck/index.html]
[i1.wp.com/herbnkathy.com/wp-content/uploads/2019/05/20190416_1701047ff4.jpg]
[i2.wp.com/herbnkathy.com/wp-content/uploads/2019/05/IMG_1568211e.jpg]
[i0.wp.com/herbnkathy.com/wp-content/uploads/2019/05/IMG_1569211e.jpg]
[i0.wp.com/herbnkathy.com/wp-content/uploads/2019/05/IMG_1630211e.jpg]
[i2.wp.com/herbnkathy.com/wp-content/uploads/2019/05/20190419_1939167ff4.jpg]
[i1.wp.com/herbnkathy.com/wp-content/uploads/2019/05/IMG_1561211e.jpg]
[i1.wp.com/herbnkathy.com/wp-content/uploads/2019/05/IMG_1742211e.jpg]
[herbnkathy.com/wp-content/uploads/2019/02/Map.jpg]
[i2.wp.com/herbnkathy.com/wp-content/uploads/2019/02/20190207_1257207ff4.jpg]
[herbnkathy.com/tag/army-corps/index.html]
[herbnkathy.com/wp-content/uploads/2019/02/20190207_130631-1024x576.jpg]
[herbnkathy.com/tag/dinosaur/index.html]
[i2.wp.com/herbnkathy.com/wp-content/uploads/2019/02/20190207_1259397ff4.jpg]
[herbnkathy.com/tag/downstream/index.html]
[i1.wp.com/herbnkathy.com/wp-content/uploads/2019/02/20190207_1300187ff4.jpg]
[herbnkathy.com/tag/engineers/index.html]
[herbnkathy.com/tag/ft-peck/index.html]
[herbnkathy.com/tag/reservoir/index.html]
[herbnkathy.com/tag/t-rex/index.html]
[i0.wp.com/herbnkathy.com/wp-content/uploads/2019/02/20190207_1300557ff4.jpg]
[herbnkathy.com/2019/02/11/how-do-they-make-those/index.html]
[i0.wp.com/herbnkathy.com/wp-content/uploads/2019/02/20190207_1303107ff4.jpg]
[i2.wp.com/herbnkathy.com/wp-content/uploads/2019/02/20190207_1303477ff4.jpg]
[i2.wp.com/herbnkathy.com/wp-content/uploads/2019/02/20190207_1304197ff4.jpg]
[i2.wp.com/herbnkathy.com/wp-content/uploads/2019/02/20190207_1305197ff4.jpg]
[i2.wp.com/herbnkathy.com/wp-content/uploads/2019/02/20190207_1306317ff4.jpg]
[i2.wp.com/herbnkathy.com/wp-content/uploads/2019/02/20190207_1313547ff4.jpg]
[i0.wp.com/herbnkathy.com/wp-content/uploads/2019/02/20190207_1314057ff4.jpg]
[i0.wp.com/herbnkathy.com/wp-content/uploads/2019/02/20190207_1314207ff4.jpg]
[i2.wp.com/herbnkathy.com/wp-content/uploads/2019/02/20190207_1318047ff4.jpg]
[i1.wp.com/herbnkathy.com/wp-content/uploads/2019/02/20190207_1332257ff4.jpg]
[i2.wp.com/herbnkathy.com/wp-content/uploads/2019/02/20190207_1334137ff4.jpg]
[i0.wp.com/herbnkathy.com/wp-content/uploads/2019/02/20190207_1343137ff4.jpg]
[i1.wp.com/herbnkathy.com/wp-content/uploads/2019/02/20190207_1344557ff4.jpg]
[i0.wp.com/herbnkathy.com/wp-content/uploads/2019/02/Q-Map-17ef8.jpg]
[herbnkathy.com/tag/artisan/index.html]
[herbnkathy.com/wp-content/uploads/2019/02/Q-in-Jan.672.delayed]
[herbnkathy.com/tag/car/index.html]
[herbnkathy.com/tag/chevy/index.html]
[herbnkathy.com/tag/dwarf-car/index.html]
[herbnkathy.com/tag/dwarf-car-museum/index.html]
[herbnkathy.com/tag/maricopa/index.html]
[i1.wp.com/herbnkathy.com/wp-content/uploads/2019/02/20190115_1516527073.jpg]
[herbnkathy.com/tag/metal-shop/index.html]
[herbnkathy.com/tag/shop/index.html]
[i0.wp.com/herbnkathy.com/wp-content/uploads/2019/02/20190115_1412247073.jpg]
[herbnkathy.com/2019/02/02/a-great-time-in-quartzsite-mostly/index.html]
[i2.wp.com/herbnkathy.com/wp-content/uploads/2019/02/20190116_0926257073.jpg]
[i0.wp.com/herbnkathy.com/wp-content/uploads/2019/02/20190116_1030507073.jpg]
[i0.wp.com/herbnkathy.com/wp-content/uploads/2019/02/20190117_0848127073.jpg]
[i1.wp.com/herbnkathy.com/wp-content/uploads/2019/02/20190119_1100437073.jpg]
[i0.wp.com/herbnkathy.com/wp-content/uploads/2019/02/20190118_1410527073.jpg]
[i2.wp.com/herbnkathy.com/wp-content/uploads/2019/02/20190119_1043547073.jpg]
[herbnkathy.com/wp-content/uploads/2019/02/A-Look-Inside-The-Big-Tent.mp4]
[i2.wp.com/herbnkathy.com/wp-content/uploads/2019/02/20190117_1659157073.jpg]
[i1.wp.com/herbnkathy.com/wp-content/uploads/2019/02/20190126_1255447073.jpg]
[herbnkathy.com/wp-content/uploads/2019/02/20190122_160733-1024x576.jpg]
[herbnkathy.com/wp-content/uploads/2019/02/20190119_104503-1024x576.jpg]
[herbnkathy.com/wp-content/uploads/2019/02/20190117_110025-1024x576.jpg]
[herbnkathy.com/wp-content/uploads/2019/02/20190117_105642-1024x576.jpg]
[herbnkathy.com/wp-content/uploads/2019/02/20190117_090025-1024x576.jpg]
[herbnkathy.com/wp-content/uploads/2019/02/20190117_085502-1024x576.jpg]
[i1.wp.com/herbnkathy.com/wp-content/uploads/2019/01/IMG_01603794.jpg]
[herbnkathy.com/tag/boomers/index.html]
[herbnkathy.com/tag/escapee/index.html]
[i2.wp.com/herbnkathy.com/wp-content/uploads/2019/01/Saguaro-Nat-Forest-Map3ffe.jpg]
[herbnkathy.com/tag/skp/index.html]
[i1.wp.com/herbnkathy.com/wp-content/uploads/2019/01/IMG_01543794.jpg]
[herbnkathy.com/2019/01/03/the-magnificent-saguaro-cactus/index.html]
[i0.wp.com/herbnkathy.com/wp-content/uploads/2019/01/IMG_01553794.jpg]
[i2.wp.com/herbnkathy.com/wp-content/uploads/2019/01/IMG_01563794.jpg]
[i1.wp.com/herbnkathy.com/wp-content/uploads/2019/01/IMG_01583794.jpg]
[i2.wp.com/herbnkathy.com/wp-content/uploads/2019/01/IMG_01623794.jpg]
[i0.wp.com/herbnkathy.com/wp-content/uploads/2019/01/IMG_01633794.jpg]
[i0.wp.com/herbnkathy.com/wp-content/uploads/2019/01/IMG_01663794.jpg]
[i2.wp.com/herbnkathy.com/wp-content/uploads/2019/01/IMG_01673794.jpg]
[i2.wp.com/herbnkathy.com/wp-content/uploads/2019/01/IMG_01703794.jpg]
[i2.wp.com/herbnkathy.com/wp-content/uploads/2019/01/IMG_01713794.jpg]
[i0.wp.com/herbnkathy.com/wp-content/uploads/2019/01/IMG_01723794.jpg]
[i0.wp.com/herbnkathy.com/wp-content/uploads/2019/01/IMG_01733794.jpg]
[i1.wp.com/herbnkathy.com/wp-content/uploads/2019/01/IMG_01823794.jpg]
[i2.wp.com/herbnkathy.com/wp-content/uploads/2019/01/IMG_01853794.jpg]
[i1.wp.com/herbnkathy.com/wp-content/uploads/2019/01/IMG_01863794.jpg]
[i0.wp.com/herbnkathy.com/wp-content/uploads/2019/01/IMG_0187a3794.jpg]
[i0.wp.com/herbnkathy.com/wp-content/uploads/2019/01/IMG_01883794.jpg]
[i1.wp.com/herbnkathy.com/wp-content/uploads/2019/01/IMG_01923794.jpg]
[i1.wp.com/herbnkathy.com/wp-content/uploads/2019/01/IMG_01933794.jpg]
[i2.wp.com/herbnkathy.com/wp-content/uploads/2019/01/IMG_01943794.jpg]
[i0.wp.com/herbnkathy.com/wp-content/uploads/2019/01/IMG_02053794.jpg]
[i1.wp.com/herbnkathy.com/wp-content/uploads/2019/01/IMG_02103794.jpg]
[i1.wp.com/herbnkathy.com/wp-content/uploads/2019/01/IMG_02113794.jpg]
[i1.wp.com/herbnkathy.com/wp-content/uploads/2019/01/IMG_02123794.jpg]
[i2.wp.com/herbnkathy.com/wp-content/uploads/2019/01/IMG_02133794.jpg]
[i1.wp.com/herbnkathy.com/wp-content/uploads/2019/01/IMG_02143794.jpg]
[i2.wp.com/herbnkathy.com/wp-content/uploads/2019/01/IMG_02163794.jpg]
[i1.wp.com/herbnkathy.com/wp-content/uploads/2019/01/IMG_02173794.jpg]
[i0.wp.com/herbnkathy.com/wp-content/uploads/2019/01/IMG_02183794.jpg]
[i2.wp.com/herbnkathy.com/wp-content/uploads/2019/01/IMG_02193794.jpg]
[i1.wp.com/herbnkathy.com/wp-content/uploads/2019/01/20181226_1307337073.jpg]
[i0.wp.com/herbnkathy.com/wp-content/uploads/2019/01/20181226_1307457073.jpg]
[i0.wp.com/herbnkathy.com/wp-content/uploads/2019/01/20181226_1311137073.jpg]
[i1.wp.com/herbnkathy.com/wp-content/uploads/2019/01/20181226_1336367073.jpg]
[i0.wp.com/herbnkathy.com/wp-content/uploads/2019/01/20181226_1338197073.jpg]
[i1.wp.com/herbnkathy.com/wp-content/uploads/2019/01/20181226_1354447073.jpg]
[i2.wp.com/herbnkathy.com/wp-content/uploads/2019/01/20181226_1355127073.jpg]
[herbnkathy.com/tag/herbnkathyrv/index.html]
[herbnkathy.com/tag/snobirds/index.html]
[herbnkathy.com/tag/saguaro/index.html]
[herbnkathy.com/wp-json/wp/v2/tags/554708191.json]
[herbnkathy.com/tag/snobirds/feed/index.html]
[herbnkathy.com/tag/travel-trailer/index.html]
[herbnkathy.com/wp-json/wp/v2/tags/554707512.json]
[herbnkathy.com/tag/travel-trailer/feed/index.html]
[herbnkathy.com/wp-json/oembed/1.0/embedf69c.json]
[herbnkathy.com/2023/09/30/campground-review-kendall-campground-usace-jamestown-ky/feed/index.html]
[herbnkathy.com/wp-json/oembed/1.0/embed3958]
[herbnkathy.com/2023/09/30/campground-review-kendall-campground-usace-jamestown-ky/index.html]
[herbnkathy.com/wp-json/wp/v2/posts/8769.json]
[herbnkathy.com/wp-json/wp/v2/categories/554708023.json]
[herbnkathy.com/wp-content/uploads/2021/10/IMG_20211007_131917229.jpg]
[herbnkathy.com/category/campground-review/feed/index.html]
[herbnkathy.com/wp-content/uploads/2021/10/IMG_20211007_151111147.jpg]
[herbnkathy.com/2021/10/16/campground-review-encampment-wy-city-park-campground/index.html]
[herbnkathy.com/wp-content/uploads/2021/10/IMG_20211007_150201836.jpg]
[herbnkathy.com/wp-content/uploads/2021/10/IMG_20211007_143119259.jpg]
[herbnkathy.com/wp-content/uploads/2021/10/IMG_20211007_142333328.jpg]
[herbnkathy.com/wp-content/uploads/2021/10/IMG_20211007_142109747.jpg]
[herbnkathy.com/wp-content/uploads/2021/10/Encampment.jpg]
[herbnkathy.com/wp-content/uploads/2021/10/IMG_20211007_142034039.jpg]
[herbnkathy.com/category/campground-review/index.html]
[herbnkathy.com/tag/city-park/index.html]
[herbnkathy.com/category/camping/index.html]
[herbnkathy.com/wp-json/wp/v2/categories/13403.json]
[herbnkathy.com/tag/encampment/index.html]
[herbnkathy.com/tag/gem/index.html]
[herbnkathy.com/tag/library/index.html]
[herbnkathy.com/tag/riverside/index.html]
[herbnkathy.com/category/tourism-review/index.html]
[herbnkathy.com/wp-json/wp/v2/categories/554708024.json]
[herbnkathy.com/category/camping/feed/index.html]
[herbnkathy.com/tag/saratoga/index.html]
[herbnkathy.com/category/camping/page/2/index.html]
[herbnkathy.com/tag/senior-center/index.html]
[herbnkathy.com/category/tourism-review/feed/index.html]
[herbnkathy.com/tag/wifi/index.html]
[herbnkathy.com/wp-json/oembed/1.0/embede57e.json]
[herbnkathy.com/2021/05/21/camp-hosting-dale-hollow-lake-state-park-kentucky/feed/index.html]
[herbnkathy.com/wp-json/oembed/1.0/embed2f37]
[herbnkathy.com/wp-json/wp/v2/posts/7492.json]
[herbnkathy.com/wp-content/uploads/2021/05/Lake-Map.jpg]
[herbnkathy.com/wp-content/uploads/2021/05/loopmap.jpg]
[herbnkathy.com/wp-content/uploads/2021/05/IMG_20210503_131823978.jpg]
[herbnkathy.com/wp-content/uploads/2021/05/IMG_20210408_150819014.jpg]
[herbnkathy.com/wp-content/uploads/2021/05/IMG_20210409_185400532.jpg]
[herbnkathy.com/wp-content/uploads/2021/05/IMG_20210409_185728774.jpg]
[herbnkathy.com/wp-content/uploads/2021/05/IMG_20210409_185326130_HDR.jpg]
[herbnkathy.com/wp-content/uploads/2021/05/IMG_20210427_141713420.jpg]
[herbnkathy.com/wp-content/uploads/2021/05/IMG_20210505_092815666.jpg]
[herbnkathy.com/wp-content/uploads/2021/05/IMG_20210507_110816574_HDR.jpg]
[herbnkathy.com/wp-content/uploads/2021/05/IMG_20210522_085845039_HDR.jpg]
[herbnkathy.com/wp-content/uploads/2021/05/IMG_20210520_110203976.jpg]
[herbnkathy.com/wp-content/uploads/2021/05/IMG_20210516_151759716.jpg]
[herbnkathy.com/wp-content/uploads/2021/05/IMG_20210514_190909449.jpg]
[herbnkathy.com/wp-content/uploads/2021/05/IMG_20210427_125422394.jpg]
[herbnkathy.com/wp-content/uploads/2021/05/IMG_20210518_085257475.jpg]
[herbnkathy.com/wp-content/uploads/2021/05/IMG_20210523_101826419.jpg]
[herbnkathy.com/wp-content/uploads/2021/05/IMG_20210410_112604288_HDR.jpg]
[herbnkathy.com/wp-content/uploads/2021/05/IMG_20210509_151338124.jpg]
[herbnkathy.com/wp-content/uploads/2021/05/IMG_20210509_150033337.jpg]
[herbnkathy.com/wp-content/uploads/2021/05/IMG_20210410_112345967_HDR.jpg]
[herbnkathy.com/wp-content/uploads/2021/05/IMG_20210520_094246921.jpg]
[herbnkathy.com/wp-content/uploads/2021/05/IMG_20210520_092229124.jpg]
[herbnkathy.com/wp-content/uploads/2021/05/IMG_20210503_092054664.jpg]
[herbnkathy.com/wp-content/uploads/2021/05/IMG_20210503_093120638_MP_exported_899.jpg]
[herbnkathy.com/wp-content/uploads/2021/05/IMG_20210504_174111329_HDR.jpg]
[herbnkathy.com/wp-content/uploads/2021/05/IMG_20210504_181106685.jpg]
[herbnkathy.com/wp-content/uploads/2021/05/IMG_20210504_181125922_HDR.jpg]
[herbnkathy.com/wp-content/uploads/2021/05/IMG_20210504_181119717_HDR.jpg]
[herbnkathy.com/wp-content/uploads/2021/05/IMG_20210504_185717931.jpg]
[herbnkathy.com/wp-content/uploads/2021/05/IMG_20210504_185410607_HDR.jpg]
[herbnkathy.com/2021/04/10/settling-in-at-dale-hollow/index.html]
[secure.gravatar.com/avatar/397c054397c47a2968ceaa8a67c194e64df0b08b2723a9e2907254ce06e3cedca8ba.png]
[herbnkathy.com/2021/04/21/just-a-little-hike/index.html]
[secure.gravatar.com/avatar/d578ad4aba028a1440a9bf8a2eed20e5aceef3180edbe165fd854800e927b7cda8ba.png]
[secure.gravatar.com/avatar/502f2cc12ab80ac4e452ed51fdf000391ec9fcb0b1ced8bc53a87f6459286b4ca8ba.png]
[herbnkathy.com/2021/05/21/camp-hosting-dale-hollow-lake-state-park-kentucky/index.html]
[herbnkathy.com/2021/06/30/our-day-trip-to-cumberland-falls/index.html]
[herbnkathy.com/2021/05/21/camp-hosting-dale-hollow-lake-state-park-kentucky/indexa7f8.html]
[herbnkathy.com/2021/05/21/camp-hosting-dale-hollow-lake-state-park-kentucky/index8693.html]
[herbnkathy.com/2021/05/21/camp-hosting-dale-hollow-lake-state-park-kentucky/index83a2.html]
[herbnkathy.com/tag/army-corps-campground/index.html]
[herbnkathy.com/wp-json/wp/v2/tags/554708187.json]
[herbnkathy.com/2021/05/21/camp-hosting-dale-hollow-lake-state-park-kentucky/index7dc1.html]
[herbnkathy.com/tag/army-corps-campground/feed/index.html]
[herbnkathy.com/2021/05/21/camp-hosting-dale-hollow-lake-state-park-kentucky/index109d.html]
[herbnkathy.com/2021/05/21/camp-hosting-dale-hollow-lake-state-park-kentucky/indexe42e.html]
[herbnkathy.com/tag/camp-sites/feed/index.html]
[herbnkathy.com/tag/camp-sites/index.html]
[herbnkathy.com/wp-json/wp/v2/tags/554708189.json]
[herbnkathy.com/wp-json/wp/v2/tags/554707511.json]
[herbnkathy.com/tag/campground/feed/index.html]
[herbnkathy.com/wp-content/uploads/2021/09/img_20210830_1211220915985189821519441273-685x514.jpg]
[herbnkathy.com/wp-content/uploads/2021/09/IMG_20210830_102644129.jpg]
[herbnkathy.com/wp-content/uploads/2021/09/IMG_20210830_142128101.jpg]
[herbnkathy.com/wp-content/uploads/2021/09/img_20210830_123726451_burst0016317244891173255319.jpg]
[herbnkathy.com/wp-content/uploads/2021/09/img_20210830_1224193267449011493464610819.jpg]
[herbnkathy.com/2021/09/17/our-trek-west-installment-3/index.html]
[herbnkathy.com/wp-content/uploads/2021/09/img_20210830_1224021813747876296801464397.jpg]
[herbnkathy.com/wp-content/uploads/2021/09/img_20210830_121608878_mp6591019153398665026.jpg]
[herbnkathy.com/wp-content/uploads/2021/09/img_20210830_1213539176765314036012774767.jpg]
[herbnkathy.com/wp-content/uploads/2021/09/img_20210830_1211315673516784429492482757.jpg]
[herbnkathy.com/wp-content/uploads/2021/09/img_20210830_1211220915985189821519441273.jpg]
[herbnkathy.com/tag/caskets/index.html]
[i0.wp.com/herbnkathy.com/wp-content/uploads/2019/09/20190901_0952487ff4.jpg]
[herbnkathy.com/tag/crypts/index.html]
[herbnkathy.com/wp-content/uploads/2019/09/20190901_095333.mp4]
[herbnkathy.com/tag/deceased/index.html]
[herbnkathy.com/wp-content/uploads/2019/08/SpearfishToSturgisMap-1.png]
[herbnkathy.com/tag/lees-summit/index.html]
[i2.wp.com/herbnkathy.com/wp-content/uploads/2019/08/20190807_0928187ff4.jpg]
[herbnkathy.com/2019/09/01/bless-the-simple-things/index.html]
[i1.wp.com/herbnkathy.com/wp-content/uploads/2019/08/20190807_0944537ff4.jpg]
[herbnkathy.com/2019/07/16/our-visit-to-deadwood-and-lead/index.html]
[i1.wp.com/herbnkathy.com/wp-content/uploads/2019/08/20190807_0945507ff4.jpg]
[herbnkathy.com/tag/bridal-veil-falls/index.html]
[i2.wp.com/herbnkathy.com/wp-content/uploads/2019/08/20190807_0952227ff4.jpg]
[herbnkathy.com/tag/deadwood/index.html]
[i1.wp.com/herbnkathy.com/wp-content/uploads/2019/08/20190807_0954157ff4.jpg]
[i0.wp.com/herbnkathy.com/wp-content/uploads/2019/08/20190807_0954287ff4.jpg]
[i2.wp.com/herbnkathy.com/wp-content/uploads/2019/08/20190807_1004207ff4.jpg]
[i1.wp.com/herbnkathy.com/wp-content/uploads/2019/08/20190807_1017527ff4.jpg]
[herbnkathy.com/tag/feeding-fish/index.html]
[i0.wp.com/herbnkathy.com/wp-content/uploads/2019/08/20190807_1040357ff4.jpg]
[herbnkathy.com/tag/hatchery/index.html]
[i1.wp.com/herbnkathy.com/wp-content/uploads/2019/08/20190807_1046007ff4.jpg]
[herbnkathy.com/tag/lead/index.html]
[i0.wp.com/herbnkathy.com/wp-content/uploads/2019/08/20190807_1109317ff4.jpg]
[i2.wp.com/herbnkathy.com/wp-content/uploads/2019/08/20190807_1135187ff4.jpg]
[herbnkathy.com/tag/roughlock-falls/index.html]
[i1.wp.com/herbnkathy.com/wp-content/uploads/2019/08/20190807_1153037ff4.jpg]
[i1.wp.com/herbnkathy.com/wp-content/uploads/2019/08/20190807_1209147ff4.jpg]
[i2.wp.com/herbnkathy.com/wp-content/uploads/2019/08/20190807_1212337ff4.jpg]
[herbnkathy.com/tag/simple-life/index.html]
[i2.wp.com/herbnkathy.com/wp-content/uploads/2019/08/20190807_1222507ff4.jpg]
[herbnkathy.com/tag/spearfish-canyon/index.html]
[herbnkathy.com/2019/09/01/bike-week-at-sturgis/index.html]
[i0.wp.com/herbnkathy.com/wp-content/uploads/2019/08/20190807_1223037ff4.jpg]
[i1.wp.com/herbnkathy.com/wp-content/uploads/2019/08/20190807_1223197ff4.jpg]
[i1.wp.com/herbnkathy.com/wp-content/uploads/2019/08/20190807_1223597ff4.jpg]
[i0.wp.com/herbnkathy.com/wp-content/uploads/2019/08/20190807_1225167ff4.jpg]
[i0.wp.com/herbnkathy.com/wp-content/uploads/2019/08/20190807_1228537ff4.jpg]
[i2.wp.com/herbnkathy.com/wp-content/uploads/2019/08/20190807_1228587ff4.jpg]
[i0.wp.com/herbnkathy.com/wp-content/uploads/2019/08/20190807_1242397ff4.jpg]
[i1.wp.com/herbnkathy.com/wp-content/uploads/2019/08/20190807_1246457ff4.jpg]
[i1.wp.com/herbnkathy.com/wp-content/uploads/2019/08/20190807_1249527ff4.jpg]
[i2.wp.com/herbnkathy.com/wp-content/uploads/2019/08/20190807_1249577ff4.jpg]
[i1.wp.com/herbnkathy.com/wp-content/uploads/2019/08/20190807_1251057ff4.jpg]
[i0.wp.com/herbnkathy.com/wp-content/uploads/2019/08/20190807_1251517ff4.jpg]
[i1.wp.com/herbnkathy.com/wp-content/uploads/2019/08/20190807_1255037ff4.jpg]
[i2.wp.com/herbnkathy.com/wp-content/uploads/2019/08/20190807_1256057ff4.jpg]
[i2.wp.com/herbnkathy.com/wp-content/uploads/2019/08/20190807_1256247ff4.jpg]
[i0.wp.com/herbnkathy.com/wp-content/uploads/2019/08/20190807_1257177ff4.jpg]
[i0.wp.com/herbnkathy.com/wp-content/uploads/2019/08/20190807_1258537ff4.jpg]
[i1.wp.com/herbnkathy.com/wp-content/uploads/2019/08/20190807_1300237ff4.jpg]
[i2.wp.com/herbnkathy.com/wp-content/uploads/2019/08/20190807_1302327ff4.jpg]
[i1.wp.com/herbnkathy.com/wp-content/uploads/2019/08/20190807_1330037ff4.jpg]
[i2.wp.com/herbnkathy.com/wp-content/uploads/2019/08/20190807_1336267ff4.jpg]
[i1.wp.com/herbnkathy.com/wp-content/uploads/2019/08/20190807_1340387ff4.jpg]
[i1.wp.com/herbnkathy.com/wp-content/uploads/2019/08/20190807_1345047ff4.jpg]
[i1.wp.com/herbnkathy.com/wp-content/uploads/2019/08/20190807_1345427ff4.jpg]
[i1.wp.com/herbnkathy.com/wp-content/uploads/2019/08/20190807_1349567ff4.jpg]
[i1.wp.com/herbnkathy.com/wp-content/uploads/2019/08/20190807_1353377ff4.jpg]
[i2.wp.com/herbnkathy.com/wp-content/uploads/2019/08/20190810_1030597ff4.jpg]
[herbnkathy.com/wp-content/uploads/2019/08/CampgroundBikeWeek2019.mp4]
[i1.wp.com/herbnkathy.com/wp-content/uploads/2019/09/IMG_2218211e.jpg]
[herbnkathy.com/tag/campground/index.html]
[herbnkathy.com/tag/motorcycle/index.html]
[herbnkathy.com/tag/bike-week/index.html]
[herbnkathy.com/tag/drink/index.html]
[herbnkathy.com/tag/sturgis/index.html]
[herbnkathy.com/tag/camping/feed/index.html]
[herbnkathy.com/wp-json/wp/v2/tags/554707232.json]
[herbnkathy.com/wp-content/uploads/2021/04/MorrowToLexingtonMap.jpg]
[herbnkathy.com/wp-content/uploads/2021/04/img_20210406_1344423225558666430337594975.jpg]
[herbnkathy.com/wp-content/uploads/2021/04/img_20210406_134222078_hdr6071571087556925939.jpg]
[herbnkathy.com/wp-content/uploads/2021/04/IMG_20210406_194255700_HDR.jpg]
[herbnkathy.com/wp-content/uploads/2021/04/IMG_20210406_193253672.jpg]
[herbnkathy.com/tag/camping/index.html]
[herbnkathy.com/2021/04/06/a-cabelas-overnighter/index.html]
[herbnkathy.com/tag/jamestown/index.html]
[herbnkathy.com/wp-json/wp/v2/tags/554708183.json]
[herbnkathy.com/tag/jamestown/feed/index.html]
[herbnkathy.com/tag/camping/page/2/index.html]
[herbnkathy.com/tag/2021/index.html]
[herbnkathy.com/tag/kendall/feed/index.html]
[herbnkathy.com/tag/kendall/index.html]
[herbnkathy.com/wp-json/wp/v2/tags/554708182.json]
[herbnkathy.com/tag/kentucky/feed/index.html]
[herbnkathy.com/wp-json/wp/v2/tags/59349.json]
[herbnkathy.com/wp-content/uploads/2021/06/IMG_20210622_120847633-685x514.jpg]
[herbnkathy.com/wp-content/uploads/2021/06/IMG_20210622_083605958.jpg]
[herbnkathy.com/wp-content/uploads/2021/06/IMG_20210622_083707078.jpg]
[herbnkathy.com/wp-content/uploads/2021/06/IMG_20210622_084150372.jpg]
[herbnkathy.com/wp-content/uploads/2021/06/IMG_20210622_085259516.jpg]
[herbnkathy.com/wp-content/uploads/2021/06/IMG_20210622_084120694.jpg]
[herbnkathy.com/2017/08/28/waterfalls-in-michigan-really/index.html]
[herbnkathy.com/wp-content/uploads/2021/06/Capture.jpg]
[herbnkathy.com/wp-content/uploads/2021/06/IMG_20210622_115404288.jpg]
[herbnkathy.com/wp-content/uploads/2021/06/Cumberland-Falls.mp4]
[herbnkathy.com/wp-content/uploads/2021/06/IMG_20210622_120847633.jpg]
[herbnkathy.com/wp-content/uploads/2021/06/IMG_20210622_115554422.jpg]
[herbnkathy.com/wp-content/uploads/2021/06/IMG_20210622_120134842.jpg]
[herbnkathy.com/wp-content/uploads/2021/06/IMG_20210622_120230541.jpg]
[herbnkathy.com/wp-content/uploads/2021/06/IMG_20210622_120947026.jpg]
[herbnkathy.com/wp-content/uploads/2021/06/IMG_20210622_121919058.jpg]
[herbnkathy.com/wp-content/uploads/2021/06/IMG_20210622_122359796_HDR.jpg]
[herbnkathy.com/wp-content/uploads/2021/06/IMG_20210622_122425743.jpg]
[herbnkathy.com/wp-content/uploads/2021/06/IMG_20210622_135609029.jpg]
[herbnkathy.com/wp-content/uploads/2021/04/IMG_20210416_135316733_HDR-1-685x514.jpg]
[herbnkathy.com/wp-content/uploads/2021/04/IMG_20210416_131515299.jpg]
[herbnkathy.com/wp-content/uploads/2021/04/IMG_20210416_133014558.jpg]
[herbnkathy.com/wp-content/uploads/2021/04/IMG_20210416_133535261.jpg]
[herbnkathy.com/tag/76-falls/index.html]
[herbnkathy.com/wp-content/uploads/2021/04/IMG_20210416_133743958.jpg]
[herbnkathy.com/wp-content/uploads/2021/04/IMG_20210416_135316733_HDR.jpg]
[herbnkathy.com/wp-content/uploads/2021/04/IMG_20210416_133833756.jpg]
[herbnkathy.com/wp-content/uploads/2021/04/img_20210407_1718137055252034468472431169.jpg]
[herbnkathy.com/tag/albany/index.html]
[herbnkathy.com/wp-content/uploads/2021/04/img_20210409_185400532946241237984467803.jpg]
[herbnkathy.com/wp-content/uploads/2021/04/img_20210408_1508190147411844462236688711.jpg]
[herbnkathy.com/wp-content/uploads/2016/04/2016-04-28-16-06-50.742.delayed]
[herbnkathy.com/tag/kentucky/index.html]
[herbnkathy.com/tag/waterfall/index.html]
[herbnkathy.com/tag/monticello/index.html]
[herbnkathy.com/tag/camp-hosting/index.html]
[herbnkathy.com/tag/burkesville/index.html]
[herbnkathy.com/tag/equine/index.html]
[herbnkathy.com/tag/ky/index.html]
[herbnkathy.com/tag/ky/feed/index.html]
[herbnkathy.com/wp-json/wp/v2/tags/554708188.json]
[herbnkathy.com/tag/home/index.html]
[herbnkathy.com/2016/04/28/were-getting-closer/index.html]
[herbnkathy.com/tag/usace/feed/index.html]
[herbnkathy.com/wp-json/wp/v2/tags/554707751.json]
[i1.wp.com/herbnkathy.com/wp-content/uploads/2019/05/MapParkMontanaND-10704.jpg]
[herbnkathy.com/wp-content/uploads/2019/05/20190422_082856-1-1024x576.jpg]
[herbnkathy.com/wp-content/uploads/2019/05/IMG_1740-1-1024x768.jpg]
[herbnkathy.com/wp-content/uploads/2019/05/IMG_1583-1-1024x768.jpg]
[herbnkathy.com/wp-content/uploads/2019/05/IMG_1585-1-1-1024x768.jpg]
[herbnkathy.com/wp-content/uploads/2019/05/IMG_1586-1-1024x768.jpg]
[herbnkathy.com/wp-content/uploads/2019/05/20190512_122605-1024x576.jpg]
[herbnkathy.com/wp-content/uploads/2019/05/20190512_151404-1024x576.jpg]
[i2.wp.com/herbnkathy.com/wp-content/uploads/2019/05/20190424_1106207ff4.jpg]
[i0.wp.com/herbnkathy.com/wp-content/uploads/2019/05/20190426_1302087ff4.jpg]
[i2.wp.com/herbnkathy.com/wp-content/uploads/2019/05/20190426_1303307ff4.jpg]
[i2.wp.com/herbnkathy.com/wp-content/uploads/2019/05/20190426_1328337ff4.jpg]
[i1.wp.com/herbnkathy.com/wp-content/uploads/2019/05/20190507_0913247ff4.jpg]
[i0.wp.com/herbnkathy.com/wp-content/uploads/2019/05/20190507_0954067ff4.jpg]
[i2.wp.com/herbnkathy.com/wp-content/uploads/2019/05/20190509_1505427ff4.jpg]
[i2.wp.com/herbnkathy.com/wp-content/uploads/2019/05/20190510_1231587ff4.jpg]
[herbnkathy.com/wp-content/uploads/2019/05/20190418_150243-1-1024x576.jpg]
[herbnkathy.com/wp-content/uploads/2019/05/20190418_150304-1-1024x576.jpg]
[herbnkathy.com/wp-content/uploads/2019/05/20190418_150323-1-1024x576.jpg]
[herbnkathy.com/wp-content/uploads/2019/05/20190501_174024-1024x576.jpg]
[herbnkathy.com/wp-content/uploads/2019/05/20190501_174221-1024x576.jpg]
[herbnkathy.com/wp-content/uploads/2019/05/20190506_095828-1024x576.jpg]
[herbnkathy.com/wp-content/uploads/2019/05/20190507_150246-1024x576.jpg]
[herbnkathy.com/wp-content/uploads/2019/05/20190508_094228-1024x576.jpg]
[herbnkathy.com/wp-content/uploads/2019/05/20190510_103018-1024x576.jpg]
[i1.wp.com/herbnkathy.com/wp-content/uploads/2019/06/20190603_0934567ff4.jpg]
[herbnkathy.com/tag/usace/index.html]
[herbnkathy.com/tag/army-corp/index.html]
[herbnkathy.com/tag/interpretive-center/index.html]
[herbnkathy.com/tag/mule/index.html]
[herbnkathy.com/tag/stream/index.html]
[herbnkathy.com/tag/visitor-center/index.html]
[herbnkathy.com/wp-json/oembed/1.0/embede5b3.json]
[herbnkathy.com/2023/09/14/volunteering-at-40-mile-point-lighthouse/feed/index.html]
[herbnkathy.com/wp-json/oembed/1.0/embed6c9c]
[herbnkathy.com/wp-json/wp/v2/posts/8739.json]
[secure.gravatar.com/avatar/632a949dba84e965cf2790d0a6c4592043625eb6cc33bba5004fc192966880dca8ba.png]
[herbnkathy.com/2023/09/14/volunteering-at-40-mile-point-lighthouse/index.html]
[herbnkathy.com/category/volunteering/index.html]
[herbnkathy.com/wp-json/wp/v2/categories/554707760.json]
[herbnkathy.com/2023/09/14/volunteering-at-40-mile-point-lighthouse/indexa59d.html]
[herbnkathy.com/category/volunteering/feed/index.html]
[herbnkathy.com/category/volunteering/page/2/index.html]
[herbnkathy.com/tag/40-mile-point/feed/index.html]
[herbnkathy.com/tag/40-mile-point/index.html]
[herbnkathy.com/wp-json/wp/v2/tags/554708173.json]
[herbnkathy.com/tag/calcite/index.html]
[herbnkathy.com/wp-json/wp/v2/tags/554708171.json]
[herbnkathy.com/tag/calcite/feed/index.html]
[herbnkathy.com/tag/freighter/index.html]
[herbnkathy.com/tag/freighter/feed/index.html]
[herbnkathy.com/wp-json/wp/v2/tags/554708181.json]
[herbnkathy.com/tag/fresnel/index.html]
[herbnkathy.com/tag/fresnel/feed/index.html]
[herbnkathy.com/wp-json/wp/v2/tags/554708175.json]
[herbnkathy.com/tag/lake-huron/index.html]
[herbnkathy.com/tag/lake-huron/feed/index.html]
[herbnkathy.com/wp-json/wp/v2/tags/554708160.json]
[herbnkathy.com/tag/lighthouse/index.html]
[herbnkathy.com/wp-json/wp/v2/tags/554708166.json]
[herbnkathy.com/tag/lighthouse/feed/index.html]
[herbnkathy.com/tag/rogers-city/index.html]
[herbnkathy.com/tag/rogers-city/feed/index.html]
[herbnkathy.com/wp-json/wp/v2/tags/554708167.json]
[herbnkathy.com/wp-json/oembed/1.0/embedb1b0.json]
[herbnkathy.com/2023/08/23/a-great-trip-back-home/feed/index.html]
[herbnkathy.com/wp-json/oembed/1.0/embedabde]
[herbnkathy.com/wp-json/wp/v2/posts/8718.json]
[secure.gravatar.com/avatar/5a402a05d821548fd73877077c4c0d44ce35c4e0c57c9c2bbc61606d88b6eb8ca8ba.png]
[secure.gravatar.com/avatar/149b429610438e3dbaa299766d6fd85cb8ab443b804a4a87dd1a59e129f7bed1a8ba.png]
[herbnkathy.com/2023/08/23/a-great-trip-back-home/index.html]
[herbnkathy.com/2023/08/23/a-great-trip-back-home/indexe511.html]
[herbnkathy.com/2023/08/23/a-great-trip-back-home/index4f21.html]
[herbnkathy.com/2023/08/23/a-great-trip-back-home/indexb8e1.html]
[herbnkathy.com/2023/08/23/a-great-trip-back-home/indexaee4.html]
[herbnkathy.com/2023/08/23/a-great-trip-back-home/index9d6a.html]
[herbnkathy.com/tag/alpena/index.html]
[herbnkathy.com/2023/08/23/a-great-trip-back-home/index7a8e.html]
[herbnkathy.com/wp-json/wp/v2/tags/554708158.json]
[herbnkathy.com/2023/08/23/a-great-trip-back-home/indexac84.html]
[herbnkathy.com/tag/alpena/feed/index.html]
[herbnkathy.com/tag/cabelas/index.html]
[herbnkathy.com/tag/cabelas/feed/index.html]
[herbnkathy.com/wp-json/wp/v2/tags/554707946.json]
[herbnkathy.com/wp-json/wp/v2/tags/554707231.json]
[herbnkathy.com/tag/friends/feed/index.html]
[herbnkathy.com/wp-content/uploads/2018/09/20180923_1859401922948826839948023.jpg]
[herbnkathy.com/2018/09/25/tinkertown-what-the-heck-is-that/index.html]
[herbnkathy.com/wp-content/uploads/2018/09/20180922_1128151663134508511437633.jpg]
[herbnkathy.com/wp-content/uploads/2018/09/20180922_1121506831260725837807456.jpg]
[herbnkathy.com/wp-content/uploads/2018/09/20180922_1120057325548233573997463.jpg]
[herbnkathy.com/wp-content/uploads/2018/09/20180922_1117141473122924504929672.jpg]
[herbnkathy.com/wp-content/uploads/2018/09/20180922_112847.jpg]
[herbnkathy.com/wp-content/uploads/2018/09/20180922_112847-300x169.jpg]
[herbnkathy.com/wp-content/uploads/2018/09/20180922_125431.jpg]
[herbnkathy.com/wp-content/uploads/2018/09/20180922_125500230a.mp4]
[herbnkathy.com/wp-content/uploads/2018/09/20180922_125500.mp4]
[herbnkathy.com/wp-content/uploads/2018/09/20180922_125841.jpg]
[herbnkathy.com/wp-content/uploads/2018/09/20180922_125841-300x169.jpg]
[herbnkathy.com/wp-content/uploads/2018/09/20180922_125854.jpg]
[herbnkathy.com/wp-content/uploads/2018/09/20180922_125854-300x169.jpg]
[herbnkathy.com/wp-content/uploads/2018/09/20180922_125951.jpg]
[herbnkathy.com/wp-content/uploads/2018/09/20180922_125951-300x169.jpg]
[herbnkathy.com/wp-content/uploads/2018/09/20180922_125959.jpg]
[herbnkathy.com/wp-content/uploads/2018/09/20180922_125959-300x169.jpg]
[herbnkathy.com/wp-content/uploads/2018/09/20180922_130046.jpg]
[herbnkathy.com/wp-content/uploads/2018/09/20180922_130046-300x169.jpg]
[herbnkathy.com/wp-content/uploads/2018/09/20180922_130123.jpg]
[herbnkathy.com/wp-content/uploads/2018/09/20180922_130123-300x169.jpg]
[herbnkathy.com/wp-content/uploads/2018/09/20180922_130208.jpg]
[herbnkathy.com/wp-content/uploads/2018/09/20180922_130208-300x169.jpg]
[herbnkathy.com/wp-content/uploads/2018/09/20180922_130503.jpg]
[herbnkathy.com/wp-content/uploads/2018/09/20180922_130503-300x169.jpg]
[herbnkathy.com/wp-content/uploads/2018/09/20180922_130514.jpg]
[herbnkathy.com/wp-content/uploads/2018/09/20180922_130514-300x169.jpg]
[herbnkathy.com/wp-content/uploads/2018/09/20180922_130517.jpg]
[herbnkathy.com/wp-content/uploads/2018/09/20180922_130517-300x169.jpg]
[herbnkathy.com/wp-content/uploads/2018/09/20180922_130622.jpg]
[herbnkathy.com/wp-content/uploads/2018/09/20180922_130622-300x169.jpg]
[herbnkathy.com/wp-content/uploads/2018/09/20180922_130630.jpg]
[herbnkathy.com/wp-content/uploads/2018/09/20180922_130630-300x169.jpg]
[herbnkathy.com/wp-content/uploads/2018/09/20180922_130659.jpg]
[herbnkathy.com/wp-content/uploads/2018/09/20180922_130659-300x169.jpg]
[herbnkathy.com/wp-content/uploads/2018/09/20180922_130712.jpg]
[herbnkathy.com/wp-content/uploads/2018/09/20180922_130712-300x169.jpg]
[herbnkathy.com/wp-content/uploads/2018/09/20180922_131130.jpg]
[herbnkathy.com/wp-content/uploads/2018/09/20180922_131130-300x169.jpg]
[herbnkathy.com/wp-content/uploads/2018/09/20180922_131217.jpg]
[herbnkathy.com/wp-content/uploads/2018/09/20180922_131217-300x169.jpg]
[herbnkathy.com/wp-content/uploads/2018/09/20180922_131516.jpg]
[herbnkathy.com/wp-content/uploads/2018/09/20180922_131516-300x169.jpg]
[herbnkathy.com/wp-content/uploads/2018/09/20180922_131524.jpg]
[herbnkathy.com/wp-content/uploads/2018/09/20180922_131524-300x169.jpg]
[herbnkathy.com/wp-content/uploads/2018/09/20180922_131532.jpg]
[herbnkathy.com/wp-content/uploads/2018/09/20180922_131532-300x169.jpg]
[herbnkathy.com/wp-content/uploads/2018/09/20180922_131547.jpg]
[herbnkathy.com/wp-content/uploads/2018/09/20180922_131547-300x169.jpg]
[herbnkathy.com/wp-content/uploads/2018/09/20180922_131647.jpg]
[herbnkathy.com/wp-content/uploads/2018/09/20180922_131647-300x169.jpg]
[herbnkathy.com/wp-content/uploads/2018/09/20180922_131712.jpg]
[herbnkathy.com/wp-content/uploads/2018/09/20180922_131712-300x169.jpg]
[herbnkathy.com/wp-content/uploads/2018/09/20180922_131834.jpg]
[herbnkathy.com/wp-content/uploads/2018/09/20180922_131834-300x169.jpg]
[herbnkathy.com/wp-content/uploads/2018/09/20180922_131940.jpg]
[herbnkathy.com/wp-content/uploads/2018/09/20180922_131940-300x169.jpg]
[herbnkathy.com/wp-content/uploads/2018/09/20180922_131950.jpg]
[herbnkathy.com/wp-content/uploads/2018/09/20180922_131950-300x169.jpg]
[herbnkathy.com/wp-content/uploads/2018/09/20180922_131959.jpg]
[herbnkathy.com/wp-content/uploads/2018/09/20180922_131959-300x169.jpg]
[herbnkathy.com/wp-content/uploads/2018/09/20180922_133659.jpg]
[herbnkathy.com/wp-content/uploads/2018/09/20180922_133659-300x169.jpg]
[herbnkathy.com/wp-content/uploads/2018/09/20180922_133706.jpg]
[herbnkathy.com/wp-content/uploads/2018/09/20180922_133706-300x169.jpg]
[herbnkathy.com/wp-content/uploads/2018/09/20180922_133741.jpg]
[herbnkathy.com/wp-content/uploads/2018/09/20180922_133741-300x169.jpg]
[herbnkathy.com/wp-content/uploads/2018/09/20180922_133808.jpg]
[herbnkathy.com/wp-content/uploads/2018/09/20180922_133808-300x169.jpg]
[herbnkathy.com/wp-content/uploads/2018/09/20180922_133957.jpg]
[herbnkathy.com/wp-content/uploads/2018/09/20180922_133957-e1542664682856-300x169.jpg]
[herbnkathy.com/wp-content/uploads/2017/12/2017-05-02-16.02.44.jpg]
[herbnkathy.com/wp-content/uploads/2017/12/2017-05-02-16.02.44-300x169.jpg]
[herbnkathy.com/wp-content/uploads/2017/12/2017-05-03-17.59.47.jpg]
[herbnkathy.com/wp-content/uploads/2017/12/2017-05-03-17.59.47-300x169.jpg]
[herbnkathy.com/tag/eclectic/index.html]
[herbnkathy.com/wp-content/uploads/2017/12/2017-05-04-17.25.44.jpg]
[herbnkathy.com/wp-content/uploads/2017/12/2017-05-04-17.25.44-300x169.jpg]
[herbnkathy.com/tag/imagination/index.html]
[herbnkathy.com/wp-content/uploads/2017/12/2017-05-05-13.38.24.jpg]
[herbnkathy.com/tag/sandia-peak/index.html]
[herbnkathy.com/wp-content/uploads/2017/12/2017-05-05-13.38.24-300x169.jpg]
[herbnkathy.com/wp-content/uploads/2017/12/2017-05-05-19.19.08.jpg]
[herbnkathy.com/tag/talent/index.html]
[herbnkathy.com/wp-content/uploads/2017/12/2017-05-05-19.19.08-300x169.jpg]
[herbnkathy.com/wp-content/uploads/2017/12/2017-05-07-17.32.07.jpg]
[herbnkathy.com/wp-content/uploads/2017/12/2017-05-07-17.32.07-300x169.jpg]
[herbnkathy.com/wp-content/uploads/2017/12/2017-07-25-11.28.34.jpg]
[herbnkathy.com/wp-content/uploads/2017/12/2017-07-25-11.28.34-300x169.jpg]
[herbnkathy.com/tag/tinkertown/index.html]
[herbnkathy.com/wp-content/uploads/2017/12/2017-08-23-17.06.30.jpg]
[herbnkathy.com/tag/whimsy/index.html]
[herbnkathy.com/wp-content/uploads/2017/12/2017-08-23-17.06.30-300x169.jpg]
[herbnkathy.com/2017/12/06/wow-what-a-blast-friends-weve-seen-along-the-way/index.html]
[herbnkathy.com/wp-content/uploads/2017/12/2017-09-01-18.34.31.jpg]
[herbnkathy.com/wp-content/uploads/2017/12/2017-09-01-18.34.31-300x169.jpg]
[herbnkathy.com/wp-content/uploads/2017/12/2017-09-01-18.35.17.jpg]
[herbnkathy.com/wp-content/uploads/2017/12/2017-09-01-18.35.17-300x169.jpg]
[herbnkathy.com/wp-content/uploads/2017/12/2017-09-01-18.35.52.jpg]
[herbnkathy.com/wp-content/uploads/2017/12/2017-09-01-18.35.52-300x169.jpg]
[herbnkathy.com/wp-content/uploads/2017/12/2017-09-03-16.31.54.jpg]
[herbnkathy.com/wp-content/uploads/2017/12/2017-09-03-16.31.54-300x169.jpg]
[herbnkathy.com/wp-content/uploads/2017/12/20170623_104641.jpg]
[herbnkathy.com/wp-content/uploads/2017/12/20170623_104641-300x169.jpg]
[herbnkathy.com/wp-content/uploads/2017/12/Baldwin-Hudson-Lunch.jpg]
[herbnkathy.com/wp-content/uploads/2017/12/Baldwin-Hudson-Lunch-300x169.jpg]
[herbnkathy.com/wp-content/uploads/2017/12/We-and-Tom-Stang.jpg]
[herbnkathy.com/wp-content/uploads/2017/12/We-and-Tom-Stang-300x225.jpg]
[herbnkathy.com/wp-content/uploads/2017/12/2016-04-10-19.27.46.jpg]
[herbnkathy.com/wp-content/uploads/2017/12/2016-04-10-19.27.46-300x225.jpg]
[herbnkathy.com/wp-content/uploads/2017/12/2016-09-10-08.13.56.jpg]
[herbnkathy.com/wp-content/uploads/2017/12/2016-09-10-08.13.56-300x225.jpg]
[herbnkathy.com/wp-content/uploads/2017/12/2017-03-05-12.32.49.jpg]
[herbnkathy.com/wp-content/uploads/2017/12/2017-03-05-12.32.49-300x169.jpg]
[herbnkathy.com/wp-content/uploads/2017/12/2017-03-11-18.48.53.jpg]
[herbnkathy.com/wp-content/uploads/2017/12/2017-03-11-18.48.53-300x169.jpg]
[herbnkathy.com/wp-content/uploads/2017/12/2017-03-21-18.21.20-1.jpg]
[herbnkathy.com/wp-content/uploads/2017/12/2017-03-21-18.21.20-1-300x169.jpg]
[herbnkathy.com/wp-content/uploads/2017/12/2017-03-22-19.09.14.jpg]
[herbnkathy.com/wp-content/uploads/2017/12/2017-03-22-19.09.14-300x225.jpg]
[herbnkathy.com/wp-content/uploads/2017/12/2017-07-07-15.55.42.jpg]
[herbnkathy.com/wp-content/uploads/2017/12/2017-07-07-15.55.42-300x169.jpg]
[herbnkathy.com/wp-content/uploads/2017/12/2017-07-08-20.30.55.jpg]
[herbnkathy.com/wp-content/uploads/2017/12/2017-07-08-20.30.55-300x169.jpg]
[herbnkathy.com/wp-content/uploads/2017/12/CindySteve.jpg]
[herbnkathy.com/wp-content/uploads/2017/12/CindySteve-300x225.jpg]
[herbnkathy.com/wp-content/uploads/2017/12/KathyBarb.jpg]
[herbnkathy.com/wp-content/uploads/2017/12/KathyBarb-300x225.jpg]
[herbnkathy.com/wp-content/uploads/2017/12/2017-03-23-20.08.03.jpg]
[herbnkathy.com/wp-content/uploads/2017/12/2017-03-23-20.08.03-300x169.jpg]
[herbnkathy.com/wp-content/uploads/2017/12/EdSandy.jpg]
[herbnkathy.com/wp-content/uploads/2017/12/EdSandy-300x225.jpg]
[herbnkathy.com/wp-content/uploads/2017/12/George-W.jpg]
[herbnkathy.com/wp-content/uploads/2017/12/George-W-300x225.jpg]
[herbnkathy.com/wp-content/uploads/2017/07/2017-07-01-11.51.53.jpg]
[herbnkathy.com/wp-content/uploads/2017/07/2017-07-01-11.50.57.jpg]
[herbnkathy.com/wp-content/uploads/2017/07/2017-07-01-12.01.39.jpg]
[herbnkathy.com/tag/alabama/index.html]
[herbnkathy.com/wp-content/uploads/2017/07/2017-07-01-11.52.07.jpg]
[herbnkathy.com/tag/buddies/index.html]
[herbnkathy.com/wp-content/uploads/2017/07/2017-07-01-11.52.00.jpg]
[herbnkathy.com/wp-content/uploads/2017/07/2017-07-01-11.51.49-1.jpg]
[herbnkathy.com/wp-content/uploads/2017/07/2017-07-01-11.51.41-1.jpg]
[herbnkathy.com/wp-content/uploads/2017/07/2017-07-01-12.20.04.jpg]
[herbnkathy.com/2017/07/01/honoring-our-veterans-at-the-park-2/index.html]
[herbnkathy.com/wp-content/uploads/2017/07/2017-07-01-12.18.52.jpg]
[herbnkathy.com/wp-content/uploads/2017/07/2017-07-01-12.16.40.jpg]
[herbnkathy.com/wp-content/uploads/2017/07/2017-07-01-16.04.46.jpg]
[herbnkathy.com/category/veterans/index.html]
[herbnkathy.com/wp-content/uploads/2017/07/2017-06-30-18.37.54.jpg]
[herbnkathy.com/wp-content/uploads/2017/07/2017-07-01-12.51.01.jpg]
[herbnkathy.com/wp-content/uploads/2017/05/2nd-Grade-Fosmoe-1.jpg]
[herbnkathy.com/wp-content/uploads/2017/05/2nd-Grade-Fosmoe-1-1024x768.jpg]
[herbnkathy.com/tag/children/index.html]
[herbnkathy.com/wp-content/uploads/2017/05/2017-05-02-16.02.44.jpg]
[herbnkathy.com/tag/july-4th/index.html]
[herbnkathy.com/wp-content/uploads/2017/05/2017-05-02-16.02.44-1024x576.jpg]
[herbnkathy.com/wp-content/uploads/2017/05/2017-05-03-17.59.47.jpg]
[herbnkathy.com/tag/parade/index.html]
[herbnkathy.com/wp-content/uploads/2017/05/2017-05-03-17.59.47-1024x576.jpg]
[herbnkathy.com/wp-content/uploads/2017/05/2017-05-04-17.25.44.jpg]
[herbnkathy.com/wp-content/uploads/2017/05/2017-05-04-17.25.44-1024x576.jpg]
[herbnkathy.com/wp-content/uploads/2017/05/2017-05-05-13.38.24.jpg]
[herbnkathy.com/tag/party/index.html]
[herbnkathy.com/wp-content/uploads/2017/05/2017-05-05-13.38.24-1024x576.jpg]
[herbnkathy.com/wp-content/uploads/2017/05/2017-05-05-19.19.08.jpg]
[herbnkathy.com/wp-content/uploads/2017/05/2017-05-05-19.19.08-1024x576.jpg]
[herbnkathy.com/wp-content/uploads/2017/05/TripTik-Map-Proud-Lake-to-PMO-RV-Park.jpg]
[herbnkathy.com/wp-content/uploads/2017/05/TripTik-Map-Proud-Lake-to-PMO-RV-Park-1024x709.jpg]
[herbnkathy.com/tag/veterans/index.html]
[herbnkathy.com/wp-content/uploads/2017/05/13116-MonteVista.jpg]
[herbnkathy.com/2017/05/09/old-home-week-in-s-e-michigan/index.html]
[herbnkathy.com/wp-content/uploads/2017/05/2017-05-07-17.32.07.jpg]
[herbnkathy.com/wp-content/uploads/2017/05/2017-05-07-17.32.07-1024x576.jpg]
[herbnkathy.com/tag/friends/index.html]
[herbnkathy.com/2017/05/02/first-day-in-michigan-proud-lake-recreation-area/index.html]
[herbnkathy.com/tag/delton/index.html]
[herbnkathy.com/tag/meetup/index.html]
[herbnkathy.com/wp-json/wp/v2/tags/554708178.json]
[herbnkathy.com/tag/spring-lake/index.html]
[herbnkathy.com/tag/old-friends/index.html]
[herbnkathy.com/tag/redford-township/index.html]
[herbnkathy.com/tag/wixom/index.html]
[herbnkathy.com/tag/friends/page/2/index.html]
[herbnkathy.com/tag/oscoda/index.html]
[herbnkathy.com/wp-json/wp/v2/tags/554708180.json]
[herbnkathy.com/tag/meetup/feed/index.html]
[herbnkathy.com/tag/oscoda/feed/index.html]
[herbnkathy.com/tag/rv/feed/index.html]
[herbnkathy.com/tag/rv/index.html]
[herbnkathy.com/wp-json/wp/v2/tags/3559.json]
[herbnkathy.com/tag/school/feed/index.html]
[herbnkathy.com/wp-json/wp/v2/tags/130.json]
[herbnkathy.com/tag/rv/page/2/index.html]
[herbnkathy.com/2019/04/11/camping-at-school/index.html]
[i0.wp.com/herbnkathy.com/wp-content/uploads/2019/04/20190409071449211e.jpg]
[i1.wp.com/herbnkathy.com/wp-content/uploads/2019/04/20190409071418211e.jpg]
[i2.wp.com/herbnkathy.com/wp-content/uploads/2019/04/20190409071506211e.jpg]
[herbnkathy.com/wp-content/uploads/2017/05/2017-04-06-19.13.10.jpg]
[herbnkathy.com/wp-content/uploads/2017/05/2017-04-06-19.13.10-1024x576.jpg]
[herbnkathy.com/wp-content/uploads/2017/05/2012-09-02-18.59.52.jpg]
[herbnkathy.com/wp-content/uploads/2017/05/2012-09-02-18.59.52-150x150.jpg]
[herbnkathy.com/tag/boondockers-welcome/index.html]
[herbnkathy.com/wp-content/uploads/2017/05/2017-05-02-08.36.07.jpg]
[herbnkathy.com/tag/hinkley/index.html]
[herbnkathy.com/wp-content/uploads/2017/05/2017-05-02-08.36.07-1024x576.jpg]
[herbnkathy.com/wp-content/uploads/2017/05/2017-05-01-19.22.08.jpg]
[herbnkathy.com/tag/latter-day-saints/index.html]
[herbnkathy.com/wp-content/uploads/2017/05/2017-05-01-19.22.08-1024x576.jpg]
[herbnkathy.com/wp-content/uploads/2017/05/2017-05-01-19.15.36.jpg]
[herbnkathy.com/wp-content/uploads/2017/05/2017-05-01-19.15.36-1024x576.jpg]
[herbnkathy.com/tag/lds/index.html]
[herbnkathy.com/wp-content/uploads/2017/05/2017-05-01-19.15.24.jpg]
[herbnkathy.com/tag/mormon/index.html]
[herbnkathy.com/wp-content/uploads/2017/05/2017-05-01-19.15.24-1024x576.jpg]
[herbnkathy.com/wp-content/uploads/2017/05/2017-05-01-19.11.52.jpg]
[herbnkathy.com/tag/schoolhouse/index.html]
[herbnkathy.com/wp-content/uploads/2017/05/2017-05-01-19.11.52-1024x576.jpg]
[herbnkathy.com/wp-content/uploads/2017/05/2017-05-01-19.11.02.jpg]
[herbnkathy.com/wp-content/uploads/2017/05/2017-05-01-19.11.02-1024x576.jpg]
[herbnkathy.com/wp-content/uploads/2017/05/2017-05-01-19.04.55.jpg]
[herbnkathy.com/wp-content/uploads/2017/05/2017-05-01-19.04.55-1024x576.jpg]
[herbnkathy.com/wp-content/uploads/2017/05/2017-05-01-15.47.36.jpg]
[herbnkathy.com/wp-content/uploads/2017/05/2017-05-01-15.47.36-1024x576.jpg]
[herbnkathy.com/wp-content/uploads/2017/05/2nd-Grade-Fosmoe.jpg]
[herbnkathy.com/wp-content/uploads/2017/05/2nd-Grade-Fosmoe-300x225.jpg]
[herbnkathy.com/wp-content/uploads/2017/05/IMG952082.jpg]
[herbnkathy.com/wp-content/uploads/2017/05/IMG952082-300x225.jpg]
[herbnkathy.com/tag/school/index.html]
[herbnkathy.com/tag/camp/index.html]
[herbnkathy.com/tag/tawas/index.html]
[herbnkathy.com/wp-json/wp/v2/tags/554708179.json]
[herbnkathy.com/tag/redford/index.html]
[herbnkathy.com/tag/class/index.html]
[herbnkathy.com/tag/elementary/index.html]
[herbnkathy.com/tag/tawas/feed/index.html]
[herbnkathy.com/wp-json/oembed/1.0/embed46a4.json]
[herbnkathy.com/2023/08/16/a-great-visit-from-family/feed/index.html]
[herbnkathy.com/wp-json/oembed/1.0/embed17c2]
[herbnkathy.com/wp-json/wp/v2/posts/8712.json]
[secure.gravatar.com/avatar/34fc102cb9bea6ec3b98b44afe148bcec2e37c668dfc5d3f77493330723ba18ba8ba.png]
[herbnkathy.com/2023/08/16/a-great-visit-from-family/index.html]
[herbnkathy.com/tag/limestone/index.html]
[herbnkathy.com/wp-json/wp/v2/tags/554708177.json]
[herbnkathy.com/2023/08/16/a-great-visit-from-family/index2020.html]
[herbnkathy.com/2023/08/16/a-great-visit-from-family/index7694.html]
[herbnkathy.com/tag/quarry/feed/index.html]
[herbnkathy.com/tag/limestone/feed/index.html]
[herbnkathy.com/tag/quarry/index.html]
[herbnkathy.com/wp-json/wp/v2/tags/554708176.json]
[herbnkathy.com/wp-json/oembed/1.0/embed26fc.json]
[herbnkathy.com/2023/08/02/goodbye-to-new-friends/feed/index.html]
[herbnkathy.com/wp-json/oembed/1.0/embed3800]
[herbnkathy.com/wp-json/wp/v2/posts/8707.json]
[secure.gravatar.com/avatar/38dc6a998d71bd2522065b71706569d7d96e76b3cd7c85a3b559667adc0e51cca8ba.png]
[herbnkathy.com/2023/08/02/goodbye-to-new-friends/index.html]
[herbnkathy.com/tag/lightkeeper/index.html]
[herbnkathy.com/page/2/index.html]
[herbnkathy.com/wp-json/wp/v2/tags/554708174.json]
[herbnkathy.com/page/3/index.html]
[herbnkathy.com/2023/08/02/goodbye-to-new-friends/index46cf.html]
[herbnkathy.com/tag/baldwin/feed/index.html]
[herbnkathy.com/tag/lightkeeper/feed/index.html]
[herbnkathy.com/2023/08/02/goodbye-to-new-friends/indexf8d1.html]
[herbnkathy.com/wp-json/wp/v2/tags/554707354.json]
[herbnkathy.com/wp-content/uploads/2018/06/2017-07-01-12.51.01.jpg]
[herbnkathy.com/wp-content/uploads/2018/06/2017-07-01-12.51.01-300x169.jpg]
[herbnkathy.com/wp-content/uploads/2018/06/2018-06-08-10.22.13.jpg]
[herbnkathy.com/wp-content/uploads/2018/06/2018-06-08-10.22.13-1024x576.jpg]
[herbnkathy.com/wp-content/uploads/2018/06/2018-06-22-09.25.34.jpg]
[herbnkathy.com/wp-content/uploads/2018/06/2018-06-22-09.25.34-300x169.jpg]
[herbnkathy.com/wp-content/uploads/2018/06/Marilynn.jpg]
[herbnkathy.com/2018/08/31/storm-came-through-our-park-video/index.html]
[herbnkathy.com/wp-content/uploads/2018/06/Marilynn-300x169.jpg]
[herbnkathy.com/wp-content/uploads/2017/08/VerdeMap.jpg]
[herbnkathy.com/wp-content/uploads/2017/08/Baldwin-Map.jpg]
[herbnkathy.com/tag/rain/index.html]
[herbnkathy.com/wp-content/uploads/2017/05/2017-05-12-10.54.40.jpg]
[herbnkathy.com/wp-content/uploads/2017/05/2017-05-12-10.54.40-1024x576.jpg]
[herbnkathy.com/wp-content/uploads/2017/05/2017-05-15-13.17.06.jpg]
[herbnkathy.com/wp-content/uploads/2017/05/2017-05-15-13.17.06-1024x576.jpg]
[herbnkathy.com/tag/storm/index.html]
[herbnkathy.com/wp-content/uploads/2017/05/2017-05-23-09.31.58.jpg]
[herbnkathy.com/wp-content/uploads/2017/05/2017-05-23-09.31.58-1024x576.jpg]
[herbnkathy.com/wp-content/uploads/2017/05/2017-05-23-16.05.50.jpg]
[herbnkathy.com/wp-content/uploads/2017/05/2017-05-23-16.05.50-1024x576.jpg]
[herbnkathy.com/tag/stormy/index.html]
[herbnkathy.com/wp-content/uploads/2017/05/20170511_103355.jpg]
[herbnkathy.com/wp-content/uploads/2017/05/20170511_103355-1024x576.jpg]
[herbnkathy.com/wp-content/uploads/2017/05/20170511_103732.jpg]
[herbnkathy.com/wp-content/uploads/2017/05/20170511_103732-1024x576.jpg]
[herbnkathy.com/tag/tornado/index.html]
[herbnkathy.com/wp-content/uploads/2017/05/2017-05-23-15.54.51-1.jpg]
[herbnkathy.com/tag/video/index.html]
[herbnkathy.com/wp-content/uploads/2017/05/2017-05-23-15.54.51-1-1024x576.jpg]
[herbnkathy.com/wp-content/uploads/2017/05/2017-05-24-16.00.28.jpg]
[herbnkathy.com/tag/wind/index.html]
[herbnkathy.com/wp-content/uploads/2017/05/2017-05-24-16.00.28-1024x576.jpg]
[herbnkathy.com/wp-content/uploads/2017/05/2017-05-26-11.00.10.jpg]
[herbnkathy.com/wp-content/uploads/2017/05/2017-05-26-11.00.10-1024x576.jpg]
[herbnkathy.com/wp-content/uploads/2017/05/2017-05-26-10.55.58.jpg]
[herbnkathy.com/tag/windy/index.html]
[herbnkathy.com/wp-content/uploads/2017/05/2017-05-26-10.55.58-1024x576.jpg]
[herbnkathy.com/wp-content/uploads/2017/05/2017-05-26-10.10.44.jpg]
[herbnkathy.com/wp-content/uploads/2017/05/2017-05-26-10.10.44-1024x576.jpg]
[herbnkathy.com/wp-content/uploads/2017/05/2017-05-08-08.46.46.jpg]
[herbnkathy.com/wp-content/uploads/2017/05/2017-05-08-08.46.46-1024x576.jpg]
[herbnkathy.com/2018/06/24/workamping-near-the-river-fun/index.html]
[herbnkathy.com/wp-content/uploads/2017/05/2017-05-11-10.37.32.jpg]
[herbnkathy.com/wp-content/uploads/2017/05/2017-05-11-10.37.32-1024x576.jpg]
[herbnkathy.com/tag/baldwin/index.html]
[herbnkathy.com/wp-json/wp/v2/tags/24973.json]
[herbnkathy.com/2017/09/23/rv-park-review-pere-marquette-oaks-rv-condo-resort-michigan/index.html]
[herbnkathy.com/tag/baldwin-canoe-rental/index.html]
[herbnkathy.com/tag/canoe/index.html]
[herbnkathy.com/tag/canoeing/index.html]
[www.quartzsitervshow.com/files/9813/7175/9122/aerial12_980_300sm.863.delayed]
[herbnkathy.com/wp-content/uploads/2017/01/berg-quartzsite22.jpg]
[herbnkathy.com/tag/kayak/index.html]
[herbnkathy.com/wp-content/uploads/2017/01/2016-12-19-09-21-14.jpg]
[herbnkathy.com/tag/lake-michigan/index.html]
[herbnkathy.com/wp-content/uploads/2017/01/1004b20dogs20got20a20minute.jpg]
[herbnkathy.com/tag/river-rafting/index.html]
[herbnkathy.com/wp-content/uploads/2016/06/2016-06-25-15-01-26.jpg]
[herbnkathy.com/tag/rafting/index.html]
[herbnkathy.com/2016/11/20/so-just-what-is-workamping-anyway/index.html]
[herbnkathy.com/wp-content/uploads/2016/06/2016-06-25-15-01-26-150x150.jpg]
[herbnkathy.com/tag/bicycle/index.html]
[herbnkathy.com/wp-content/uploads/2016/06/2016-06-25-15-02-29.jpg]
[herbnkathy.com/wp-content/uploads/2016/06/2016-06-25-15-02-29-150x150.jpg]
[herbnkathy.com/2017/05/26/our-first-official-week-on-the-job/index.html]
[herbnkathy.com/wp-content/uploads/2016/06/2016-06-26-09-22-47.jpg]
[herbnkathy.com/wp-content/uploads/2016/06/2016-06-26-09-22-47-150x150.jpg]
[herbnkathy.com/wp-content/uploads/2016/06/2016-06-25-22-44-09.jpg]
[herbnkathy.com/tag/baldwin/page/2/index.html]
[herbnkathy.com/wp-content/uploads/2016/06/2016-06-25-22-44-09-150x150.jpg]
[herbnkathy.com/wp-content/uploads/2016/06/2016-06-25-22-43-58.jpg]
[herbnkathy.com/wp-content/uploads/2016/06/2016-06-25-22-43-58-150x150.jpg]
[herbnkathy.com/tag/batteries/feed/index.html]
[herbnkathy.com/wp-content/uploads/2016/06/2016-06-25-15-02-19.jpg]
[herbnkathy.com/wp-content/uploads/2016/06/2016-06-25-15-02-19-150x150.jpg]
[herbnkathy.com/wp-content/uploads/2016/06/2016-06-25-15-02-36.jpg]
[herbnkathy.com/wp-content/uploads/2016/06/2016-06-25-15-02-36-150x150.jpg]
[herbnkathy.com/wp-content/uploads/2016/06/2016-06-25-19-41-53.jpg]
[herbnkathy.com/wp-content/uploads/2016/06/2016-06-25-19-41-53-150x150.jpg]
[herbnkathy.com/one-minute-business/index.html]
[herbnkathy.com/wp-content/uploads/2016/06/2016-06-25-15-01-44.jpg]
[herbnkathy.com/wp-content/uploads/2016/06/2016-06-25-15-01-44-150x150.jpg]
[herbnkathy.com/wp-content/uploads/2016/06/2016-06-25-15-02-07.jpg]
[herbnkathy.com/wp-content/uploads/2016/06/2016-06-25-15-02-07-150x150.jpg]
[herbnkathy.com/2016/06/26/amateur-radio-field-day-june-2016/index.html]
[herbnkathy.com/wp-content/uploads/2016/06/2016-06-26-09-21-06.jpg]
[herbnkathy.com/wp-content/uploads/2016/06/2016-06-26-09-21-06-150x150.jpg]
[herbnkathy.com/wp-content/uploads/2016/06/2016-06-26-08-45-32.jpg]
[herbnkathy.com/wp-content/uploads/2016/06/2016-06-26-08-45-32-150x150.jpg]
[herbnkathy.com/wp-content/uploads/2016/06/g670rvult5277.jpg]
[herbnkathy.com/wp-content/uploads/2016/06/heliotrop-solar-controlleraf90.jpg]
[herbnkathy.com/tag/batteries/index.html]
[herbnkathy.com/tag/disaster/index.html]
[herbnkathy.com/wp-json/wp/v2/tags/6523779.json]
[herbnkathy.com/tag/emergency/index.html]
[herbnkathy.com/wp-content/uploads/2021/04/GileadToMorowMap.jpg]
[herbnkathy.com/tag/fun/index.html]
[herbnkathy.com/2016/06/24/solar-still-not-working-right/index.html]
[herbnkathy.com/wp-content/uploads/2021/04/TSD-London-OH-Receipt.883.delayed]
[herbnkathy.com/tag/tires/index.html]
[herbnkathy.com/tag/boondocking/feed/index.html]
[herbnkathy.com/2016/06/19/solar-panels-not-working/index.html]
[herbnkathy.com/wp-content/uploads/2021/04/IMG_20210405_145645576.jpg]
[herbnkathy.com/wp-content/uploads/2021/04/IMG_20210405_143530636.jpg]
[herbnkathy.com/2021/04/05/our-first-harvest-hosts-overnighter/index.html]
[herbnkathy.com/wp-content/uploads/2021/04/IMG_20210405_144257394_HDR.jpg]
[herbnkathy.com/wp-content/uploads/2021/04/IMG_20210405_143554279.jpg]
[herbnkathy.com/wp-content/uploads/2021/04/IMG_20210405_170507556_HDR.jpg]
[herbnkathy.com/wp-content/uploads/2021/04/IMG_20210405_170457396.jpg]
[herbnkathy.com/wp-content/uploads/2021/04/IMG_20210405_170434494.jpg]
[herbnkathy.com/wp-content/uploads/2021/04/IMG_20210405_164540343_HDR.jpg]
[herbnkathy.com/wp-content/uploads/2021/04/IMG_20210405_164545690_HDR.jpg]
[herbnkathy.com/wp-content/uploads/2021/04/IMG_20210405_163734690.jpg]
[herbnkathy.com/wp-content/uploads/2021/04/IMG_20210405_163720641_HDR.jpg]
[herbnkathy.com/wp-content/uploads/2021/04/IMG_20210405_163539437_HDR.jpg]
[herbnkathy.com/wp-content/uploads/2021/04/IMG_20210405_143358659.jpg]
[herbnkathy.com/wp-content/uploads/2017/01/QuartzFest-SiteMap.jpg]
[herbnkathy.com/wp-content/uploads/2017/01/QuartzFest-SiteMap-300x225.jpg]
[herbnkathy.com/wp-content/uploads/2016/09/2016-09-07-16-37-42.jpg]
[herbnkathy.com/wp-content/uploads/2016/09/2016-09-07-16-37-42-150x150.jpg]
[herbnkathy.com/wp-content/uploads/2016/09/2016-09-07-17-13-55.jpg]
[herbnkathy.com/tag/morrow/index.html]
[herbnkathy.com/wp-content/uploads/2016/09/2016-09-07-17-13-55-150x150.jpg]
[herbnkathy.com/wp-content/uploads/2016/09/2016-09-07-17-41-531.jpg]
[herbnkathy.com/wp-content/uploads/2016/09/2016-09-07-17-41-531-150x150.jpg]
[herbnkathy.com/tag/valley-vineyards/index.html]
[herbnkathy.com/wp-content/uploads/2016/09/2016-09-08-10-06-44.jpg]
[herbnkathy.com/2017/01/18/getting-ready-for-quartzsite/index.html]
[herbnkathy.com/wp-content/uploads/2016/09/2016-09-08-10-06-44-150x150.jpg]
[herbnkathy.com/wp-content/uploads/2016/09/2016-09-08-10-06-50.jpg]
[herbnkathy.com/wp-content/uploads/2016/09/2016-09-08-10-06-50-150x150.jpg]
[herbnkathy.com/tag/arrl/index.html]
[herbnkathy.com/wp-content/uploads/2016/09/2016-09-08-16-03-52.jpg]
[herbnkathy.com/wp-content/uploads/2016/09/2016-09-08-16-03-52-150x150.jpg]
[herbnkathy.com/wp-content/uploads/2016/09/2016-09-08-16-11-25.jpg]
[herbnkathy.com/wp-content/uploads/2016/09/2016-09-08-16-11-25-150x150.jpg]
[herbnkathy.com/tag/rv-show/index.html]
[herbnkathy.com/wp-content/uploads/2016/09/2016-09-08-10-07-27.jpg]
[herbnkathy.com/wp-content/uploads/2016/09/2016-09-08-10-07-27-150x150.jpg]
[herbnkathy.com/wp-content/uploads/2016/09/2016-09-08-10-07-23.jpg]
[herbnkathy.com/wp-content/uploads/2016/09/2016-09-08-10-07-23-150x150.jpg]
[herbnkathy.com/2016/09/12/we-didnt-know-anybody-in-kansas-past-tense/index.html]
[herbnkathy.com/wp-content/uploads/2016/09/2016-09-08-10-07-03.jpg]
[herbnkathy.com/wp-content/uploads/2016/09/2016-09-08-10-07-03-150x150.jpg]
[herbnkathy.com/wp-content/uploads/2016/09/2016-09-08-12-01-03.jpg]
[herbnkathy.com/wp-content/uploads/2016/09/2016-09-08-12-01-03-150x150.jpg]
[herbnkathy.com/wp-content/uploads/2016/09/2016-09-10-07-31-45.jpg]
[herbnkathy.com/wp-content/uploads/2016/09/2016-09-10-08-13-56.jpg]
[herbnkathy.com/tag/boondocking/index.html]
[herbnkathy.com/wp-json/wp/v2/tags/198641.json]
[herbnkathy.com/wp-content/uploads/2017/03/2017-03-09-12.09.07.jpg]
[herbnkathy.com/tag/cactus/feed/index.html]
[herbnkathy.com/wp-content/uploads/2017/03/2017-03-09-19.07.38e6f8.mp4]
[herbnkathy.com/wp-content/uploads/2017/03/2017-03-09-19.07.38.mp4]
[herbnkathy.com/wp-content/uploads/2017/03/2017-03-09-12.31.16.jpg]
[herbnkathy.com/2017/03/10/just-a-few-miles-down-the-road/index.html]
[herbnkathy.com/wp-content/uploads/2017/03/2017-03-09-12.30.35.jpg]
[herbnkathy.com/wp-content/uploads/2017/03/2017-03-09-12.29.57.jpg]
[herbnkathy.com/wp-content/uploads/2017/03/2017-03-09-12.29.52.jpg]
[herbnkathy.com/wp-content/uploads/2017/03/2017-03-09-12.29.47.jpg]
[herbnkathy.com/wp-content/uploads/2017/03/2017-03-09-12.29.43.jpg]
[herbnkathy.com/wp-content/uploads/2017/03/2017-03-09-12.17.48.jpg]
[herbnkathy.com/wp-content/uploads/2017/03/2017-03-09-12.17.42.jpg]
[herbnkathy.com/wp-content/uploads/2017/03/2017-03-09-12.16.41.jpg]
[herbnkathy.com/wp-content/uploads/2017/03/2017-03-09-12.15.10.jpg]
[herbnkathy.com/wp-content/uploads/2017/03/2017-03-09-12.07.58.jpg]
[herbnkathy.com/wp-content/uploads/2017/03/2017-03-09-12.04.30.jpg]
[herbnkathy.com/wp-content/uploads/2016/04/dsc_0001.jpg]
[herbnkathy.com/wp-content/uploads/2016/04/dsc_0001-150x150.jpg]
[herbnkathy.com/wp-content/uploads/2016/04/dsc_0002.jpg]
[herbnkathy.com/tag/bullpen/index.html]
[herbnkathy.com/wp-content/uploads/2016/04/dsc_0002-150x150.jpg]
[herbnkathy.com/wp-content/uploads/2016/04/dsc_0003.jpg]
[herbnkathy.com/wp-content/uploads/2016/04/dsc_0003-150x150.jpg]
[herbnkathy.com/tag/canyon/index.html]
[herbnkathy.com/wp-content/uploads/2016/04/dsc_0004.jpg]
[herbnkathy.com/wp-content/uploads/2016/04/dsc_0004-150x150.jpg]
[herbnkathy.com/wp-content/uploads/2016/04/dsc_0005.jpg]
[herbnkathy.com/wp-content/uploads/2016/04/dsc_0005-150x150.jpg]
[herbnkathy.com/wp-content/uploads/2016/04/dsc_0006.jpg]
[herbnkathy.com/tag/clear-creek/index.html]
[herbnkathy.com/wp-content/uploads/2016/04/dsc_0006-150x150.jpg]
[herbnkathy.com/wp-content/uploads/2016/04/dsc_0007.jpg]
[herbnkathy.com/wp-content/uploads/2016/04/dsc_0007-150x150.jpg]
[herbnkathy.com/tag/creek/index.html]
[herbnkathy.com/wp-content/uploads/2016/04/dsc_0008.jpg]
[herbnkathy.com/tag/day-use/index.html]
[herbnkathy.com/wp-content/uploads/2016/04/dsc_0008-150x150.jpg]
[herbnkathy.com/tag/mesquite/index.html]
[herbnkathy.com/wp-content/uploads/2016/04/dsc_0009.jpg]
[herbnkathy.com/wp-content/uploads/2016/04/dsc_0009-150x150.jpg]
[herbnkathy.com/2016/04/24/cactus-garden-the-north-ranch/index.html]
[herbnkathy.com/wp-content/uploads/2016/04/dsc_0010.jpg]
[herbnkathy.com/wp-content/uploads/2016/04/dsc_0010-150x150.jpg]
[herbnkathy.com/wp-content/uploads/2016/04/dsc_0011.jpg]
[herbnkathy.com/wp-content/uploads/2016/04/dsc_0011-150x150.jpg]
[herbnkathy.com/wp-content/uploads/2016/04/dsc_0012.jpg]
[herbnkathy.com/wp-content/uploads/2016/04/dsc_0012-150x150.jpg]
[herbnkathy.com/wp-content/uploads/2016/04/dsc_0013.jpg]
[herbnkathy.com/wp-content/uploads/2016/04/dsc_0013-150x150.jpg]
[herbnkathy.com/wp-content/uploads/2016/04/dsc_0014.jpg]
[herbnkathy.com/wp-content/uploads/2016/04/dsc_0014-150x150.jpg]
[herbnkathy.com/wp-content/uploads/2016/04/dsc_0015.jpg]
[herbnkathy.com/wp-content/uploads/2016/04/dsc_0015-150x150.jpg]
[herbnkathy.com/wp-content/uploads/2016/04/dsc_0016.jpg]
[herbnkathy.com/wp-content/uploads/2016/04/dsc_0016-150x150.jpg]
[herbnkathy.com/wp-content/uploads/2016/04/dsc_0017.jpg]
[herbnkathy.com/wp-content/uploads/2016/04/dsc_0017-150x150.jpg]
[herbnkathy.com/wp-content/uploads/2016/04/dsc_0018.jpg]
[herbnkathy.com/wp-content/uploads/2016/04/dsc_0018-150x150.jpg]
[herbnkathy.com/wp-content/uploads/2016/04/dsc_0019.jpg]
[herbnkathy.com/wp-content/uploads/2016/04/dsc_0019-150x150.jpg]
[herbnkathy.com/wp-content/uploads/2016/04/dsc_0020.jpg]
[herbnkathy.com/wp-content/uploads/2016/04/dsc_0020-150x150.jpg]
[herbnkathy.com/wp-content/uploads/2016/04/dsc_0021.jpg]
[herbnkathy.com/wp-content/uploads/2016/04/dsc_0021-150x150.jpg]
[herbnkathy.com/wp-content/uploads/2016/04/dsc_0022.jpg]
[herbnkathy.com/wp-content/uploads/2016/04/dsc_0022-150x150.jpg]
[herbnkathy.com/wp-content/uploads/2016/04/dsc_0023.jpg]
[herbnkathy.com/wp-content/uploads/2016/04/dsc_0023-150x150.jpg]
[herbnkathy.com/wp-content/uploads/2016/04/dsc_0024.jpg]
[herbnkathy.com/wp-content/uploads/2016/04/dsc_0024-150x150.jpg]
[herbnkathy.com/wp-content/uploads/2016/04/dsc_0025.jpg]
[herbnkathy.com/wp-content/uploads/2016/04/dsc_0025-150x150.jpg]
[herbnkathy.com/wp-content/uploads/2016/04/dsc_0026.jpg]
[herbnkathy.com/wp-content/uploads/2016/04/dsc_0026-150x150.jpg]
[herbnkathy.com/wp-content/uploads/2016/04/dsc_0027.jpg]
[herbnkathy.com/wp-content/uploads/2016/04/dsc_0027-150x150.jpg]
[herbnkathy.com/tag/cactus/index.html]
[herbnkathy.com/tag/garden/index.html]
[herbnkathy.com/tag/methuselah/index.html]
[herbnkathy.com/2016/04/24/a-few-days-rest-congress-az/index.html]
[herbnkathy.com/tag/nichols-west/index.html]
[herbnkathy.com/tag/camp-verde/feed/index.html]
[herbnkathy.com/wp-json/wp/v2/tags/3796997.json]
[herbnkathy.com/tag/wickenburg/index.html]
[herbnkathy.com/wp-content/uploads/2017/03/2017-03-06-11.56.43-1.jpg]
[herbnkathy.com/2017/03/10/the-ghost-town-of-cherry-az/index.html]
[herbnkathy.com/wp-content/uploads/2017/03/2017-03-06-19.26.52230a.mp4]
[herbnkathy.com/wp-content/uploads/2017/03/2017-03-06-19.26.52.mp4]
[herbnkathy.com/wp-content/uploads/2017/03/2017-03-06-12.22.28.jpg]
[herbnkathy.com/wp-content/uploads/2017/03/2017-03-06-11.56.43.jpg]
[herbnkathy.com/wp-content/uploads/2017/03/2017-03-06-11.56.29.jpg]
[herbnkathy.com/wp-content/uploads/2017/03/2017-03-06-11.56.15.jpg]
[herbnkathy.com/wp-content/uploads/2017/03/2017-03-06-11.33.24.jpg]
[herbnkathy.com/wp-content/uploads/2017/03/2017-03-06-11.27.19.jpg]
[herbnkathy.com/wp-content/uploads/2017/03/2017-03-06-11.24.21.jpg]
[herbnkathy.com/wp-content/uploads/2017/03/2017-03-06-11.16.15.jpg]
[herbnkathy.com/wp-content/uploads/2017/03/2017-03-06-11.10.17.jpg]
[herbnkathy.com/wp-content/uploads/2017/03/2017-03-06-11.09.42.jpg]
[herbnkathy.com/wp-content/uploads/2017/03/2017-03-06-11.09.36.jpg]
[herbnkathy.com/wp-content/uploads/2017/03/2017-03-06-10.25.13.jpg]
[herbnkathy.com/wp-content/uploads/2017/03/2017-03-06-18.37.23e6f8.mp4]
[herbnkathy.com/wp-content/uploads/2017/03/2017-03-06-18.37.23.mp4]
[herbnkathy.com/wp-content/uploads/2017/03/2017-03-09-19.07.384640.mp4]
[herbnkathy.com/tag/beer/index.html]
[herbnkathy.com/wp-content/uploads/2016/11/2016-10-31-14-54-57.jpg]
[herbnkathy.com/tag/cherry/index.html]
[herbnkathy.com/wp-content/uploads/2016/11/2016-10-31-12-06-21.jpg]
[herbnkathy.com/tag/ghost-town/index.html]
[herbnkathy.com/wp-content/uploads/2016/11/2016-10-31-12-08-21.jpg]
[herbnkathy.com/tag/gold/index.html]
[herbnkathy.com/wp-content/uploads/2016/11/2016-10-31-12-11-23.jpg]
[herbnkathy.com/tag/mining/index.html]
[herbnkathy.com/wp-content/uploads/2016/11/2016-10-31-12-11-51.jpg]
[herbnkathy.com/tag/san-francisco-peaks/index.html]
[herbnkathy.com/wp-content/uploads/2016/11/2016-10-31-12-17-26.jpg]
[herbnkathy.com/tag/shooting/index.html]
[herbnkathy.com/wp-content/uploads/2016/11/2016-10-31-12-19-20.jpg]
[herbnkathy.com/tag/cold/index.html]
[herbnkathy.com/wp-content/uploads/2016/11/2016-10-31-12-24-15.jpg]
[herbnkathy.com/tag/leaves/index.html]
[herbnkathy.com/wp-content/uploads/2016/11/2016-10-31-12-24-46.jpg]
[herbnkathy.com/tag/snow/index.html]
[herbnkathy.com/wp-content/uploads/2016/11/2016-10-31-14-29-03.jpg]
[herbnkathy.com/wp-content/uploads/2016/11/2016-10-31-15-25-27.jpg]
[herbnkathy.com/wp-content/uploads/2016/11/apollopython.jpg]
[herbnkathy.com/2016/11/01/lions-tigers-bears-oh-my/index.html]
[herbnkathy.com/wp-content/uploads/2016/09/2016-09-15-08-09-37.jpg]
[herbnkathy.com/tag/giraffe/index.html]
[herbnkathy.com/tag/lion/index.html]
[herbnkathy.com/wp-content/uploads/2016/09/2016-09-15-08-09-37-150x150.jpg]
[herbnkathy.com/tag/out-of-africa/index.html]
[herbnkathy.com/tag/tiger/index.html]
[herbnkathy.com/wp-content/uploads/2016/09/2016-09-15-07-52-06.jpg]
[herbnkathy.com/2016/09/16/happy-to-be-in-camp-verde/index.html]
[herbnkathy.com/wp-content/uploads/2016/09/2016-09-15-07-52-06-150x150.jpg]
[herbnkathy.com/wp-content/uploads/2016/09/2016-09-15-07-49-35.jpg]
[herbnkathy.com/wp-content/uploads/2016/09/2016-09-15-07-49-35-150x150.jpg]
[herbnkathy.com/wp-content/uploads/2016/09/2016-09-15-07-49-15.jpg]
[herbnkathy.com/wp-content/uploads/2016/09/2016-09-15-07-49-15-150x150.jpg]
[herbnkathy.com/wp-content/uploads/2016/09/2016-09-15-07-48-27.jpg]
[herbnkathy.com/wp-content/uploads/2016/09/2016-09-15-07-48-27-150x150.jpg]
[herbnkathy.com/tag/camp-verde/index.html]
[herbnkathy.com/tag/dale-hollow/index.html]
[herbnkathy.com/tag/dale-hollow/feed/index.html]
[herbnkathy.com/wp-json/wp/v2/tags/554707938.json]
[herbnkathy.com/tag/dinner/feed/index.html]
[herbnkathy.com/wp-json/wp/v2/tags/13789.json]
[herbnkathy.com/wp-content/uploads/2019/03/71bN6MCuICL._SX425_.jpg]
[herbnkathy.com/wp-content/uploads/2017/01/2017-01-25-10.07.50.jpg]
[herbnkathy.com/2019/03/27/ok-so-ill-chime-in/index.html]
[herbnkathy.com/wp-content/uploads/2017/01/2017-01-25-12.15.56.jpg]
[herbnkathy.com/wp-content/uploads/2017/01/2017-01-25-12.15.23.jpg]
[herbnkathy.com/wp-content/uploads/2017/01/2017-01-25-12.13.28.jpg]
[herbnkathy.com/tag/bbq/index.html]
[herbnkathy.com/wp-content/uploads/2017/01/2017-01-25-11.32.51.jpg]
[herbnkathy.com/tag/bbq-ribs/index.html]
[herbnkathy.com/wp-content/uploads/2017/01/2017-01-25-11.31.58.jpg]
[herbnkathy.com/wp-content/uploads/2017/01/2017-01-25-11.23.51.jpg]
[herbnkathy.com/wp-content/uploads/2017/01/2017-01-25-11.23.42.jpg]
[herbnkathy.com/tag/instant-pot/index.html]
[herbnkathy.com/wp-content/uploads/2017/01/2017-01-25-11.23.18.jpg]
[herbnkathy.com/wp-content/uploads/2017/01/2017-01-25-11.04.33.jpg]
[herbnkathy.com/wp-content/uploads/2017/01/2017-01-25-11.04.29.jpg]
[herbnkathy.com/tag/instant-pot-cooking/index.html]
[herbnkathy.com/wp-content/uploads/2017/01/2017-01-25-11.04.06.jpg]
[herbnkathy.com/wp-content/uploads/2017/01/2017-01-25-11.03.44.jpg]
[herbnkathy.com/wp-content/uploads/2017/01/2017-01-25-10.34.21.jpg]
[herbnkathy.com/wp-content/uploads/2017/01/2017-01-25-10.19.00.jpg]
[herbnkathy.com/tag/ip/index.html]
[herbnkathy.com/wp-content/uploads/2017/01/2017-01-25-10.07.57.jpg]
[herbnkathy.com/tag/kitchen-gadgets/index.html]
[herbnkathy.com/wp-content/uploads/2017/01/2017-01-25-10.07.53.jpg]
[herbnkathy.com/wp-content/uploads/2017/01/2017-01-25-10.07.44.jpg]
[herbnkathy.com/tag/kitchen-tools/index.html]
[herbnkathy.com/wp-content/uploads/2017/01/2017-01-25-10.02.24.jpg]
[herbnkathy.com/wp-content/uploads/2017/01/2017-01-25-10.01.49.jpg]
[herbnkathy.com/wp-content/uploads/2017/01/2017-01-25-09.59.24.jpg]
[herbnkathy.com/tag/meat/index.html]
[herbnkathy.com/wp-content/uploads/2017/02/LakeHavasuParkerDam230a.mp4]
[herbnkathy.com/wp-content/uploads/2017/02/LakeHavasuParkerDam.mp4]
[herbnkathy.com/wp-content/uploads/2016/09/2016-09-06-19-46-00.jpg]
[herbnkathy.com/tag/motor-home-cooking/index.html]
[herbnkathy.com/tag/rv-cooking/index.html]
[herbnkathy.com/wp-content/uploads/2011/09/herbonlycolor1.jpg]
[herbnkathy.com/2017/02/01/lake-havasu-parker-dam/index.html]
[herbnkathy.com/tag/boats/index.html]
[herbnkathy.com/wp-content/uploads/2016/04/2016-04-20-11-51-28.jpg]
[herbnkathy.com/tag/havasu/index.html]
[herbnkathy.com/wp-content/uploads/2016/04/2016-04-20-11-51-28-150x150.jpg]
[herbnkathy.com/2016/09/06/what-no-can-opener/index.html]
[herbnkathy.com/wp-content/uploads/2016/04/2016-04-20-11-20-49.jpg]
[herbnkathy.com/tag/can-opener/index.html]
[herbnkathy.com/wp-content/uploads/2016/04/2016-04-20-11-20-49-150x150.jpg]
[herbnkathy.com/2016/04/25/what-a-great-eatery-nichols-west/index.html]
[herbnkathy.com/wp-content/uploads/2016/04/2016-04-20-11-20-44.jpg]
[herbnkathy.com/wp-content/uploads/2016/04/2016-04-20-11-20-44-150x150.jpg]
[herbnkathy.com/wp-content/uploads/2016/04/2016-04-20-11-09-13.jpg]
[herbnkathy.com/wp-content/uploads/2016/04/2016-04-20-11-09-13-150x150.jpg]
[herbnkathy.com/wp-content/uploads/2016/04/2016-04-20-11-08-52.jpg]
[herbnkathy.com/wp-content/uploads/2016/04/2016-04-20-11-08-52-150x150.jpg]
[herbnkathy.com/tag/dinner/index.html]
[herbnkathy.com/tag/eatery/index.html]
[herbnkathy.com/tag/dry-camping/feed/index.html]
[herbnkathy.com/wp-json/wp/v2/tags/554707555.json]
[herbnkathy.com/wp-content/uploads/2018/11/20181029_143545.jpg]
[herbnkathy.com/wp-content/uploads/2018/11/20181029_143545-300x169.jpg]
[herbnkathy.com/wp-content/uploads/2018/11/20181029_181638.jpg]
[herbnkathy.com/wp-content/uploads/2018/11/20181030_094328.jpg]
[herbnkathy.com/wp-content/uploads/2018/11/20181030_125429.jpg]
[herbnkathy.com/2018/11/01/our-stop-at-the-home-of-the-aliens/index.html]
[herbnkathy.com/wp-content/uploads/2018/11/20181030_110849.jpg]
[herbnkathy.com/wp-content/uploads/2018/11/20181029_153355.jpg]
[herbnkathy.com/wp-content/uploads/2018/11/20181029_153201.jpg]
[herbnkathy.com/wp-content/uploads/2018/11/20181029_151431.jpg]
[herbnkathy.com/wp-content/uploads/2018/11/Cattle-Baron-Salad.jpg]
[herbnkathy.com/tag/dry-camping/index.html]
[herbnkathy.com/tag/aliens/index.html]
[herbnkathy.com/wp-json/wp/v2/tags/498986.json]
[herbnkathy.com/tag/bottomless-lakes/index.html]
[herbnkathy.com/wp-content/uploads/2016/07/2016-07-25-11-39-56.jpg]
[herbnkathy.com/tag/park-ranger/index.html]
[herbnkathy.com/tag/roswell/index.html]
[herbnkathy.com/wp-content/uploads/2016/07/2016-07-25-13-07-42.jpg]
[herbnkathy.com/tag/sinkholes/index.html]
[herbnkathy.com/wp-content/uploads/2016/07/2016-07-25-13-07-42-150x150.jpg]
[herbnkathy.com/wp-content/uploads/2016/07/2016-07-24-18-59-27.jpg]
[herbnkathy.com/wp-content/uploads/2016/07/2016-07-24-16-01-08.jpg]
[herbnkathy.com/tag/steak-house/index.html]
[herbnkathy.com/wp-content/uploads/2016/07/2016-07-24-16-01-08-150x150.jpg]
[herbnkathy.com/tag/tent-camping/index.html]
[herbnkathy.com/wp-content/uploads/2016/07/2016-07-24-14-14-40.jpg]
[herbnkathy.com/tag/ufo/index.html]
[herbnkathy.com/wp-content/uploads/2016/07/2016-07-24-14-14-40-150x150.jpg]
[herbnkathy.com/wp-content/uploads/2016/07/2016-07-24-12-02-45.jpg]
[herbnkathy.com/wp-content/uploads/2016/07/2016-07-24-12-02-45-150x150.jpg]
[herbnkathy.com/wp-content/uploads/2016/07/2016-07-22-20-01-18.jpg]
[herbnkathy.com/wp-content/uploads/2016/07/2016-07-22-20-01-18-150x150.jpg]
[herbnkathy.com/tag/escapade/feed/index.html]
[herbnkathy.com/wp-content/uploads/2016/07/2016-07-22-20-01-13.jpg]
[herbnkathy.com/wp-content/uploads/2016/07/2016-07-22-20-01-13-150x150.jpg]
[herbnkathy.com/wp-content/uploads/2016/07/2016-07-22-17-27-23.jpg]
[herbnkathy.com/wp-content/uploads/2016/07/2016-07-22-17-27-23-150x150.jpg]
[herbnkathy.com/2016/07/28/pooper-pumper-day/index.html]
[herbnkathy.com/wp-content/uploads/2016/07/2016-07-22-16-57-34.jpg]
[herbnkathy.com/wp-content/uploads/2016/07/2016-07-22-16-57-34-150x150.jpg]
[herbnkathy.com/wp-content/uploads/2016/07/2016-07-22-16-40-38.jpg]
[herbnkathy.com/tag/black-water/index.html]
[herbnkathy.com/wp-content/uploads/2016/07/2016-07-22-16-40-38-150x150.jpg]
[herbnkathy.com/wp-content/uploads/2016/07/2016-07-22-09-51-25.jpg]
[herbnkathy.com/wp-content/uploads/2016/07/2016-07-22-09-51-25-150x150.jpg]
[herbnkathy.com/tag/gray-water/index.html]
[herbnkathy.com/wp-content/uploads/2016/07/2016-07-20-16-10-41.jpg]
[herbnkathy.com/wp-content/uploads/2016/07/2016-07-20-16-10-41-150x150.jpg]
[herbnkathy.com/wp-content/uploads/2016/07/2016-07-20-16-09-59.jpg]
[herbnkathy.com/wp-content/uploads/2016/07/2016-07-20-16-09-59-150x150.jpg]
[herbnkathy.com/wp-content/uploads/2016/07/2016-07-19-06-34-55dec4.jpg]
[herbnkathy.com/wp-content/uploads/2016/07/2016-07-19-19-31-46.jpg]
[herbnkathy.com/tag/escapade/index.html]
[herbnkathy.com/tag/pumping/index.html]
[herbnkathy.com/2016/07/25/some-pictures-from-the-escapade/index.html]
[herbnkathy.com/2016/07/20/wow-adirondacks-lake-champlain/index.html]
[herbnkathy.com/tag/vermont/index.html]
[herbnkathy.com/tag/family-2/index.html]
[herbnkathy.com/wp-json/wp/v2/tags/24218731.json]
[herbnkathy.com/tag/family-2/feed/index.html]
[herbnkathy.com/tag/hejamada/index.html]
[herbnkathy.com/tag/new-york/index.html]
[herbnkathy.com/2016/07/20/off-to-the-escapade/index.html]
[herbnkathy.com/2016/12/20/merry-christmas-from-herb-kathy/index.html]
[herbnkathy.com/2012/08/05/baldwin-family-niagara-falls-trip-august-2012/index.html]
[herbnkathy.com/wp-json/wp/v2/tags/554707500.json]
[herbnkathy.com/tag/camera/index.html]
[herbnkathy.com/wp-content/uploads/2020/03/IMG_20200307_141330-1024x768.jpg]
[herbnkathy.com/tag/florida/feed/index.html]
[herbnkathy.com/wp-content/uploads/2020/03/IMG_20200311_170016-1024x768.jpg]
[herbnkathy.com/tag/niagara-falls/index.html]
[herbnkathy.com/wp-content/uploads/2020/03/IMG_20200315_134236-1024x768.jpg]
[herbnkathy.com/tag/family-2/page/2/index.html]
[herbnkathy.com/wp-content/uploads/2020/03/IMG_20200310_180415-1024x768.jpg]
[herbnkathy.com/wp-content/uploads/2020/03/IMG_20200316_145224-1024x768.jpg]
[herbnkathy.com/wp-content/uploads/2020/03/IMG_20200321_141442-1024x768.jpg]
[herbnkathy.com/wp-content/uploads/2020/03/IMG_20200321_141448-1024x768.jpg]
[herbnkathy.com/wp-content/uploads/2020/03/IMG_20200320_173300-1024x768.jpg]
[herbnkathy.com/wp-content/uploads/2020/03/IMG_20200320_180238-1024x768.jpg]
[herbnkathy.com/wp-content/uploads/2020/03/IMG_20200303_103556-1024x485.jpg]
[herbnkathy.com/wp-content/uploads/2020/03/IMG_20200303_141511-1024x485.jpg]
[herbnkathy.com/wp-content/uploads/2020/03/IMG_20200303_174820-1024x485.jpg]
[herbnkathy.com/wp-content/uploads/2020/03/IMG_20200303_174952-1024x485.jpg]
[herbnkathy.com/tag/fever/index.html]
[herbnkathy.com/wp-content/uploads/2020/03/IMG_20200303_102113-1024x485.jpg]
[herbnkathy.com/tag/florida/index.html]
[herbnkathy.com/2020/03/03/making-progress/index.html]
[herbnkathy.com/tag/fort-stockton/index.html]
[herbnkathy.com/wp-json/wp/v2/tags/554707230.json]
[herbnkathy.com/tag/food/feed/index.html]
[herbnkathy.com/tag/i-10/index.html]
[herbnkathy.com/wp-content/uploads/2016/12/dial-thermometer.jpg]
[herbnkathy.com/tag/food/index.html]
[herbnkathy.com/tag/sonora/index.html]
[herbnkathy.com/tag/cool/index.html]
[herbnkathy.com/2016/12/01/how-well-is-our-fridge-working/index.html]
[herbnkathy.com/tag/freeze/index.html]
[herbnkathy.com/tag/refrigerator/index.html]
[herbnkathy.com/tag/lake/feed/index.html]
[herbnkathy.com/wp-json/wp/v2/tags/18086.json]
[herbnkathy.com/wp-content/uploads/2019/06/IMG_2245-685x514.jpg]
[herbnkathy.com/tag/temperature/index.html]
[i0.wp.com/herbnkathy.com/wp-content/uploads/2019/06/IMG_2245211e.jpg]
[herbnkathy.com/wp-content/uploads/2019/06/IMG_2241-1024x768.jpg]
[herbnkathy.com/wp-content/uploads/2019/06/IMG_2243-1024x768.jpg]
[herbnkathy.com/wp-content/uploads/2019/06/IMG_2246-1024x768.jpg]
[herbnkathy.com/wp-content/uploads/2019/06/IMG_2247-1024x768.jpg]
[herbnkathy.com/wp-content/uploads/2019/06/20190623_131324-1024x576.jpg]
[herbnkathy.com/wp-content/uploads/2019/06/20190623_131337-1024x576.jpg]
[i0.wp.com/herbnkathy.com/wp-content/uploads/2019/06/IMG_2253211e.jpg]
[i2.wp.com/herbnkathy.com/wp-content/uploads/2019/06/IMG_2255211e.jpg]
[i1.wp.com/herbnkathy.com/wp-content/uploads/2019/06/IMG_2256211e.jpg]
[i0.wp.com/herbnkathy.com/wp-content/uploads/2019/06/IMG_2257211e.jpg]
[i0.wp.com/herbnkathy.com/wp-content/uploads/2019/06/IMG_2258211e.jpg]
[i2.wp.com/herbnkathy.com/wp-content/uploads/2019/06/IMG_2259211e.jpg]
[i1.wp.com/herbnkathy.com/wp-content/uploads/2019/06/IMG_2260211e.jpg]
[i1.wp.com/herbnkathy.com/wp-content/uploads/2019/06/IMG_2261211e.jpg]
[i0.wp.com/herbnkathy.com/wp-content/uploads/2019/06/IMG_2264211e.jpg]
[herbnkathy.com/wp-content/uploads/2019/06/IMG_2266-1024x768.jpg]
[herbnkathy.com/wp-content/uploads/2019/06/IMG_2267-1024x768.jpg]
[herbnkathy.com/wp-content/uploads/2019/06/IMG_2269-1024x768.jpg]
[herbnkathy.com/wp-content/uploads/2019/06/IMG_2272-1024x768.jpg]
[herbnkathy.com/wp-content/uploads/2019/06/IMG_2273-1024x768.jpg]
[herbnkathy.com/wp-content/uploads/2019/06/IMG_2274-1024x768.jpg]
[herbnkathy.com/wp-content/uploads/2019/06/IMG_2275-1024x768.jpg]
[herbnkathy.com/wp-content/uploads/2019/06/IMG_2276-1024x768.jpg]
[i1.wp.com/herbnkathy.com/wp-content/uploads/2019/06/IMG_2222211e.jpg]
[i0.wp.com/herbnkathy.com/wp-content/uploads/2019/06/IMG_2227211e.jpg]
[i1.wp.com/herbnkathy.com/wp-content/uploads/2019/06/IMG_2225211e.jpg]
[i2.wp.com/herbnkathy.com/wp-content/uploads/2019/06/IMG_2217211e.jpg]
[herbnkathy.com/wp-content/uploads/2019/06/20190615_194330-2.mp4]
[herbnkathy.com/wp-content/uploads/2019/06/20190606_190440-1024x576.jpg]
[herbnkathy.com/wp-content/uploads/2019/06/20190606_210458-1024x576.jpg]
[herbnkathy.com/wp-content/uploads/2019/06/20190623_192747-1024x576.jpg]
[herbnkathy.com/wp-content/uploads/2019/06/20190623_192740-1024x576.jpg]
[herbnkathy.com/wp-content/uploads/2019/06/20190606_210445-1024x576.jpg]
[herbnkathy.com/wp-content/uploads/2019/06/20190615_194330-1.mp4]
[herbnkathy.com/wp-content/uploads/2019/06/20190617_203015-1.mp4]
[herbnkathy.com/wp-content/uploads/2019/06/20190612_191746-1024x576.jpg]
[herbnkathy.com/wp-content/uploads/2019/06/20190612_184000-1024x576.jpg]
[herbnkathy.com/wp-content/uploads/2019/06/20190612_183912-1024x576.jpg]
[herbnkathy.com/wp-content/uploads/2019/06/20190606_210458-1-1024x576.jpg]
[i1.wp.com/herbnkathy.com/wp-content/uploads/2019/06/20190623_091315-17ff4.jpg]
[herbnkathy.com/wp-content/uploads/2017/10/Lake-Vandalia.jpg]
[herbnkathy.com/tag/badlands/index.html]
[herbnkathy.com/tag/black-hills/index.html]
[herbnkathy.com/wp-content/uploads/2017/10/2017-10-04-17.14.10.jpg]
[herbnkathy.com/tag/booth-house/index.html]
[herbnkathy.com/wp-content/uploads/2017/10/2017-10-04-15.54.35.jpg]
[herbnkathy.com/wp-content/uploads/2017/10/2017-10-04-16.03.38.jpg]
[herbnkathy.com/wp-content/uploads/2017/10/2017-10-04-16.26.45230a.mp4]
[herbnkathy.com/wp-content/uploads/2017/10/2017-10-04-16.26.45.mp4]
[herbnkathy.com/tag/fish/index.html]
[herbnkathy.com/wp-content/uploads/2017/08/NarrowsCrossing.jpg]
[herbnkathy.com/tag/fish-car/index.html]
[herbnkathy.com/wp-content/uploads/2017/08/2017-07-21-17.01.30.jpg]
[herbnkathy.com/tag/rail-car/index.html]
[herbnkathy.com/wp-content/uploads/2017/08/2017-07-21-17.01.18.jpg]
[herbnkathy.com/tag/teaching/index.html]
[herbnkathy.com/wp-content/uploads/2017/08/2017-07-21-16.59.02.jpg]
[herbnkathy.com/tag/tourism/index.html]
[herbnkathy.com/wp-content/uploads/2017/08/2017-07-21-16.53.53.jpg]
[herbnkathy.com/tag/trout/index.html]
[herbnkathy.com/wp-content/uploads/2017/08/2017-07-21-16.53.53-e1503257661488.jpg]
[herbnkathy.com/wp-content/uploads/2017/08/2017-07-21-16.52.17.jpg]
[herbnkathy.com/2017/10/06/review-lake-vandalia-campground/index.html]
[herbnkathy.com/wp-content/uploads/2017/08/2017-07-21-16.52.42.jpg]
[herbnkathy.com/wp-content/uploads/2017/01/2017-01-25-12.39.13.jpg]
[herbnkathy.com/wp-content/uploads/2017/01/2017-01-25-12.39.13-1024x576.jpg]
[herbnkathy.com/tag/bratwurst/index.html]
[herbnkathy.com/wp-content/uploads/2017/01/2017-01-25-12.39.33.jpg]
[herbnkathy.com/wp-content/uploads/2017/01/2017-01-25-12.39.33-1024x576.jpg]
[herbnkathy.com/wp-content/uploads/2017/01/2017-01-25-12.40.27.jpg]
[herbnkathy.com/tag/squash/index.html]
[herbnkathy.com/wp-content/uploads/2017/01/2017-01-25-12.40.27-1024x576.jpg]
[herbnkathy.com/wp-content/uploads/2017/01/2017-01-25-12.40.45.jpg]
[herbnkathy.com/wp-content/uploads/2017/01/2017-01-25-12.40.45-1024x576.jpg]
[herbnkathy.com/tag/vandalia/index.html]
[herbnkathy.com/wp-content/uploads/2017/01/2017-01-25-12.41.36.jpg]
[herbnkathy.com/wp-content/uploads/2017/01/2017-01-25-12.41.36-1024x576.jpg]
[herbnkathy.com/wp-content/uploads/2017/01/2017-01-25-12.54.38.jpg]
[herbnkathy.com/wp-content/uploads/2017/01/2017-01-25-12.54.38-1024x576.jpg]
[herbnkathy.com/2017/08/20/riding-a-cable-ferry-at-lake-charlevoix/index.html]
[herbnkathy.com/wp-content/uploads/2017/01/2017-01-25-13.08.19.jpg]
[herbnkathy.com/wp-content/uploads/2017/01/2017-01-25-13.08.19-1024x576.jpg]
[herbnkathy.com/wp-content/uploads/2017/01/2017-01-25-13.10.52.jpg]
[herbnkathy.com/tag/ironton/index.html]
[herbnkathy.com/wp-content/uploads/2017/01/2017-01-25-13.10.52-1024x576.jpg]
[herbnkathy.com/2017/02/06/bill-williams-river-wildlife-refuge-lake-havasu-az/index.html]
[herbnkathy.com/wp-content/uploads/2017/01/2017-01-25-13.42.53.jpg]
[herbnkathy.com/wp-content/uploads/2017/01/2017-01-25-13.42.53-1024x576.jpg]
[herbnkathy.com/wp-content/uploads/2017/01/2017-01-25-13.43.03.jpg]
[herbnkathy.com/wp-content/uploads/2017/01/2017-01-25-13.43.03-1024x576.jpg]
[herbnkathy.com/wp-content/uploads/2017/01/2017-01-25-13.43.53.jpg]
[herbnkathy.com/wp-content/uploads/2017/01/2017-01-25-13.43.53-1024x576.jpg]
[herbnkathy.com/wp-content/uploads/2017/01/2017-01-25-12.45.10.jpg]
[herbnkathy.com/wp-content/uploads/2017/01/2017-01-25-12.45.10-1024x576.jpg]
[herbnkathy.com/wp-content/uploads/2017/02/LakeHavasuParkerDame6f8.mp4]
[herbnkathy.com/wp-content/uploads/2016/04/2016-04-27-18-26-06.jpg]
[herbnkathy.com/wp-content/uploads/2016/04/2016-04-27-18-26-06-150x150.jpg]
[herbnkathy.com/tag/binoculars/index.html]
[herbnkathy.com/wp-content/uploads/2016/04/2016-04-27-18-25-36.jpg]
[herbnkathy.com/tag/birds/index.html]
[herbnkathy.com/wp-content/uploads/2016/04/2016-04-27-18-25-36-150x150.jpg]
[herbnkathy.com/2016/04/28/found-a-great-little-park-yuma-tn/index.html]
[herbnkathy.com/wp-content/uploads/2016/04/2016-04-27-18-16-05.jpg]
[herbnkathy.com/wp-content/uploads/2016/04/2016-04-27-18-16-05-150x150.jpg]
[herbnkathy.com/wp-content/uploads/2016/04/2016-04-27-18-25-51.jpg]
[herbnkathy.com/wp-content/uploads/2016/04/2016-04-27-18-25-51-150x150.jpg]
[herbnkathy.com/wp-content/uploads/2016/04/2016-04-27-15-41-47.jpg]
[herbnkathy.com/wp-content/uploads/2016/04/2016-04-27-15-41-47-150x150.jpg]
[herbnkathy.com/wp-content/uploads/2016/04/2016-04-27-18-40-41.jpg]
[herbnkathy.com/wp-content/uploads/2016/04/2016-04-27-18-40-41-150x150.jpg]
[herbnkathy.com/wp-content/uploads/2016/04/2016-04-27-18-14-54.jpg]
[herbnkathy.com/wp-content/uploads/2016/04/2016-04-27-18-14-54-150x150.jpg]
[herbnkathy.com/tag/lake/index.html]
[herbnkathy.com/wp-json/wp/v2/tags/554707356.json]
[herbnkathy.com/tag/rv-park/index.html]
[herbnkathy.com/wp-content/uploads/2017/05/2017-05-12-12.58.19.jpg]
[herbnkathy.com/tag/storms/index.html]
[herbnkathy.com/tag/ludington/feed/index.html]
[herbnkathy.com/wp-content/uploads/2017/05/2017-05-12-12.58.19-300x169.jpg]
[herbnkathy.com/wp-content/uploads/2017/05/2017-05-08-12.14.04.jpg]
[herbnkathy.com/wp-content/uploads/2017/05/2017-05-08-11.52.56.jpg]
[herbnkathy.com/wp-content/uploads/2017/05/2017-05-08-11.52.50.jpg]
[herbnkathy.com/wp-content/uploads/2017/05/2017-05-08-11.35.22.jpg]
[herbnkathy.com/tag/brown-trout/index.html]
[herbnkathy.com/wp-content/uploads/2017/05/2017-05-08-11.35.22-1024x576.jpg]
[herbnkathy.com/wp-content/uploads/2017/05/2017-05-08-12.12.29.jpg]
[herbnkathy.com/wp-content/uploads/2017/05/2017-05-08-12.12.29-1024x576.jpg]
[herbnkathy.com/wp-content/uploads/2017/05/2017-05-08-12.12.49.jpg]
[herbnkathy.com/tag/hamlin-lake/index.html]
[herbnkathy.com/wp-content/uploads/2017/05/2017-05-08-12.12.49-1024x576.jpg]
[herbnkathy.com/tag/ludington/index.html]
[herbnkathy.com/tag/sable-river/index.html]
[herbnkathy.com/wp-json/wp/v2/tags/783.json]
[herbnkathy.com/tag/steelhead/index.html]
[i0.wp.com/herbnkathy.com/wp-content/uploads/2020/02/IMG_20200213_075905-scaled0c9f.jpg]
[herbnkathy.com/tag/mexico/feed/index.html]
[herbnkathy.com/2020/02/15/mexico-day-one/index.html]
[i1.wp.com/herbnkathy.com/wp-content/uploads/2020/02/IMG_20200213_090241-scaled0c9f.jpg]
[i2.wp.com/herbnkathy.com/wp-content/uploads/2020/02/IMG_20200213_090841-scaled0c9f.jpg]
[i0.wp.com/herbnkathy.com/wp-content/uploads/2020/02/IMG_20200213_094144-scaled0c9f.jpg]
[i0.wp.com/herbnkathy.com/wp-content/uploads/2020/02/IMG_20200213_103739-scaled0c9f.jpg]
[i2.wp.com/herbnkathy.com/wp-content/uploads/2020/02/IMG_20200213_112020-scaled0c9f.jpg]
[i1.wp.com/herbnkathy.com/wp-content/uploads/2020/02/IMG_20200213_131253-scaled0c9f.jpg]
[herbnkathy.com/wp-content/uploads/2016/12/2016-12-06-15-05-04.jpg]
[herbnkathy.com/wp-content/uploads/2016/12/2016-12-06-15-05-04-150x150.jpg]
[herbnkathy.com/wp-content/uploads/2016/12/2016-12-06-15-04-53.jpg]
[herbnkathy.com/wp-content/uploads/2016/12/2016-12-06-15-04-53-150x150.jpg]
[herbnkathy.com/wp-content/uploads/2016/12/2016-12-06-15-04-49.jpg]
[herbnkathy.com/2016/12/15/the-fence-wall-border/index.html]
[herbnkathy.com/wp-content/uploads/2016/12/2016-12-06-15-04-49-150x150.jpg]
[herbnkathy.com/wp-content/uploads/2016/12/2016-12-06-15-02-22.jpg]
[herbnkathy.com/wp-content/uploads/2016/12/2016-12-06-15-02-22-150x150.jpg]
[herbnkathy.com/wp-content/uploads/2016/12/2016-12-06-15-18-07.jpg]
[herbnkathy.com/tag/mexico/index.html]
[herbnkathy.com/wp-json/wp/v2/tags/554707695.json]
[herbnkathy.com/tag/douglas/index.html]
[herbnkathy.com/tag/montana/feed/index.html]
[herbnkathy.com/tag/fence/index.html]
[herbnkathy.com/tag/wall/index.html]
[herbnkathy.com/tag/gadsden/index.html]
[i1.wp.com/herbnkathy.com/wp-content/uploads/2019/05/IMG_1591211e.jpg]
[herbnkathy.com/tag/montana/index.html]
[herbnkathy.com/2019/05/04/its-worth-saving/index.html]
[herbnkathy.com/tag/environment/index.html]
[herbnkathy.com/tag/nature/index.html]
[herbnkathy.com/tag/museum/feed/index.html]
[herbnkathy.com/wp-json/wp/v2/tags/23317.json]
[herbnkathy.com/tag/tree/index.html]
[herbnkathy.com/wp-content/uploads/2017/10/2017-10-07-17.45.46.jpg]
[herbnkathy.com/2017/10/15/our-visit-to-hot-springs-bath-house-row-scary/index.html]
[herbnkathy.com/wp-content/uploads/2017/10/2017-10-07-17.45.12.jpg]
[herbnkathy.com/wp-content/uploads/2017/10/2017-10-08-16.16.44.jpg]
[www.nps.gov/hosp/learn/historyculture/images/hosp_map2012.jpg]
[herbnkathy.com/wp-content/uploads/2017/10/2017-10-09-10.26.05.jpg]
[herbnkathy.com/wp-content/uploads/2017/10/2017-10-09-10.36.44.jpg]
[herbnkathy.com/wp-content/uploads/2017/10/2017-10-09-13.00.05.jpg]
[herbnkathy.com/wp-content/uploads/2017/10/2017-10-09-13.41.49.jpg]
[herbnkathy.com/wp-content/uploads/2017/10/2017-10-09-13.42.31.jpg]
[herbnkathy.com/wp-content/uploads/2017/10/2017-10-09-13.42.53.jpg]
[herbnkathy.com/wp-content/uploads/2017/10/2017-10-09-12.16.07.jpg]
[herbnkathy.com/wp-content/uploads/2017/10/2017-10-09-13.07.08.jpg]
[herbnkathy.com/wp-content/uploads/2017/10/2017-10-09-13.07.12.jpg]
[herbnkathy.com/wp-content/uploads/2017/10/2017-10-09-13.05.16e6f8.mp4]
[herbnkathy.com/wp-content/uploads/2017/10/2017-10-09-13.05.16.mp4]
[herbnkathy.com/wp-content/uploads/2017/10/2017-10-09-13.11.15.jpg]
[herbnkathy.com/wp-content/uploads/2017/10/2017-10-09-13.12.55.jpg]
[herbnkathy.com/wp-content/uploads/2017/10/Fordyce.jpg]
[herbnkathy.com/wp-content/uploads/2017/10/2017-10-09-10.52.48.jpg]
[herbnkathy.com/wp-content/uploads/2017/10/2017-10-09-11.18.30.jpg]
[herbnkathy.com/wp-content/uploads/2017/10/2017-10-09-11.19.30.jpg]
[herbnkathy.com/wp-content/uploads/2017/10/2017-10-09-11.40.42.jpg]
[herbnkathy.com/wp-content/uploads/2017/10/2017-10-09-11.40.42-e1508008048778.jpg]
[herbnkathy.com/wp-content/uploads/2017/10/2017-10-09-11.41.13.jpg]
[herbnkathy.com/wp-content/uploads/2017/10/2017-10-09-11.41.25.jpg]
[herbnkathy.com/wp-content/uploads/2017/10/2017-10-09-11.41.50.jpg]
[herbnkathy.com/wp-content/uploads/2017/10/2017-10-09-11.41.55.jpg]
[herbnkathy.com/wp-content/uploads/2017/10/2017-10-09-11.59.48.jpg]
[herbnkathy.com/wp-content/uploads/2017/10/2017-10-09-12.01.23.jpg]
[herbnkathy.com/wp-content/uploads/2017/10/2017-10-09-12.01.32.jpg]
[herbnkathy.com/wp-content/uploads/2017/10/2017-10-09-14.01.39.jpg]
[herbnkathy.com/wp-content/uploads/2016/10/2016-10-02-11-15-39.jpg]
[herbnkathy.com/tag/bath-house/index.html]
[herbnkathy.com/wp-content/uploads/2016/10/2016-10-02-11-15-39-150x150.jpg]
[herbnkathy.com/tag/gift-shop/index.html]
[herbnkathy.com/wp-content/uploads/2016/10/2016-10-02-11-15-44.jpg]
[herbnkathy.com/tag/lake-catherine/index.html]
[herbnkathy.com/wp-content/uploads/2016/10/2016-10-02-11-15-44-150x150.jpg]
[herbnkathy.com/tag/little-rock/index.html]
[herbnkathy.com/wp-content/uploads/2016/10/2016-10-02-11-15-50.jpg]
[herbnkathy.com/tag/promenade/index.html]
[herbnkathy.com/2016/10/04/the-importance-of-copper-in-our-lives/index.html]
[herbnkathy.com/wp-content/uploads/2016/10/2016-10-02-11-15-50-150x150.jpg]
[herbnkathy.com/wp-content/uploads/2016/10/2016-10-02-11-16-54.jpg]
[herbnkathy.com/wp-content/uploads/2016/10/2016-10-02-11-16-54-150x150.jpg]
[herbnkathy.com/wp-content/uploads/2016/10/2016-10-02-10-39-55.jpg]
[herbnkathy.com/wp-content/uploads/2016/10/2016-10-02-10-39-55-150x150.jpg]
[herbnkathy.com/wp-content/uploads/2016/10/2016-10-02-10-40-29.jpg]
[herbnkathy.com/wp-content/uploads/2016/10/2016-10-02-10-40-29-150x150.jpg]
[herbnkathy.com/wp-content/uploads/2016/10/2016-10-02-10-42-42.jpg]
[herbnkathy.com/wp-content/uploads/2016/10/2016-10-02-10-42-42-150x150.jpg]
[herbnkathy.com/wp-content/uploads/2016/10/2016-10-02-10-43-46.jpg]
[herbnkathy.com/wp-content/uploads/2016/10/2016-10-02-10-43-46-150x150.jpg]
[herbnkathy.com/wp-content/uploads/2016/10/2016-10-02-10-44-18.jpg]
[herbnkathy.com/wp-content/uploads/2016/10/2016-10-02-10-44-18-150x150.jpg]
[herbnkathy.com/wp-content/uploads/2016/10/2016-10-02-10-47-51.jpg]
[herbnkathy.com/wp-content/uploads/2016/10/2016-10-02-10-47-51-150x150.jpg]
[herbnkathy.com/wp-content/uploads/2016/10/2016-10-02-10-48-17.jpg]
[herbnkathy.com/wp-content/uploads/2016/10/2016-10-02-10-48-17-150x150.jpg]
[herbnkathy.com/wp-content/uploads/2016/10/2016-10-02-10-53-14.jpg]
[herbnkathy.com/wp-content/uploads/2016/10/2016-10-02-10-53-14-150x150.jpg]
[herbnkathy.com/wp-content/uploads/2016/10/2016-10-02-10-53-37.jpg]
[herbnkathy.com/wp-content/uploads/2016/10/2016-10-02-10-53-37-150x150.jpg]
[herbnkathy.com/tag/museum/index.html]
[herbnkathy.com/wp-json/wp/v2/tags/554707355.json]
[herbnkathy.com/tag/clarkdale/index.html]
[herbnkathy.com/wp-content/uploads/2017/09/PMO-Map.jpg]
[herbnkathy.com/tag/copper/index.html]
[herbnkathy.com/tag/pere-marquette/feed/index.html]
[herbnkathy.com/wp-content/uploads/2017/09/PMO-Map-300x178.jpg]
[herbnkathy.com/wp-content/uploads/2017/09/2017-05-15-19.13.41.jpg]
[herbnkathy.com/wp-content/uploads/2017/09/2017-05-26-20.24.15.jpg]
[herbnkathy.com/wp-content/uploads/2017/09/2017-05-27-13.10.46.jpg]
[herbnkathy.com/wp-content/uploads/2017/09/2017-05-28-11.47.44.jpg]
[herbnkathy.com/wp-content/uploads/2017/09/2017-05-28-12.27.48.jpg]
[herbnkathy.com/wp-content/uploads/2017/09/2017-06-20-16.12.18.jpg]
[herbnkathy.com/wp-content/uploads/2017/09/2017-06-20-16.16.55.jpg]
[herbnkathy.com/wp-content/uploads/2017/09/2017-06-20-16.17.04.jpg]
[herbnkathy.com/wp-content/uploads/2017/09/2017-06-20-16.20.38.jpg]
[herbnkathy.com/wp-content/uploads/2017/09/2017-06-20-16.28.47.jpg]
[herbnkathy.com/wp-content/uploads/2017/09/2017-06-20-16.33.42.jpg]
[herbnkathy.com/wp-content/uploads/2017/09/2017-06-30-18.38.01.jpg]
[herbnkathy.com/wp-content/uploads/2017/09/2017-07-01-11.52.00.jpg]
[herbnkathy.com/wp-content/uploads/2017/09/2017-07-13-19.08.07.jpg]
[herbnkathy.com/wp-content/uploads/2017/09/2017-08-11-16.20.34.jpg]
[herbnkathy.com/wp-content/uploads/2017/09/2017-08-11-16.21.11.jpg]
[herbnkathy.com/wp-content/uploads/2017/09/2017-08-11-16.21.37.jpg]
[herbnkathy.com/wp-content/uploads/2017/09/2017-08-11-16.44.45.jpg]
[herbnkathy.com/wp-content/uploads/2017/09/2017-08-11-16.45.38.jpg]
[herbnkathy.com/wp-content/uploads/2017/09/2017-09-01-12.06.25.jpg]
[herbnkathy.com/wp-content/uploads/2017/09/2017-09-02-09.31.47.jpg]
[herbnkathy.com/wp-content/uploads/2017/09/2017-09-02-09.59.06.jpg]
[herbnkathy.com/wp-content/uploads/2017/09/2017-09-02-12.55.41.jpg]
[herbnkathy.com/wp-content/uploads/2017/09/2017-09-02-17.26.38.jpg]
[herbnkathy.com/wp-content/uploads/2017/09/2017-09-02-17.26.51.jpg]
[herbnkathy.com/wp-content/uploads/2017/09/2017-09-02-19.03.13.jpg]
[herbnkathy.com/wp-content/uploads/2017/09/2017-09-02-21.08.34.jpg]
[herbnkathy.com/wp-content/uploads/2017/09/2017-09-03-14.45.44.jpg]
[herbnkathy.com/tag/pere-marquette/index.html]
[herbnkathy.com/wp-json/wp/v2/tags/554707254.json]
[herbnkathy.com/tag/picnic/index.html]
[herbnkathy.com/tag/pmo/index.html]
[i0.wp.com/herbnkathy.com/wp-content/uploads/2019/12/20191119_151957-1-scaled7ff4.jpg]
[herbnkathy.com/tag/swimming/index.html]
[herbnkathy.com/tag/quartzsite/feed/index.html]
[herbnkathy.com/2019/12/14/herbnkathy-solar-install/index.html]
[i1.wp.com/herbnkathy.com/wp-content/uploads/2019/12/20191118_070127-scaled7ff4.jpg]
[i1.wp.com/herbnkathy.com/wp-content/uploads/2019/12/20191117_170407-scaled7ff4.jpg]
[i0.wp.com/herbnkathy.com/wp-content/uploads/2019/12/20191117_170427-scaled7ff4.jpg]
[i1.wp.com/herbnkathy.com/wp-content/uploads/2019/12/20191117_170632-scaled7ff4.jpg]
[i1.wp.com/herbnkathy.com/wp-content/uploads/2019/12/20191116_102046-scaled7ff4.jpg]
[i0.wp.com/herbnkathy.com/wp-content/uploads/2019/12/20191118_090543-scaled7ff4.jpg]
[i1.wp.com/herbnkathy.com/wp-content/uploads/2019/12/20191118_090952-1-scaled7ff4.jpg]
[i1.wp.com/herbnkathy.com/wp-content/uploads/2019/12/20191118_092909-scaled7ff4.jpg]
[i0.wp.com/herbnkathy.com/wp-content/uploads/2019/12/20191118_105951-scaled7ff4.jpg]
[i2.wp.com/herbnkathy.com/wp-content/uploads/2019/12/20191118_110530-scaled7ff4.jpg]
[i2.wp.com/herbnkathy.com/wp-content/uploads/2019/12/20191119_100959-1-scaled7ff4.jpg]
[herbnkathy.com/wp-content/uploads/2019/12/ControllerBay.jpg]
[herbnkathy.com/wp-content/uploads/2019/12/DevinWorking.jpg]
[herbnkathy.com/wp-content/uploads/2019/12/InsideControls.jpg]
[herbnkathy.com/wp-content/uploads/2019/12/InverterBay.jpg]
[herbnkathy.com/wp-content/uploads/2019/12/Roof1NewInstall.jpg]
[herbnkathy.com/wp-content/uploads/2019/12/BattleBorn.jpg]
[i0.wp.com/herbnkathy.com/wp-content/uploads/2019/12/20191120_073930-1-scaled7ff4.jpg]
[herbnkathy.com/wp-content/uploads/2017/02/2017-01-26-11.16.36.jpg]
[herbnkathy.com/wp-content/uploads/2017/02/2017-01-26-11.16.54.jpg]
[herbnkathy.com/tag/200w/index.html]
[herbnkathy.com/wp-content/uploads/2017/02/2017-01-26-11.17.46.jpg]
[herbnkathy.com/wp-content/uploads/2017/02/2017-01-26-11.17.08.jpg]
[herbnkathy.com/wp-content/uploads/2017/02/2017-01-26-11.17.04.jpg]
[herbnkathy.com/tag/brian-boone/index.html]
[herbnkathy.com/wp-content/uploads/2017/02/2017-01-26-11.16.59.jpg]
[herbnkathy.com/wp-content/uploads/2017/01/sonoran_desert.jpg]
[herbnkathy.com/wp-content/uploads/2017/01/sonoran_desert-300x173.jpg]
[herbnkathy.com/wp-content/uploads/2017/01/2017-01-23-07.49.20.jpg]
[herbnkathy.com/tag/solar-panels/index.html]
[herbnkathy.com/wp-content/uploads/2017/01/2017-01-23-08.03.28.jpg]
[herbnkathy.com/wp-content/uploads/2017/01/2017-01-23-08.03.31.jpg]
[herbnkathy.com/wp-content/uploads/2017/01/2017-01-23-08.03.39.jpg]
[herbnkathy.com/wp-content/uploads/2017/01/2017-01-23-08.35.23.jpg]
[herbnkathy.com/2017/02/08/kathys-visit-to-readers-oasis-aka-the-naked-bookseller/index.html]
[herbnkathy.com/wp-content/uploads/2017/01/2017-01-23-08.38.38.jpg]
[herbnkathy.com/wp-content/uploads/2017/01/2017-01-23-08.40.13.jpg]
[herbnkathy.com/wp-content/uploads/2017/01/2017-01-23-11.10.03.jpg]
[herbnkathy.com/wp-content/uploads/2017/01/2017-01-23-13.18.19.jpg]
[herbnkathy.com/wp-content/uploads/2017/01/2017-01-24-09.08.22.jpg]
[herbnkathy.com/tag/authors/index.html]
[herbnkathy.com/wp-content/uploads/2017/01/2017-01-24-11.57.42.jpg]
[herbnkathy.com/wp-content/uploads/2017/01/2017-01-24-15.05.29.jpg]
[herbnkathy.com/wp-content/uploads/2017/01/2017-01-24-15.52.45.jpg]
[herbnkathy.com/tag/books/index.html]
[herbnkathy.com/wp-content/uploads/2017/01/2017-01-25-08.33.58.jpg]
[herbnkathy.com/wp-content/uploads/2017/01/2017-01-25-08.37.45.jpg]
[herbnkathy.com/wp-content/uploads/2017/01/2017-01-25-08.39.24.jpg]
[herbnkathy.com/wp-content/uploads/2017/01/2017-01-25-08.41.06.jpg]
[herbnkathy.com/tag/naked/index.html]
[herbnkathy.com/wp-content/uploads/2017/01/2017-01-25-08.41.54.jpg]
[herbnkathy.com/wp-content/uploads/2017/01/2017-01-25-16.20.13.jpg]
[herbnkathy.com/wp-content/uploads/2017/01/2017-01-25-16.38.16.jpg]
[herbnkathy.com/wp-content/uploads/2017/01/2017-01-25-16.52.29.jpg]
[herbnkathy.com/tag/paul-winer/index.html]
[herbnkathy.com/wp-content/uploads/2017/01/2017-01-25-16.54.07.jpg]
[herbnkathy.com/tag/quartzsite/index.html]
[herbnkathy.com/tag/solar/index.html]
[herbnkathy.com/wp-json/wp/v2/tags/45212.json]
[herbnkathy.com/2017/01/31/quartzfest-ham-radio-convention-in-the-sanoran-desert/index.html]
[herbnkathy.com/tag/piano/index.html]
[herbnkathy.com/tag/amateur-radio/index.html]
[herbnkathy.com/tag/readers-oasis/index.html]
[herbnkathy.com/tag/writing/index.html]
[herbnkathy.com/tag/antennas/index.html]
[herbnkathy.com/wp-json/wp/v2/tags/554707696.json]
[herbnkathy.com/tag/quartzfest/index.html]
[herbnkathy.com/tag/learning/index.html]
[herbnkathy.com/wp-content/uploads/2019/07/20190708_113945-685x385.jpg]
[herbnkathy.com/tag/sunrise/index.html]
[herbnkathy.com/tag/sunset/index.html]
[herbnkathy.com/tag/solar/feed/index.html]
[i0.wp.com/herbnkathy.com/wp-content/uploads/2019/07/IMG_2247211e.jpg]
[i1.wp.com/herbnkathy.com/wp-content/uploads/2019/07/IMG_2217211e.jpg]
[herbnkathy.com/tag/south-dakota/feed/index.html]
[herbnkathy.com/wp-content/uploads/2019/07/20190615_194330.mp4]
[i0.wp.com/herbnkathy.com/wp-content/uploads/2019/07/20190623_0913157ff4.jpg]
[herbnkathy.com/wp-content/uploads/2019/07/DeadwoodLeadMap.jpg]
[i1.wp.com/herbnkathy.com/wp-content/uploads/2019/07/20190608_1603367ff4.jpg]
[i1.wp.com/herbnkathy.com/wp-content/uploads/2019/07/20190608_1604137ff4.jpg]
[i0.wp.com/herbnkathy.com/wp-content/uploads/2019/07/20190608_1605337ff4.jpg]
[i0.wp.com/herbnkathy.com/wp-content/uploads/2019/07/20190608_1605457ff4.jpg]
[i1.wp.com/herbnkathy.com/wp-content/uploads/2019/07/OpenPitAerialPix4ece.jpg]
[i2.wp.com/herbnkathy.com/wp-content/uploads/2019/07/20190608_1600527ff4.jpg]
[i2.wp.com/herbnkathy.com/wp-content/uploads/2019/07/IMG_2310211e.jpg]
[i2.wp.com/herbnkathy.com/wp-content/uploads/2019/07/IMG_2314211e.jpg]
[i1.wp.com/herbnkathy.com/wp-content/uploads/2019/07/IMG_2318211e.jpg]
[i2.wp.com/herbnkathy.com/wp-content/uploads/2019/07/IMG_2326211e.jpg]
[i2.wp.com/herbnkathy.com/wp-content/uploads/2019/07/IMG_2331211e.jpg]
[i2.wp.com/herbnkathy.com/wp-content/uploads/2019/07/IMG_2575211e.jpg]
[i2.wp.com/herbnkathy.com/wp-content/uploads/2019/07/IMG_2576211e.jpg]
[i0.wp.com/herbnkathy.com/wp-content/uploads/2019/07/IMG_2591211e.jpg]
[i1.wp.com/herbnkathy.com/wp-content/uploads/2019/07/IMG_2573211e.jpg]
[i1.wp.com/herbnkathy.com/wp-content/uploads/2019/07/IMG_2568211e.jpg]
[i1.wp.com/herbnkathy.com/wp-content/uploads/2019/07/IMG_2570211e.jpg]
[i0.wp.com/herbnkathy.com/wp-content/uploads/2019/07/IMG_2578211e.jpg]
[i0.wp.com/herbnkathy.com/wp-content/uploads/2019/07/IMG_2585211e.jpg]
[i2.wp.com/herbnkathy.com/wp-content/uploads/2019/07/IMG_2590211e.jpg]
[i2.wp.com/herbnkathy.com/wp-content/uploads/2019/07/20190708_1112077ff4.jpg]
[i1.wp.com/herbnkathy.com/wp-content/uploads/2019/07/20190708_1215127ff4.jpg]
[i0.wp.com/herbnkathy.com/wp-content/uploads/2019/07/20190708_1115237ff4.jpg]
[i0.wp.com/herbnkathy.com/wp-content/uploads/2019/07/20190708_1118547ff4.jpg]
[i2.wp.com/herbnkathy.com/wp-content/uploads/2019/07/20190708_1119167ff4.jpg]
[i1.wp.com/herbnkathy.com/wp-content/uploads/2019/07/20190708_1131097ff4.jpg]
[i2.wp.com/herbnkathy.com/wp-content/uploads/2019/07/20190708_1150177ff4.jpg]
[i2.wp.com/herbnkathy.com/wp-content/uploads/2019/07/20190708_1137517ff4.jpg]
[herbnkathy.com/tag/south-dakota/index.html]
[herbnkathy.com/tag/calamity-jane/index.html]
[herbnkathy.com/tag/hiking/index.html]
[herbnkathy.com/tag/cemetery/index.html]
[herbnkathy.com/tag/mount-moriah/index.html]
[herbnkathy.com/tag/walking/index.html]
[herbnkathy.com/tag/wild-bill-hickok/index.html]
[herbnkathy.com/tag/mount-roosevelt/index.html]
[herbnkathy.com/tag/spearfish/feed/index.html]
[herbnkathy.com/tag/south-dakota/page/2/index.html]
[herbnkathy.com/wp-json/wp/v2/tags/554707770.json]
[herbnkathy.com/2019/09/05/fun-for-all-ages-spearfish/index.html]
[i2.wp.com/herbnkathy.com/wp-content/uploads/2019/09/20190606_2104587ff4.jpg]
[herbnkathy.com/tag/spearfish/index.html]
[herbnkathy.com/tag/bike-race/index.html]
[herbnkathy.com/tag/boat-race/index.html]
[herbnkathy.com/wp-json/wp/v2/tags/554707427.json]
[herbnkathy.com/tag/dakota-five-0/index.html]
[herbnkathy.com/wp-content/uploads/2020/03/IMG_20200307_142649-685x514.jpg]
[herbnkathy.com/tag/spearfish-campground/index.html]
[herbnkathy.com/tag/state-park/feed/index.html]
[herbnkathy.com/wp-content/uploads/2020/03/IMG_20200306_111341-1024x485.jpg]
[herbnkathy.com/wp-content/uploads/2020/03/IMG_20200307_102109-1024x485.jpg]
[herbnkathy.com/2020/03/08/only-a-couple-hiccups/index.html]
[herbnkathy.com/wp-content/uploads/2020/03/IMG_20200306_162549-scaled.jpg]
[herbnkathy.com/wp-content/uploads/2020/03/IMG_20200306_192412-1024x485.jpg]
[herbnkathy.com/wp-content/uploads/2020/03/IMG_20200307_141333-1024x768.jpg]
[herbnkathy.com/wp-content/uploads/2020/03/IMG_20200307_140720-scaled.jpg]
[herbnkathy.com/wp-content/uploads/2020/03/IMG_20200307_200730-1024x485.jpg]
[herbnkathy.com/wp-content/uploads/2017/09/2017-09-14-18.30.15.jpg]
[herbnkathy.com/wp-content/uploads/2017/09/2017-09-14-18.40.52.jpg]
[herbnkathy.com/wp-content/uploads/2017/09/2017-09-14-18.44.03.jpg]
[herbnkathy.com/tag/blackwater/index.html]
[herbnkathy.com/wp-content/uploads/2017/09/2017-09-15-07.42.09.jpg]
[herbnkathy.com/wp-content/uploads/2017/09/2017-09-15-09.15.03.jpg]
[herbnkathy.com/wp-content/uploads/2017/09/2017-09-15-09.17.18.jpg]
[herbnkathy.com/tag/crestview/index.html]
[herbnkathy.com/wp-content/uploads/2017/09/2017-09-15-09.17.28.jpg]
[herbnkathy.com/wp-content/uploads/2017/09/2017-09-15-09.58.13.jpg]
[herbnkathy.com/wp-content/uploads/2017/09/2017-09-15-11.55.44.jpg]
[herbnkathy.com/wp-content/uploads/2017/09/2017-09-15-12.04.24.jpg]
[herbnkathy.com/tag/dave/index.html]
[herbnkathy.com/wp-content/uploads/2017/09/2017-09-15-12.04.55.jpg]
[herbnkathy.com/wp-content/uploads/2017/09/2017-09-15-12.05.05.jpg]
[herbnkathy.com/wp-content/uploads/2017/09/2017-09-15-12.06.28.jpg]
[herbnkathy.com/tag/driving/index.html]
[herbnkathy.com/wp-content/uploads/2017/09/2017-09-15-12.20.05.jpg]
[herbnkathy.com/tag/festival/index.html]
[herbnkathy.com/wp-content/uploads/2017/09/Keweenaw-Bay-Map.jpg]
[herbnkathy.com/tag/hayden/index.html]
[herbnkathy.com/wp-content/uploads/2017/09/Keweenaw-Bay-Map-198x300.jpg]
[herbnkathy.com/wp-content/uploads/2017/09/2017-09-15-15.21.15.jpg]
[herbnkathy.com/wp-content/uploads/2017/09/2017-09-15-15.21.15-300x169.jpg]
[herbnkathy.com/tag/holt/index.html]
[herbnkathy.com/wp-content/uploads/2017/09/FtWilkinsStateParkMap.jpg]
[herbnkathy.com/tag/milton/index.html]
[herbnkathy.com/wp-content/uploads/2017/09/FtWilkinsStateParkMap-300x270.jpg]
[herbnkathy.com/wp-content/uploads/2017/09/2017-09-16-19.20.49.jpg]
[herbnkathy.com/wp-content/uploads/2017/09/2017-09-16-19.20.49-1024x576.jpg]
[herbnkathy.com/wp-content/uploads/2017/09/2017-09-16-18.24.29.jpg]
[herbnkathy.com/tag/robyn/index.html]
[herbnkathy.com/wp-content/uploads/2017/09/2017-09-16-18.24.29-1024x576.jpg]
[herbnkathy.com/wp-content/uploads/2017/09/2017-09-16-16.24.31.jpg]
[herbnkathy.com/wp-content/uploads/2017/09/2017-09-16-16.24.31-1024x576.jpg]
[herbnkathy.com/wp-content/uploads/2017/09/2017-09-16-16.24.23.jpg]
[herbnkathy.com/2017/09/26/our-trip-home-the-long-way/index.html]
[herbnkathy.com/wp-content/uploads/2017/09/2017-09-16-16.24.23-1024x576.jpg]
[herbnkathy.com/wp-content/uploads/2017/09/2017-09-16-14.57.20.jpg]
[herbnkathy.com/wp-content/uploads/2017/09/2017-09-16-14.57.20-1024x576.jpg]
[herbnkathy.com/wp-content/uploads/2017/09/2017-09-16-14.09.37.jpg]
[herbnkathy.com/wp-content/uploads/2017/09/2017-09-16-14.09.37-1024x576.jpg]
[herbnkathy.com/wp-content/uploads/2017/09/2017-09-16-13.58.13.jpg]
[herbnkathy.com/wp-content/uploads/2017/09/2017-09-16-13.58.13-1024x576.jpg]
[herbnkathy.com/wp-content/uploads/2017/09/2017-09-16-13.35.45.jpg]
[herbnkathy.com/wp-content/uploads/2017/09/2017-09-16-13.35.45-1024x576.jpg]
[herbnkathy.com/wp-content/uploads/2017/09/2017-09-16-13.31.22.jpg]
[herbnkathy.com/wp-content/uploads/2017/09/2017-09-16-13.31.22-1024x576.jpg]
[herbnkathy.com/wp-content/uploads/2017/09/2017-09-16-13.27.25.jpg]
[herbnkathy.com/wp-content/uploads/2017/09/2017-09-16-13.27.25-1024x576.jpg]
[herbnkathy.com/wp-content/uploads/2017/09/2017-09-16-13.20.47.jpg]
[herbnkathy.com/wp-content/uploads/2017/09/2017-09-16-13.20.47-1024x576.jpg]
[herbnkathy.com/wp-content/uploads/2017/09/2017-09-16-13.19.01.jpg]
[herbnkathy.com/wp-content/uploads/2017/09/2017-09-16-13.19.01-1024x576.jpg]
[herbnkathy.com/wp-content/uploads/2017/09/2017-09-16-13.08.12.jpg]
[herbnkathy.com/wp-content/uploads/2017/09/2017-09-16-13.08.12-1024x576.jpg]
[herbnkathy.com/wp-content/uploads/2017/09/2017-09-16-13.05.10.jpg]
[herbnkathy.com/wp-content/uploads/2017/09/2017-09-16-13.05.10-1024x576.jpg]
[herbnkathy.com/wp-content/uploads/2017/09/2017-09-16-12.56.50.jpg]
[herbnkathy.com/wp-content/uploads/2017/09/2017-09-16-12.56.50-1024x576.jpg]
[herbnkathy.com/wp-content/uploads/2017/09/2017-09-16-12.56.18.jpg]
[herbnkathy.com/wp-content/uploads/2017/09/2017-09-16-12.56.18-1024x576.jpg]
[herbnkathy.com/wp-content/uploads/2017/09/2017-09-16-12.41.22.jpg]
[herbnkathy.com/wp-content/uploads/2017/09/2017-09-16-12.41.22-1024x576.jpg]
[herbnkathy.com/wp-content/uploads/2017/09/2017-09-16-12.40.32.jpg]
[herbnkathy.com/wp-content/uploads/2017/09/2017-09-16-12.40.32-1024x576.jpg]
[herbnkathy.com/wp-content/uploads/2017/09/2017-09-16-12.39.27.jpg]
[herbnkathy.com/wp-content/uploads/2017/09/2017-09-16-12.39.27-1024x576.jpg]
[herbnkathy.com/wp-content/uploads/2017/09/2017-09-16-12.26.57.jpg]
[herbnkathy.com/wp-content/uploads/2017/09/2017-09-16-12.26.57-1024x576.jpg]
[herbnkathy.com/wp-content/uploads/2017/09/2017-09-16-12.18.53.jpg]
[herbnkathy.com/wp-content/uploads/2017/09/2017-09-16-12.18.53-1024x576.jpg]
[herbnkathy.com/wp-content/uploads/2017/09/2017-09-16-11.54.58.jpg]
[herbnkathy.com/wp-content/uploads/2017/09/2017-09-16-11.54.58-1024x576.jpg]
[herbnkathy.com/wp-content/uploads/2017/09/2017-09-16-11.45.56.jpg]
[herbnkathy.com/wp-content/uploads/2017/09/2017-09-16-11.45.56-1024x576.jpg]
[herbnkathy.com/wp-content/uploads/2017/09/2017-09-16-11.15.45.jpg]
[herbnkathy.com/wp-content/uploads/2017/09/2017-09-16-11.15.45-1024x576.jpg]
[herbnkathy.com/wp-content/uploads/2017/09/2017-09-16-10.34.48.jpg]
[herbnkathy.com/wp-content/uploads/2017/09/2017-09-16-10.34.48-1024x576.jpg]
[herbnkathy.com/wp-content/uploads/2017/09/2017-09-16-10.34.44.jpg]
[herbnkathy.com/wp-content/uploads/2017/09/2017-09-16-10.34.44-1024x576.jpg]
[herbnkathy.com/wp-content/uploads/2017/09/2017-09-16-10.30.07.jpg]
[herbnkathy.com/wp-content/uploads/2017/09/2017-09-16-10.30.07-1024x576.jpg]
[herbnkathy.com/wp-content/uploads/2017/09/2017-09-15-17.55.19.jpg]
[herbnkathy.com/wp-content/uploads/2017/09/2017-09-15-17.55.19-1024x576.jpg]
[herbnkathy.com/wp-content/uploads/2017/09/2017-09-15-17.40.35.jpg]
[herbnkathy.com/wp-content/uploads/2017/09/2017-09-15-17.40.35-1024x576.jpg]
[herbnkathy.com/wp-content/uploads/2017/09/2017-09-15-13.33.28.jpg]
[herbnkathy.com/wp-content/uploads/2017/09/2017-09-15-13.33.28-1024x576.jpg]
[herbnkathy.com/wp-content/uploads/2017/09/2017-09-15-13.29.25.jpg]
[herbnkathy.com/wp-content/uploads/2017/09/2017-09-15-13.29.25-1024x576.jpg]
[herbnkathy.com/wp-content/uploads/2017/09/2017-09-18-06.55.09.jpg]
[herbnkathy.com/wp-content/uploads/2017/09/2017-09-18-06.54.31.jpg]
[herbnkathy.com/wp-content/uploads/2017/09/2017-09-17-19.11.40.jpg]
[herbnkathy.com/wp-content/uploads/2017/09/2017-09-17-19.07.22.jpg]
[herbnkathy.com/wp-content/uploads/2017/09/2017-09-17-19.05.44.jpg]
[herbnkathy.com/wp-content/uploads/2017/09/2017-09-17-19.04.42.jpg]
[herbnkathy.com/wp-content/uploads/2017/09/2017-09-17-19.03.10.jpg]
[herbnkathy.com/wp-content/uploads/2017/09/2017-09-17-19.02.49.jpg]
[herbnkathy.com/wp-content/uploads/2017/09/2017-09-17-18.48.36.jpg]
[herbnkathy.com/wp-content/uploads/2017/09/2017-09-17-18.46.01.jpg]
[herbnkathy.com/wp-content/uploads/2017/09/2017-09-17-17.24.03.jpg]
[herbnkathy.com/wp-content/uploads/2017/09/2017-09-17-17.23.36.jpg]
[herbnkathy.com/wp-content/uploads/2017/09/2017-09-17-13.49.53.jpg]
[herbnkathy.com/wp-content/uploads/2017/09/2017-09-19-15.01.11.jpg]
[herbnkathy.com/wp-content/uploads/2017/09/2017-09-19-16.09.13.jpg]
[herbnkathy.com/wp-content/uploads/2017/09/2017-09-19-16.09.06.jpg]
[herbnkathy.com/wp-content/uploads/2017/09/2017-09-19-16.05.43.jpg]
[herbnkathy.com/wp-content/uploads/2017/09/2017-09-19-15.51.14.jpg]
[herbnkathy.com/wp-content/uploads/2017/09/2017-09-19-15.50.36.jpg]
[herbnkathy.com/wp-content/uploads/2017/09/2017-09-19-15.50.30.jpg]
[herbnkathy.com/wp-content/uploads/2017/09/2017-09-19-15.50.19.jpg]
[herbnkathy.com/wp-content/uploads/2017/09/2017-09-19-15.49.38.jpg]
[herbnkathy.com/wp-content/uploads/2017/09/2017-09-19-15.42.41.jpg]
[herbnkathy.com/wp-content/uploads/2017/09/2017-09-19-15.42.29.jpg]
[herbnkathy.com/wp-content/uploads/2017/09/2017-09-19-15.42.24.jpg]
[herbnkathy.com/wp-content/uploads/2017/09/2017-09-19-15.41.47.jpg]
[herbnkathy.com/wp-content/uploads/2017/09/2017-09-19-15.41.33.jpg]
[herbnkathy.com/wp-content/uploads/2017/09/2017-09-19-15.41.21.jpg]
[herbnkathy.com/wp-content/uploads/2017/09/2017-09-19-15.41.06.jpg]
[herbnkathy.com/wp-content/uploads/2017/09/2017-09-19-15.11.02.jpg]
[herbnkathy.com/wp-content/uploads/2017/09/2017-09-19-14.59.41.jpg]
[herbnkathy.com/wp-content/uploads/2017/08/Kalkaska-Map.jpg]
[herbnkathy.com/wp-content/uploads/2017/08/Kalkaska-Map-300x239.jpg]
[herbnkathy.com/wp-content/uploads/2017/08/2017-08-17-08.14.26.jpg]
[herbnkathy.com/wp-content/uploads/2017/08/2017-08-17-08.14.26-300x169.jpg]
[herbnkathy.com/tag/breakwater/index.html]
[herbnkathy.com/wp-content/uploads/2017/08/UP-Trip-Map.jpg]
[herbnkathy.com/wp-content/uploads/2017/08/2017-08-17-12.34.56.jpg]
[herbnkathy.com/wp-content/uploads/2017/08/2017-08-17-12.35.08.jpg]
[herbnkathy.com/tag/brockway-mountain/index.html]
[herbnkathy.com/wp-content/uploads/2017/08/2017-08-17-12.38.13.b2b.delayed]
[herbnkathy.com/tag/da-yooper-trap/index.html]
[herbnkathy.com/wp-content/uploads/2017/08/2017-08-17-15.46.06.jpg]
[herbnkathy.com/wp-content/uploads/2017/08/2017-08-17-15.47.33.jpg]
[herbnkathy.com/tag/eagle-river/index.html]
[herbnkathy.com/wp-content/uploads/2017/08/2017-08-17-15.49.30.jpg]
[herbnkathy.com/wp-content/uploads/2017/08/2017-08-17-16.06.41.jpg]
[herbnkathy.com/wp-content/uploads/2017/08/2017-08-17-16.07.26.jpg]
[herbnkathy.com/wp-content/uploads/2017/08/2017-08-17-16.10.10.jpg]
[herbnkathy.com/wp-content/uploads/2017/08/2017-08-17-16.10.44.jpg]
[herbnkathy.com/tag/elkhart/index.html]
[herbnkathy.com/wp-content/uploads/2017/08/2017-08-17-16.21.55.jpg]
[herbnkathy.com/tag/fort-wilkins/index.html]
[herbnkathy.com/wp-content/uploads/2017/08/2017-08-17-16.27.48.jpg]
[herbnkathy.com/tag/hall-of-fame/index.html]
[herbnkathy.com/wp-content/uploads/2017/08/2017-08-17-16.53.57.jpg]
[herbnkathy.com/tag/jetty/index.html]
[herbnkathy.com/wp-content/uploads/2017/08/2017-08-17-16.54.17.jpg]
[herbnkathy.com/wp-content/uploads/2017/08/2017-08-17-16.57.36.jpg]
[herbnkathy.com/wp-content/uploads/2017/08/2017-08-17-16.57.52.jpg]
[herbnkathy.com/wp-content/uploads/2017/08/2017-08-17-17.01.29.jpg]
[herbnkathy.com/tag/lake-manganese/index.html]
[herbnkathy.com/wp-content/uploads/2017/08/2017-08-17-17.01.39.jpg]
[herbnkathy.com/wp-content/uploads/2017/08/2017-08-17-18.07.00.jpg]
[herbnkathy.com/wp-content/uploads/2017/08/2017-08-17-18.20.48.jpg]
[herbnkathy.com/wp-content/uploads/2017/08/2017-08-17-18.24.11.jpg]
[herbnkathy.com/tag/lake-superior/index.html]
[herbnkathy.com/wp-content/uploads/2017/08/2017-08-18-09.00.57.jpg]
[herbnkathy.com/tag/manistique/index.html]
[herbnkathy.com/wp-content/uploads/2017/08/2017-08-18-09.01.29.jpg]
[herbnkathy.com/wp-content/uploads/2017/08/2017-08-18-09.01.43.jpg]
[herbnkathy.com/tag/manistique-river/index.html]
[herbnkathy.com/wp-content/uploads/2017/08/2017-08-18-09.04.42.jpg]
[herbnkathy.com/tag/the-jam-pot/index.html]
[herbnkathy.com/wp-content/uploads/2017/08/2017-08-18-09.07.52.jpg]
[herbnkathy.com/wp-content/uploads/2017/08/2017-08-18-12.17.23.jpg]
[herbnkathy.com/wp-content/uploads/2017/08/2017-08-18-12.21.28.jpg]
[herbnkathy.com/tag/up/index.html]
[herbnkathy.com/wp-content/uploads/2017/08/2017-08-18-15.27.40.jpg]
[herbnkathy.com/wp-content/uploads/2017/08/2017-08-18-16.09.04.jpg]
[herbnkathy.com/wp-content/uploads/2017/08/2017-08-18-18.52.05.jpg]
[herbnkathy.com/wp-content/uploads/2017/08/2017-08-18-18.52.25.jpg]
[herbnkathy.com/tag/waffle-cones/index.html]
[herbnkathy.com/wp-content/uploads/2017/08/2017-08-19-08.52.00.jpg]
[herbnkathy.com/wp-content/uploads/2017/08/2017-08-19-08.52.38.jpg]
[herbnkathy.com/wp-content/uploads/2017/08/2017-08-19-09.28.26.jpg]
[herbnkathy.com/wp-content/uploads/2017/08/2017-08-19-09.29.10.jpg]
[herbnkathy.com/tag/yooper/index.html]
[herbnkathy.com/wp-content/uploads/2017/08/2017-08-19-10.38.02.jpg]
[herbnkathy.com/wp-content/uploads/2017/08/2017-08-19-10.52.51.jpg]
[herbnkathy.com/wp-content/uploads/2017/08/2017-08-19-13.10.09.jpg]
[herbnkathy.com/wp-content/uploads/2017/08/2017-08-19-20.55.55-1.jpg]
[herbnkathy.com/tag/state-park/index.html]
[herbnkathy.com/tag/chuck/index.html]
[herbnkathy.com/wp-json/wp/v2/tags/554707474.json]
[herbnkathy.com/tag/escanaba/index.html]
[herbnkathy.com/tag/grand-marais/index.html]
[herbnkathy.com/tag/joanne/index.html]
[herbnkathy.com/wp-content/uploads/2018/03/20180321_143212.b52.delayed]
[herbnkathy.com/tag/munising/index.html]
[herbnkathy.com/wp-content/uploads/2017/10/2017-10-04-16.26.45e6f8.mp4]
[herbnkathy.com/tag/texas/index.html]
[herbnkathy.com/tag/pond/index.html]
[herbnkathy.com/tag/sault-st-marie/index.html]
[herbnkathy.com/wp-json/wp/v2/tags/12558.json]
[herbnkathy.com/tag/st-ignace/index.html]
[herbnkathy.com/tag/texas/feed/index.html]
[herbnkathy.com/wp-content/uploads/2018/10/20180323_0933262154598183724253384.jpg]
[herbnkathy.com/2018/03/25/were-ready-for-something-different-whatll-it-be/index.html]
[herbnkathy.com/wp-content/uploads/2018/10/20180925_161239.jpg]
[herbnkathy.com/wp-content/uploads/2018/10/20180926_150121.jpg]
[herbnkathy.com/wp-content/uploads/2018/10/20181008_093321.jpg]
[herbnkathy.com/wp-content/uploads/2018/10/20181008_093321-e1540820372101-576x1024.jpg]
[herbnkathy.com/tag/christian/index.html]
[herbnkathy.com/wp-content/uploads/2018/10/20181015_105423.jpg]
[herbnkathy.com/wp-content/uploads/2018/10/20181006_081133.jpg]
[herbnkathy.com/wp-content/uploads/2018/10/20181006_081133-300x169.jpg]
[herbnkathy.com/wp-content/uploads/2018/10/HerbParking.jpg]
[herbnkathy.com/tag/church/index.html]
[herbnkathy.com/wp-content/uploads/2018/10/HerbParking-300x200.jpg]
[herbnkathy.com/tag/fellowship/index.html]
[herbnkathy.com/wp-content/uploads/2018/10/20180922_090137.jpg]
[herbnkathy.com/wp-content/uploads/2018/10/20180922_090137-300x169.jpg]
[herbnkathy.com/tag/piney-woods/index.html]
[herbnkathy.com/wp-content/uploads/2018/10/20180923_142155.jpg]
[herbnkathy.com/tag/rvics/index.html]
[herbnkathy.com/wp-content/uploads/2018/10/20180923_142155-300x169.jpg]
[herbnkathy.com/wp-content/uploads/2018/10/20180923_150306.jpg]
[herbnkathy.com/tag/sowers/index.html]
[herbnkathy.com/wp-content/uploads/2018/10/20180923_150306-300x169.jpg]
[herbnkathy.com/wp-content/uploads/2018/10/20180924_132428.jpg]
[herbnkathy.com/wp-content/uploads/2018/10/20180924_132428-300x169.jpg]
[herbnkathy.com/wp-content/uploads/2018/10/20180925_120053.jpg]
[herbnkathy.com/wp-content/uploads/2018/10/20180925_120053-300x169.jpg]
[herbnkathy.com/tag/volunteer-christian-builders/index.html]
[herbnkathy.com/wp-content/uploads/2018/10/20180927_165020.jpg]
[herbnkathy.com/wp-content/uploads/2018/10/20180927_165020-300x169.jpg]
[herbnkathy.com/wp-content/uploads/2018/10/20180929_192224.jpg]
[herbnkathy.com/wp-content/uploads/2018/10/20180929_192224-300x169.jpg]
[herbnkathy.com/tag/woodlake/index.html]
[herbnkathy.com/wp-content/uploads/2018/10/20180930_180947.jpg]
[herbnkathy.com/wp-content/uploads/2018/10/20180930_180947-300x169.jpg]
[herbnkathy.com/wp-content/uploads/2018/10/20181002_121454.jpg]
[herbnkathy.com/wp-content/uploads/2018/10/20181002_121454-300x169.jpg]
[herbnkathy.com/tag/worship/index.html]
[herbnkathy.com/wp-content/uploads/2018/10/20181006_080604.jpg]
[herbnkathy.com/wp-content/uploads/2018/10/20181006_080604-300x169.jpg]
[herbnkathy.com/wp-content/uploads/2018/10/20181006_081443.jpg]
[herbnkathy.com/wp-content/uploads/2018/10/20181006_081443-300x169.jpg]
[herbnkathy.com/tag/rainbows-end/index.html]
[herbnkathy.com/wp-content/uploads/2018/10/20181007_121119.jpg]
[herbnkathy.com/wp-content/uploads/2018/10/20181007_121119-300x169.jpg]
[herbnkathy.com/wp-content/uploads/2018/10/20181007_150122.jpg]
[herbnkathy.com/wp-content/uploads/2018/10/20181007_150122-300x169.jpg]
[herbnkathy.com/tag/volunteering/feed/index.html]
[herbnkathy.com/wp-content/uploads/2018/10/20181008_081412.jpg]
[herbnkathy.com/wp-content/uploads/2018/10/20181008_081412-300x169.jpg]
[herbnkathy.com/wp-content/uploads/2018/10/20181008_091738.jpg]
[herbnkathy.com/wp-content/uploads/2018/10/20181008_091738-300x169.jpg]
[herbnkathy.com/wp-content/uploads/2018/10/20181008_181531.jpg]
[herbnkathy.com/2018/10/20/volunteering-at-albuquerque-international-balloon-fiesta-aibf/index.html]
[herbnkathy.com/wp-content/uploads/2018/10/20181008_181531-300x169.jpg]
[herbnkathy.com/wp-content/uploads/2018/10/20181009_080347.jpg]
[herbnkathy.com/wp-content/uploads/2018/10/20181009_080347-300x169.jpg]
[herbnkathy.com/wp-content/uploads/2018/10/20181009_141258.jpg]
[herbnkathy.com/wp-content/uploads/2018/10/20181009_141258-300x169.jpg]
[herbnkathy.com/wp-content/uploads/2018/10/20181010_082626.jpg]
[herbnkathy.com/wp-content/uploads/2018/10/20181010_082626-300x169.jpg]
[herbnkathy.com/wp-content/uploads/2018/10/20181010_083314.jpg]
[herbnkathy.com/wp-content/uploads/2018/10/20181010_083314-300x169.jpg]
[herbnkathy.com/wp-content/uploads/2018/10/20181010_084513.jpg]
[herbnkathy.com/wp-content/uploads/2018/10/20181010_084513-300x169.jpg]
[herbnkathy.com/wp-content/uploads/2018/10/20181011_075650.jpg]
[herbnkathy.com/wp-content/uploads/2018/10/20181011_075650-300x169.jpg]
[herbnkathy.com/wp-content/uploads/2018/10/20181012_075650.jpg]
[herbnkathy.com/wp-content/uploads/2018/10/20181012_075650-300x169.jpg]
[herbnkathy.com/wp-content/uploads/2018/10/20181012_084836.jpg]
[herbnkathy.com/wp-content/uploads/2018/10/20181012_084836-300x169.jpg]
[herbnkathy.com/wp-content/uploads/2018/10/20181013_184257.jpg]
[herbnkathy.com/wp-content/uploads/2018/10/20181013_184257-300x169.jpg]
[herbnkathy.com/wp-content/uploads/2018/10/20181015_181735.jpg]
[herbnkathy.com/wp-content/uploads/2018/10/20181015_181735-300x169.jpg]
[herbnkathy.com/wp-content/uploads/2018/10/20181015_181747.jpg]
[herbnkathy.com/wp-content/uploads/2018/10/20181015_181747-300x169.jpg]
[herbnkathy.com/tag/volunteering/index.html]
[herbnkathy.com/tag/balloon/index.html]
[herbnkathy.com/tag/balloon-museum/index.html]
[herbnkathy.com/wp-json/wp/v2/tags/14157.json]
[herbnkathy.com/wp-content/uploads/2018/12/Nancy.jpg]
[herbnkathy.com/tag/dieter/index.html]
[herbnkathy.com/tag/fiesta/index.html]
[herbnkathy.com/wp-content/uploads/2018/12/20181214_130714.mp4]
[herbnkathy.com/tag/glowdeo/index.html]
[i0.wp.com/herbnkathy.com/wp-content/uploads/2018/12/20181214_1451457073.jpg]
[herbnkathy.com/tag/mass-ascension/index.html]
[herbnkathy.com/tag/sam/index.html]
[i1.wp.com/herbnkathy.com/wp-content/uploads/2018/12/20181209_1157437073.jpg]
[herbnkathy.com/tag/water/feed/index.html]
[herbnkathy.com/wp-content/uploads/2018/12/BollClosed.jpg]
[herbnkathy.com/2018/12/20/arizona-cotton-farm-tour/index.html]
[herbnkathy.com/wp-content/uploads/2018/12/Cotton-Flower.jpg]
[herbnkathy.com/wp-content/uploads/2018/12/Boll-Open.jpg]
[herbnkathy.com/wp-content/uploads/2018/12/CottonPickerLoose.jpg]
[i2.wp.com/herbnkathy.com/wp-content/uploads/2018/12/20181214_1443337073.jpg]
[i0.wp.com/herbnkathy.com/wp-content/uploads/2018/12/20181214_1443267073.jpg]
[i1.wp.com/herbnkathy.com/wp-content/uploads/2018/12/20181214_1444287073.jpg]
[herbnkathy.com/wp-content/uploads/2018/12/Module-Builder-1.jpg]
[i0.wp.com/herbnkathy.com/wp-content/uploads/2018/12/20181214_1446407073.jpg]
[herbnkathy.com/wp-content/uploads/2018/12/builder-leaving.jpg]
[i1.wp.com/herbnkathy.com/wp-content/uploads/2018/12/20181219_1153537073.jpg]
[i2.wp.com/herbnkathy.com/wp-content/uploads/2018/12/IMG_00223794.jpg]
[i0.wp.com/herbnkathy.com/wp-content/uploads/2018/12/IMG_00233794.jpg]
[i1.wp.com/herbnkathy.com/wp-content/uploads/2018/12/20181209_1134257073.jpg]
[herbnkathy.com/wp-content/uploads/2018/12/CottonPickerFront.jpg]
[herbnkathy.com/wp-content/uploads/2018/12/CottonPickerModule.jpg]
[i1.wp.com/herbnkathy.com/wp-content/uploads/2018/12/20181210_1511577073.jpg]
[i1.wp.com/herbnkathy.com/wp-content/uploads/2018/12/20181209_1131277073.jpg]
[i1.wp.com/herbnkathy.com/wp-content/uploads/2018/12/20181209_1133127073.jpg]
[i0.wp.com/herbnkathy.com/wp-content/uploads/2018/12/IMG_00243794.jpg]
[herbnkathy.com/wp-content/uploads/2017/03/2017-03-16-18.02.59.jpg]
[herbnkathy.com/wp-content/uploads/2017/03/2017-03-16-09.50.30.jpg]
[herbnkathy.com/wp-content/uploads/2017/03/2017-03-16-09.50.30-300x169.jpg]
[herbnkathy.com/wp-content/uploads/2017/03/2017-03-16-18.41.43.jpg]
[herbnkathy.com/tag/bale/index.html]
[herbnkathy.com/wp-content/uploads/2017/03/2017-03-16-18.41.43-1024x576.jpg]
[herbnkathy.com/wp-content/uploads/2017/03/2017-03-16-18.07.12.jpg]
[herbnkathy.com/wp-content/uploads/2017/03/2017-03-16-18.07.12-1024x576.jpg]
[herbnkathy.com/tag/brushes/index.html]
[herbnkathy.com/wp-content/uploads/2017/03/2017-03-16-18.02.59-1024x576.jpg]
[herbnkathy.com/tag/builder/index.html]
[herbnkathy.com/wp-content/uploads/2017/03/2017-03-16-18.00.59.jpg]
[herbnkathy.com/wp-content/uploads/2017/03/2017-03-16-18.00.59-1024x576.jpg]
[herbnkathy.com/tag/caywood/index.html]
[herbnkathy.com/wp-content/uploads/2017/03/2017-03-16-17.59.53.jpg]
[herbnkathy.com/wp-content/uploads/2017/03/2017-03-16-17.59.53-1024x576.jpg]
[herbnkathy.com/wp-content/uploads/2017/03/2017-03-16-17.57.51.jpg]
[herbnkathy.com/wp-content/uploads/2017/03/2017-03-16-17.57.51-1024x576.jpg]
[herbnkathy.com/tag/cotton/index.html]
[herbnkathy.com/wp-content/uploads/2017/03/2017-03-16-17.51.30.jpg]
[herbnkathy.com/wp-content/uploads/2017/03/2017-03-16-17.51.30-1024x576.jpg]
[herbnkathy.com/wp-content/uploads/2017/03/2017-03-16-17.50.54.jpg]
[herbnkathy.com/tag/cotton-bale/index.html]
[herbnkathy.com/wp-content/uploads/2017/03/2017-03-16-17.50.54-1024x576.jpg]
[herbnkathy.com/wp-content/uploads/2017/03/2017-03-16-17.50.41.jpg]
[herbnkathy.com/wp-content/uploads/2017/03/2017-03-16-17.50.41-1024x576.jpg]
[herbnkathy.com/wp-content/uploads/2017/03/2017-03-16-17.50.35-1024x576.jpg]
[herbnkathy.com/tag/cotton-boll/index.html]
[herbnkathy.com/wp-content/uploads/2017/03/2017-03-16-09.50.30-1024x576.jpg]
[herbnkathy.com/wp-content/uploads/2017/03/2017-03-15-14.12.59.jpg]
[herbnkathy.com/wp-content/uploads/2017/03/2017-03-15-13.07.50.jpg]
[herbnkathy.com/wp-content/uploads/2017/03/2017-03-15-13.07.50-300x169.jpg]
[herbnkathy.com/tag/cotton-flower/index.html]
[herbnkathy.com/wp-content/uploads/2017/03/2017-03-15-12.49.52.jpg]
[herbnkathy.com/wp-content/uploads/2017/03/2017-03-15-12.49.52-1024x576.jpg]
[herbnkathy.com/wp-content/uploads/2017/03/2017-03-15-12.11.06.jpg]
[herbnkathy.com/tag/cotton-gin/index.html]
[herbnkathy.com/wp-content/uploads/2017/03/2017-03-15-12.11.06-1024x576.jpg]
[herbnkathy.com/tag/cotton-picker/index.html]
[herbnkathy.com/wp-content/uploads/2017/03/2017-03-15-12.04.31.jpg]
[herbnkathy.com/tag/cotton-seed/index.html]
[herbnkathy.com/wp-content/uploads/2017/03/2017-03-15-12.04.31-1024x576.jpg]
[herbnkathy.com/tag/cotton-truck/index.html]
[herbnkathy.com/wp-content/uploads/2017/03/2017-03-15-12.04.09.jpg]
[herbnkathy.com/tag/ginning/index.html]
[herbnkathy.com/wp-content/uploads/2017/03/2017-03-15-12.04.09-1024x576.jpg]
[herbnkathy.com/wp-content/uploads/2017/03/2017-03-15-12.02.33.jpg]
[herbnkathy.com/tag/ginning-process/index.html]
[herbnkathy.com/wp-content/uploads/2017/03/2017-03-15-12.02.33-1024x768.jpg]
[herbnkathy.com/wp-content/uploads/2017/03/2017-03-15-11.58.15.jpg]
[herbnkathy.com/wp-content/uploads/2017/03/2017-03-15-11.58.15-1024x576.jpg]
[herbnkathy.com/tag/hay/index.html]
[herbnkathy.com/wp-content/uploads/2017/03/2017-03-15-11.56.27.jpg]
[herbnkathy.com/tag/lint/index.html]
[herbnkathy.com/wp-content/uploads/2017/03/2017-03-15-11.56.27-1024x576.jpg]
[herbnkathy.com/wp-content/uploads/2017/03/2017-03-15-16.15.41.jpg]
[herbnkathy.com/tag/linter/index.html]
[herbnkathy.com/wp-content/uploads/2017/03/2017-03-15-16.15.41-1024x576.jpg]
[herbnkathy.com/tag/module/index.html]
[herbnkathy.com/wp-content/uploads/2017/03/2017-03-15-16.01.57.jpg]
[herbnkathy.com/wp-content/uploads/2017/03/2017-03-15-16.01.57-1024x576.jpg]
[herbnkathy.com/tag/module-builder/index.html]
[herbnkathy.com/wp-content/uploads/2017/03/2017-03-15-16.01.23.jpg]
[herbnkathy.com/tag/spindles/index.html]
[herbnkathy.com/wp-content/uploads/2017/03/2017-03-15-16.01.23-1024x576.jpg]
[herbnkathy.com/wp-content/uploads/2017/03/2017-03-15-15.53.20.jpg]
[herbnkathy.com/tag/wagon/index.html]
[herbnkathy.com/wp-content/uploads/2017/03/2017-03-15-15.53.20-1024x576.jpg]
[herbnkathy.com/tag/water/index.html]
[herbnkathy.com/2017/03/18/a-little-gem-in-central-texas/index.html]
[herbnkathy.com/tag/junction/index.html]
[herbnkathy.com/tag/workamping/index.html]
[herbnkathy.com/wp-json/wp/v2/tags/554707431.json]
[herbnkathy.com/tag/llamo-river/index.html]
[herbnkathy.com/tag/pecan-valley/index.html]
[herbnkathy.com/tag/peaceful/index.html]
[herbnkathy.com/2017/03/16/oooops-didnt-make-it-to-roswell/index.html]
[herbnkathy.com/tag/carlsbad/index.html]
[herbnkathy.com/wp-json/wp/v2/tags/554707731.json]
[herbnkathy.com/tag/falls/index.html]
[herbnkathy.com/tag/sitting-bull/index.html]
[herbnkathy.com/2016/06/19/disinfecting-the-fresh-water-system/index.html]
[herbnkathy.com/tag/bleach/index.html]
[i1.wp.com/herbnkathy.com/wp-content/uploads/2019/04/PowderRiverMap636b.jpg]
[herbnkathy.com/tag/disinfect/index.html]
[herbnkathy.com/tag/fresh-water/index.html]
[herbnkathy.com/tag/workamping/feed/index.html]
[i0.wp.com/herbnkathy.com/wp-content/uploads/2019/04/20190414_0858077ff4.jpg]
[herbnkathy.com/tag/wyoming/feed/index.html]
[herbnkathy.com/2019/05/08/just-a-sleepy-little-town/index.html]
[i2.wp.com/herbnkathy.com/wp-content/uploads/2019/04/20190414_0941177ff4.jpg]
[i1.wp.com/herbnkathy.com/wp-content/uploads/2019/04/20190414_1020007ff4.jpg]
[i1.wp.com/herbnkathy.com/wp-content/uploads/2019/04/20190414_1023437ff4.jpg]
[i1.wp.com/herbnkathy.com/wp-content/uploads/2019/04/20190414_1048127ff4.jpg]
[i0.wp.com/herbnkathy.com/wp-content/uploads/2019/04/20190414_1333517ff4.jpg]
[i2.wp.com/herbnkathy.com/wp-content/uploads/2019/04/20190414_1334307ff4.jpg]
[i2.wp.com/herbnkathy.com/wp-content/uploads/2019/04/20190414_1334597ff4.jpg]
[i1.wp.com/herbnkathy.com/wp-content/uploads/2019/04/20190414_184638-17ff4.jpg]
[herbnkathy.com/tag/wyoming/index.html]
[herbnkathy.com/tag/horse/index.html]
[herbnkathy.com/tag/bronc/index.html]
[herbnkathy.com/tag/kaycee/index.html]
[herbnkathy.com/wp-json/wp/v2/tags/6117.json]
[herbnkathy.com/tag/laundry/index.html]
[herbnkathy.com/tag/ledoux/index.html]
[i0.wp.com/herbnkathy.com/wp-content/uploads/2020/02/IMG_4029-scaled211e.jpg]
[herbnkathy.com/tag/zoo/feed/index.html]
[i1.wp.com/herbnkathy.com/wp-content/uploads/2020/02/IMG_4039-scaled211e.jpg]
[i1.wp.com/herbnkathy.com/wp-content/uploads/2020/02/IMG_4049-scaled211e.jpg]
[i1.wp.com/herbnkathy.com/wp-content/uploads/2020/02/IMG_4050-scaled211e.jpg]
[i2.wp.com/herbnkathy.com/wp-content/uploads/2020/02/IMG_4059-scaled211e.jpg]
[i0.wp.com/herbnkathy.com/wp-content/uploads/2020/02/IMG_4010-scaled211e.jpg]
[i0.wp.com/herbnkathy.com/wp-content/uploads/2020/02/IMG_4011-scaled211e.jpg]
[i2.wp.com/herbnkathy.com/wp-content/uploads/2020/02/IMG_4019-scaled211e.jpg]
[i0.wp.com/herbnkathy.com/wp-content/uploads/2020/02/IMG_4063-scaled211e.jpg]
[i1.wp.com/herbnkathy.com/wp-content/uploads/2020/02/IMG_4064-scaled211e.jpg]
[i0.wp.com/herbnkathy.com/wp-content/uploads/2020/02/IMG_4072-scaled211e.jpg]
[i1.wp.com/herbnkathy.com/wp-content/uploads/2020/02/IMG_4073-scaled211e.jpg]
[i0.wp.com/herbnkathy.com/wp-content/uploads/2020/02/IMG_4074-scaled211e.jpg]
[i2.wp.com/herbnkathy.com/wp-content/uploads/2020/02/IMG_4082-scaled211e.jpg]
[i1.wp.com/herbnkathy.com/wp-content/uploads/2020/02/IMG_3992-scaled211e.jpg]
[i2.wp.com/herbnkathy.com/wp-content/uploads/2020/02/IMG_4144-scaled211e.jpg]
[i2.wp.com/herbnkathy.com/wp-content/uploads/2020/02/IMG_4168-scaled211e.jpg]
[i1.wp.com/herbnkathy.com/wp-content/uploads/2020/02/IMG_4169-scaled211e.jpg]
[i1.wp.com/herbnkathy.com/wp-content/uploads/2020/02/IMG_4172-scaled211e.jpg]
[i2.wp.com/herbnkathy.com/wp-content/uploads/2020/02/IMG_4173-scaled211e.jpg]
[i2.wp.com/herbnkathy.com/wp-content/uploads/2020/02/IMG_4176-scaled211e.jpg]
[i1.wp.com/herbnkathy.com/wp-content/uploads/2020/02/IMG_4181-scaled211e.jpg]
[i1.wp.com/herbnkathy.com/wp-content/uploads/2020/02/IMG_4188-scaled211e.jpg]
[i1.wp.com/herbnkathy.com/wp-content/uploads/2020/02/IMG_4192-scaled211e.jpg]
[i1.wp.com/herbnkathy.com/wp-content/uploads/2020/02/IMG_4200-scaled211e.jpg]
[i0.wp.com/herbnkathy.com/wp-content/uploads/2020/02/IMG_4203-scaled211e.jpg]
[i2.wp.com/herbnkathy.com/wp-content/uploads/2020/02/IMG_4205-scaled211e.jpg]
[i1.wp.com/herbnkathy.com/wp-content/uploads/2020/02/IMG_4207-scaled211e.jpg]
[i2.wp.com/herbnkathy.com/wp-content/uploads/2020/02/IMG_4208-scaled211e.jpg]
[i2.wp.com/herbnkathy.com/wp-content/uploads/2020/02/IMG_4213-scaled211e.jpg]
[i0.wp.com/herbnkathy.com/wp-content/uploads/2020/02/IMG_4218-scaled211e.jpg]
[i2.wp.com/herbnkathy.com/wp-content/uploads/2020/02/IMG_4219-scaled211e.jpg]
[i2.wp.com/herbnkathy.com/wp-content/uploads/2020/02/IMG_4223-scaled211e.jpg]
[i2.wp.com/herbnkathy.com/wp-content/uploads/2020/02/IMG_4224-scaled211e.jpg]
[i1.wp.com/herbnkathy.com/wp-content/uploads/2020/02/IMG_4225-scaled211e.jpg]
[i0.wp.com/herbnkathy.com/wp-content/uploads/2020/02/IMG_4227-scaled211e.jpg]
[i0.wp.com/herbnkathy.com/wp-content/uploads/2020/02/IMG_4231-scaled211e.jpg]
[i1.wp.com/herbnkathy.com/wp-content/uploads/2020/02/IMG_4235-scaled211e.jpg]
[i1.wp.com/herbnkathy.com/wp-content/uploads/2020/02/IMG_4236-scaled211e.jpg]
[i0.wp.com/herbnkathy.com/wp-content/uploads/2020/02/IMG_4239-scaled211e.jpg]
[i2.wp.com/herbnkathy.com/wp-content/uploads/2020/02/IMG_4247-scaled211e.jpg]
[i0.wp.com/herbnkathy.com/wp-content/uploads/2020/02/IMG_4249-scaled211e.jpg]
[i2.wp.com/herbnkathy.com/wp-content/uploads/2020/02/IMG_4250-scaled211e.jpg]
[i0.wp.com/herbnkathy.com/wp-content/uploads/2020/02/IMG_4251-scaled211e.jpg]
[i1.wp.com/herbnkathy.com/wp-content/uploads/2020/02/IMG_4253-scaled211e.jpg]
[i1.wp.com/herbnkathy.com/wp-content/uploads/2020/02/IMG_4254-scaled211e.jpg]
[i2.wp.com/herbnkathy.com/wp-content/uploads/2020/02/IMG_4257-scaled211e.jpg]
[herbnkathy.com/wp-content/uploads/2017/03/2017-03-21-18.21.20-1.jpg]
[herbnkathy.com/tag/parrot/index.html]
[herbnkathy.com/tag/puma/index.html]
[herbnkathy.com/tag/reptile/index.html]
[herbnkathy.com/tag/wine-country/index.html]
[herbnkathy.com/wp-content/uploads/2017/03/2017-03-21-18.21.20-1-300x169.jpg]
[herbnkathy.com/2017/03/28/familiar-faces-in-new-places/index.html]
[herbnkathy.com/wp-content/uploads/2017/03/2017-03-22-19.09.14.jpg]
[herbnkathy.com/wp-content/uploads/2017/03/2017-03-22-19.09.14-300x225.jpg]
[herbnkathy.com/wp-content/uploads/2017/03/2017-03-23-20.08.03.jpg]
[herbnkathy.com/wp-content/uploads/2017/03/2017-03-23-20.08.03-300x169.jpg]
[herbnkathy.com/wp-content/uploads/2017/03/2017-03-23-18.16.04.jpg]
[herbnkathy.com/wp-content/uploads/2017/03/2017-03-23-18.16.04-300x169.jpg]
[herbnkathy.com/wp-content/uploads/2017/03/2017-03-23-18.26.23.jpg]
[herbnkathy.com/wp-content/uploads/2017/03/2017-03-23-18.26.23-300x169.jpg]
[herbnkathy.com/wp-content/uploads/2017/03/2017-03-23-18.26.34.jpg]
[herbnkathy.com/wp-content/uploads/2017/03/2017-03-23-18.26.34-300x169.jpg]
[herbnkathy.com/wp-content/uploads/2017/03/2017-03-23-23.18.11230a.mp4]
[herbnkathy.com/wp-content/uploads/2017/03/2017-03-23-23.18.11.mp4]
[herbnkathy.com/wp-content/uploads/2017/03/2017-03-25-17.38.52.mp4]
[herbnkathy.com/wp-content/uploads/2017/03/2017-03-25-19.16.29.mp4]
[herbnkathy.com/wp-content/uploads/2017/03/2017-03-25-18.53.57.mp4]
[herbnkathy.com/wp-content/uploads/2017/03/2017-03-25-12.58.46.jpg]
[herbnkathy.com/wp-content/uploads/2017/03/2017-03-25-12.58.46-1024x576.jpg]
[herbnkathy.com/wp-content/uploads/2017/03/2017-03-25-13.00.01.jpg]
[herbnkathy.com/wp-content/uploads/2017/03/2017-03-25-13.00.01-1024x576.jpg]
[herbnkathy.com/wp-content/uploads/2017/03/2017-03-25-13.00.05.jpg]
[herbnkathy.com/wp-content/uploads/2017/03/2017-03-25-13.00.05-1024x576.jpg]
[herbnkathy.com/wp-content/uploads/2017/03/2017-03-25-13.08.00.jpg]
[herbnkathy.com/wp-content/uploads/2017/03/2017-03-25-13.08.00-1024x576.jpg]
[herbnkathy.com/wp-content/uploads/2017/03/2017-03-25-13.08.15.jpg]
[herbnkathy.com/wp-content/uploads/2017/03/2017-03-25-13.08.15-1024x576.jpg]
[herbnkathy.com/wp-content/uploads/2017/03/2017-03-25-13.20.47.jpg]
[herbnkathy.com/wp-content/uploads/2017/03/2017-03-25-13.20.47-1024x576.jpg]
[herbnkathy.com/wp-content/uploads/2017/03/2017-03-25-13.23.41.jpg]
[herbnkathy.com/wp-content/uploads/2017/03/2017-03-25-13.23.41-1024x576.jpg]
[herbnkathy.com/wp-content/uploads/2017/03/2017-03-25-13.26.55.jpg]
[herbnkathy.com/wp-content/uploads/2017/03/2017-03-25-13.26.55-1024x576.jpg]
[herbnkathy.com/wp-content/uploads/2017/03/2017-03-25-14.29.24.jpg]
[herbnkathy.com/wp-content/uploads/2017/03/2017-03-25-14.29.24-1024x576.jpg]
[herbnkathy.com/wp-content/uploads/2017/03/2017-03-25-14.29.54.jpg]
[herbnkathy.com/wp-content/uploads/2017/03/2017-03-25-14.29.54-1024x576.jpg]
[herbnkathy.com/wp-content/uploads/2017/03/2017-03-25-14.30.00.jpg]
[herbnkathy.com/wp-content/uploads/2017/03/2017-03-25-14.30.00-1024x576.jpg]
[herbnkathy.com/wp-content/uploads/2017/03/2017-03-25-14.48.41.jpg]
[herbnkathy.com/wp-content/uploads/2017/03/2017-03-25-14.48.41-1024x576.jpg]
[herbnkathy.com/wp-content/uploads/2017/03/2017-03-25-14.48.44.jpg]
[herbnkathy.com/wp-content/uploads/2017/03/2017-03-25-14.48.44-1024x576.jpg]
[herbnkathy.com/wp-content/uploads/2017/03/2017-03-25-14.58.30.jpg]
[herbnkathy.com/wp-content/uploads/2017/03/2017-03-25-14.58.30-1024x768.jpg]
[herbnkathy.com/wp-content/uploads/2017/03/2017-03-25-15.15.43.jpg]
[herbnkathy.com/wp-content/uploads/2017/03/2017-03-25-15.15.43-1024x576.jpg]
[herbnkathy.com/wp-content/uploads/2017/03/2017-03-25-15.15.44.jpg]
[herbnkathy.com/wp-content/uploads/2017/03/2017-03-25-15.15.44-1024x576.jpg]
[herbnkathy.com/wp-content/uploads/2017/03/2017-03-25-15.55.07.jpg]
[herbnkathy.com/wp-content/uploads/2017/03/2017-03-25-15.55.07-1024x576.jpg]
[herbnkathy.com/wp-content/uploads/2017/03/2017-03-25-15.55.12.jpg]
[herbnkathy.com/wp-content/uploads/2017/03/2017-03-25-15.55.12-1024x576.jpg]
[herbnkathy.com/wp-content/uploads/2017/03/2017-03-25-15.55.51.jpg]
[herbnkathy.com/wp-content/uploads/2017/03/2017-03-25-15.55.51-1024x576.jpg]
[herbnkathy.com/wp-content/uploads/2017/03/2017-03-25-15.56.27.jpg]
[herbnkathy.com/wp-content/uploads/2017/03/2017-03-25-15.56.27-1024x576.jpg]
[herbnkathy.com/wp-content/uploads/2016/04/2016-04-07-13-41-33.jpg]
[herbnkathy.com/wp-content/uploads/2016/04/2016-04-07-13-41-33-150x150.jpg]
[herbnkathy.com/wp-content/uploads/2016/04/2016-04-07-13-52-14.jpg]
[herbnkathy.com/tag/destin/index.html]
[herbnkathy.com/wp-content/uploads/2016/04/2016-04-07-13-52-14-150x150.jpg]
[herbnkathy.com/wp-content/uploads/2016/04/2016-04-07-13-59-14.jpg]
[herbnkathy.com/wp-content/uploads/2016/04/2016-04-07-13-59-14-150x150.jpg]
[herbnkathy.com/wp-content/uploads/2016/04/2016-04-07-14-35-33.jpg]
[herbnkathy.com/tag/dolphins/index.html]
[herbnkathy.com/wp-content/uploads/2016/04/2016-04-07-14-35-33-150x150.jpg]
[herbnkathy.com/wp-includes/js/underscore.min3ab8.js]
[herbnkathy.com/tag/gulf-shores/index.html]
[herbnkathy.com/wp-includes/js/wp-util.min4d80.js]
[herbnkathy.com/tag/jacksonville/index.html]
[herbnkathy.com/tag/summerdale/index.html]
[herbnkathy.com/wp-includes/js/backbone.minaff7.js]
[herbnkathy.com/2016/04/08/the-oklahoma-city-zoo/index.html]
[herbnkathy.com/tag/zoo/index.html]
[gmpg.org/xfn/default.css]
[gmpg.org/xfn/.html]
[gmpg.org/xfn/intro.html]
[gmpg.org/xfn/faq.html]
[herbnkathy.com/wp-includes/js/mediaelement/wp-playlist.min4d80.js]
[herbnkathy.com/tag/lemonade/index.html]
[herbnkathy.com/wp-content/themes/karuna-wpcom/assets/fonts/genericons/genericons/Genericons.eot]
[herbnkathy.com/wp-content/themes/karuna-wpcom/assets/fonts/genericons/genericons/Genericonsd41d.eot]
[herbnkathy.com/wp-content/themes/karuna-wpcom/assets/fonts/genericons/genericons/Genericons.ttf]
[herbnkathy.com/wp-content/themes/karuna-wpcom/assets/fonts/genericons/genericons/genericons.css]
[herbnkathy.com/index73f4.html]
[herbnkathy.com/wp-content/themes/karuna-wpcom/assets/fonts/genericons/genericons/Genericons.svg]
[herbnkathy.com/wp-json/oembed/1.0/embedfbb9.json]
[herbnkathy.com/2016/03/16/our-home-on-the-road/feed/index.html]
[herbnkathy.com/wp-json/oembed/1.0/embed41d1]
[herbnkathy.com/wp-json/wp/v2/posts/270.json]
[secure.gravatar.com/avatar/ece3be6a08792102a07017aa1d6d9d70e7c73093d3607ef40032df1a9e6b4054a8ba.jpeg]
[secure.gravatar.com/avatar/9748896c31fd2571bfd36d67bc1bdaa14d4793d69c726d15a4a4642c9949b6d8a8ba.png]
[herbnkathy.com/2016/03/16/our-home-on-the-road/index.html]
[herbnkathy.com/index3d61.html]
[herbnkathy.com/index0a90.html]
[herbnkathy.com/index8d5f.html]
[herbnkathy.com/author/herbbaldwin/page/2/index.html]
[herbnkathy.com/author/herbbaldwin/page/3/index.html]
[herbnkathy.com/2016/03/19/generator-clunk/index.html]
[herbnkathy.com/2016/03/16/our-home-on-the-road/index189f.html]
[herbnkathy.com/2016/03/16/our-home-on-the-road/index6b62.html]
[herbnkathy.com/2016/03/16/our-home-on-the-road/indexf73b.html]
[herbnkathy.com/wp-includes/js/mediaelement/mediaelementplayer-legacy.min1f61.css]
[herbnkathy.com/wp-includes/js/mediaelement/wp-mediaelement.min4d80.css]
[herbnkathy.com/wp-includes/js/mediaelement/mejs-controls.svg]
[herbnkathy.com/wp-json/oembed/1.0/embed9863.json]
[herbnkathy.com/wp-json/oembed/1.0/embed1d7f]
[herbnkathy.com/2019/06/24/glacier-national-park/feed/index.html]
[herbnkathy.com/wp-json/wp/v2/posts/5896.json]
[herbnkathy.com/wp-content/uploads/2019/06/IMG_2037-2000x1500.jpg]
[secure.gravatar.com/avatar/04491e5f225ffed919b53ce9e8aa715dda39a8b58ff93a5a46daccbbc3287b04a8ba.png]
[herbnkathy.com/2019/06/24/glacier-national-park/index.html]
[herbnkathy.com/2019/06/24/glacier-national-park/indexbfe1.html]
[herbnkathy.com/tag/downstream-campground/index.html]
[herbnkathy.com/wp-json/wp/v2/tags/554707753.json]
[herbnkathy.com/2019/06/24/glacier-national-park/indexdaed.html]
[herbnkathy.com/tag/downstream-campground/feed/index.html]
[herbnkathy.com/tag/east-glacier/index.html]
[herbnkathy.com/wp-json/wp/v2/tags/554707749.json]
[herbnkathy.com/tag/east-glacier/feed/index.html]
[herbnkathy.com/tag/flathead-lake/feed/index.html]
[herbnkathy.com/tag/flathead-lake/index.html]
[herbnkathy.com/wp-json/wp/v2/tags/554707759.json]
[herbnkathy.com/tag/glacier/index.html]
[herbnkathy.com/wp-json/wp/v2/tags/554707746.json]
[herbnkathy.com/tag/glacier/feed/index.html]
[herbnkathy.com/tag/glasgow/index.html]
[herbnkathy.com/tag/glasgow/feed/index.html]
[herbnkathy.com/wp-json/wp/v2/tags/554707741.json]
[herbnkathy.com/tag/lake-mcdonald/index.html]
[herbnkathy.com/wp-json/wp/v2/tags/554707752.json]
[herbnkathy.com/tag/national-park/feed/index.html]
[herbnkathy.com/wp-json/wp/v2/tags/554707747.json]
[herbnkathy.com/tag/lake-mcdonald/feed/index.html]
[herbnkathy.com/2019/12/10/bodie-california-ghost-town/index.html]
[i0.wp.com/herbnkathy.com/wp-content/uploads/2019/12/image7a7b.png]
[i0.wp.com/herbnkathy.com/wp-content/uploads/2019/12/IMG_3574-scaled211e.jpg]
[i0.wp.com/herbnkathy.com/wp-content/uploads/2019/12/IMG_3488-scaled211e.jpg]
[i0.wp.com/herbnkathy.com/wp-content/uploads/2019/12/IMG_3490-scaled211e.jpg]
[i0.wp.com/herbnkathy.com/wp-content/uploads/2019/12/IMG_3491-scaled211e.jpg]
[i0.wp.com/herbnkathy.com/wp-content/uploads/2019/12/IMG_3492-scaled211e.jpg]
[i1.wp.com/herbnkathy.com/wp-content/uploads/2019/12/IMG_3493-scaled211e.jpg]
[i0.wp.com/herbnkathy.com/wp-content/uploads/2019/12/IMG_3494-scaled211e.jpg]
[i0.wp.com/herbnkathy.com/wp-content/uploads/2019/12/IMG_3495-scaled211e.jpg]
[i1.wp.com/herbnkathy.com/wp-content/uploads/2019/12/IMG_3496-scaled211e.jpg]
[i1.wp.com/herbnkathy.com/wp-content/uploads/2019/12/IMG_3497-scaled211e.jpg]
[i2.wp.com/herbnkathy.com/wp-content/uploads/2019/12/IMG_3498-scaled211e.jpg]
[i1.wp.com/herbnkathy.com/wp-content/uploads/2019/12/IMG_3499-scaled211e.jpg]
[i1.wp.com/herbnkathy.com/wp-content/uploads/2019/12/IMG_3500-scaled211e.jpg]
[i2.wp.com/herbnkathy.com/wp-content/uploads/2019/12/IMG_3507-scaled211e.jpg]
[i1.wp.com/herbnkathy.com/wp-content/uploads/2019/12/IMG_3508-scaled211e.jpg]
[i1.wp.com/herbnkathy.com/wp-content/uploads/2019/12/IMG_3509-scaled211e.jpg]
[i1.wp.com/herbnkathy.com/wp-content/uploads/2019/12/IMG_3510-scaled211e.jpg]
[i1.wp.com/herbnkathy.com/wp-content/uploads/2019/12/IMG_3514-scaled211e.jpg]
[i0.wp.com/herbnkathy.com/wp-content/uploads/2019/12/IMG_3515-scaled211e.jpg]
[i0.wp.com/herbnkathy.com/wp-content/uploads/2019/12/IMG_3518-scaled211e.jpg]
[i0.wp.com/herbnkathy.com/wp-content/uploads/2019/12/IMG_3519-scaled211e.jpg]
[i1.wp.com/herbnkathy.com/wp-content/uploads/2019/12/IMG_3520-scaled211e.jpg]
[i0.wp.com/herbnkathy.com/wp-content/uploads/2019/12/IMG_3522-scaled211e.jpg]
[i1.wp.com/herbnkathy.com/wp-content/uploads/2019/12/IMG_3528-scaled211e.jpg]
[i0.wp.com/herbnkathy.com/wp-content/uploads/2019/12/IMG_3545-scaled211e.jpg]
[i2.wp.com/herbnkathy.com/wp-content/uploads/2019/12/IMG_3547-scaled211e.jpg]
[i0.wp.com/herbnkathy.com/wp-content/uploads/2019/12/IMG_3548-scaled211e.jpg]
[i1.wp.com/herbnkathy.com/wp-content/uploads/2019/12/IMG_3550-scaled211e.jpg]
[i0.wp.com/herbnkathy.com/wp-content/uploads/2019/12/IMG_3551-scaled211e.jpg]
[i0.wp.com/herbnkathy.com/wp-content/uploads/2019/12/IMG_3552-scaled211e.jpg]
[i1.wp.com/herbnkathy.com/wp-content/uploads/2019/12/IMG_3570-scaled211e.jpg]
[i1.wp.com/herbnkathy.com/wp-content/uploads/2019/12/IMG_3573-scaled211e.jpg]
[i2.wp.com/herbnkathy.com/wp-content/uploads/2019/12/IMG_3575-scaled211e.jpg]
[i2.wp.com/herbnkathy.com/wp-content/uploads/2019/12/IMG_3577-scaled211e.jpg]
[i0.wp.com/herbnkathy.com/wp-content/uploads/2019/12/IMG_3580-scaled211e.jpg]
[i0.wp.com/herbnkathy.com/wp-content/uploads/2019/12/IMG_3582-scaled211e.jpg]
[herbnkathy.com/tag/national-park/index.html]
[herbnkathy.com/tag/bodie/index.html]
[herbnkathy.com/wp-json/wp/v2/tags/297133.json]
[herbnkathy.com/tag/boom-town/index.html]
[herbnkathy.com/tag/gold-mine/index.html]
[herbnkathy.com/tag/gold-mining/index.html]
[herbnkathy.com/wp-content/uploads/2017/11/Places.c9a.delayed]
[herbnkathy.com/tag/boomtown/index.html]
[herbnkathy.com/wp-content/uploads/2017/11/2017-11-23-14.14.39.jpg]
[herbnkathy.com/tag/rv-camping/index.html]
[herbnkathy.com/tag/lee-vining/index.html]
[herbnkathy.com/tag/mono-lake/index.html]
[herbnkathy.com/tag/rv-camping/feed/index.html]
[herbnkathy.com/tag/yosemite/index.html]
[herbnkathy.com/tag/bagpipe/index.html]
[herbnkathy.com/2017/11/25/where-weve-been/index.html]
[herbnkathy.com/tag/rv-lifestyle/index.html]
[herbnkathy.com/2016/11/22/amphibious-motor-home/index.html]
[herbnkathy.com/wp-json/wp/v2/tags/1062728.json]
[herbnkathy.com/tag/amphibious/index.html]
[herbnkathy.com/tag/water-coach/index.html]
[herbnkathy.com/tag/rv-lifestyle/feed/index.html]
[herbnkathy.com/wp-content/uploads/2016/04/minnie-winnie.jpg]
[herbnkathy.com/tag/rvillage/index.html]
[herbnkathy.com/wp-json/wp/v2/tags/218575385.json]
[herbnkathy.com/tag/rvillage/feed/index.html]
[herbnkathy.com/2016/04/15/facebook-and-rvillage/index.html]
[herbnkathy.com/tag/facebook/index.html]
[herbnkathy.com/tag/west-glacier/index.html]
[herbnkathy.com/wp-json/wp/v2/tags/554707750.json]
[herbnkathy.com/tag/west-glacier/feed/index.html]
[herbnkathy.com/tag/whitefish/index.html]
[herbnkathy.com/wp-json/wp/v2/tags/554707748.json]
[herbnkathy.com/tag/whitefish/feed/index.html]
[herbnkathy.com/wp-json/oembed/1.0/embed5eaf.json]
[herbnkathy.com/2017/11/03/what-happens-when-we-cant-travel-anymore/feed/index.html]
[herbnkathy.com/wp-json/oembed/1.0/embedcbdc]
[herbnkathy.com/wp-json/wp/v2/posts/4325.json]
[secure.gravatar.com/avatar/4c6fa5817c655b1060683621368ced030f15cfc9ea69916227b9dd21716038e4a8ba.png]
[herbnkathy.com/2017/11/03/what-happens-when-we-cant-travel-anymore/indexe972.html]
[secure.gravatar.com/avatar/dfa1ac3a52f9b12281bb652e494b12974eb1eee1aea1d56f25682800e21d35c3a8ba.png]
[herbnkathy.com/2017/11/03/what-happens-when-we-cant-travel-anymore/index.html]
[herbnkathy.com/2017/11/03/what-happens-when-we-cant-travel-anymore/index10ce.html]
[herbnkathy.com/tag/care/index.html]
[herbnkathy.com/wp-json/wp/v2/tags/554707484.json]
[herbnkathy.com/2017/11/03/what-happens-when-we-cant-travel-anymore/index446c.html]
[herbnkathy.com/tag/full-time/feed/index.html]
[herbnkathy.com/tag/care/feed/index.html]
[herbnkathy.com/2017/11/03/what-happens-when-we-cant-travel-anymore/indexfa02.html]
[herbnkathy.com/wp-content/uploads/2016/12/morrowhometeamlogosmaller.jpg]
[herbnkathy.com/wp-json/wp/v2/tags/161977.json]
[herbnkathy.com/wp-content/uploads/2017/01/dsc_0037.jpg]
[herbnkathy.com/tag/full-time/index.html]
[herbnkathy.com/2017/01/01/youre-going-to-do-what/index.html]
[herbnkathy.com/tag/kay-peterson/index.html]
[herbnkathy.com/wp-json/wp/v2/tags/554707488.json]
[herbnkathy.com/2016/04/18/super-windy-at-judy-bobs/index.html]
[herbnkathy.com/tag/kay-peterson/feed/index.html]
[herbnkathy.com/tag/update/index.html]
[herbnkathy.com/tag/livingston/feed/index.html]
[herbnkathy.com/tag/livingston/index.html]
[herbnkathy.com/wp-json/wp/v2/tags/554707485.json]
[herbnkathy.com/tag/rver/feed/index.html]
[herbnkathy.com/tag/rver/index.html]
[herbnkathy.com/wp-json/wp/v2/tags/554707486.json]
[herbnkathy.com/tag/rving/index.html]
[herbnkathy.com/wp-json/wp/v2/tags/554707487.json]
[herbnkathy.com/tag/rving/feed/index.html]
[herbnkathy.com/wp-json/oembed/1.0/embed6abd.json]
[herbnkathy.com/2017/10/07/care-feeding-deep-cycle-lead-acid-batteries/feed/index.html]
[herbnkathy.com/wp-json/oembed/1.0/embed6a03]
[herbnkathy.com/wp-json/wp/v2/posts/4267.json]
[secure.gravatar.com/avatar/22024c3ba61f1e7e3a059872bcd9b928a8149934f7933010f57946df69e11b95a8ba.png]
[herbnkathy.com/2017/10/07/care-feeding-deep-cycle-lead-acid-batteries/index.html]
[herbnkathy.com/tag/deep-cycle/index.html]
[herbnkathy.com/wp-json/wp/v2/tags/554707478.json]
[herbnkathy.com/2017/10/07/care-feeding-deep-cycle-lead-acid-batteries/index7a35.html]
[herbnkathy.com/2017/10/07/care-feeding-deep-cycle-lead-acid-batteries/indexaef1.html]
[herbnkathy.com/tag/deep-cycle/feed/index.html]
[herbnkathy.com/tag/lead-acid/feed/index.html]
[herbnkathy.com/tag/lead-acid/index.html]
[herbnkathy.com/wp-json/wp/v2/tags/554707476.json]
[herbnkathy.com/tag/watering/index.html]
[herbnkathy.com/wp-json/wp/v2/tags/554707477.json]
[herbnkathy.com/tag/watering/feed/index.html]
[herbnkathy.com/wp-json/oembed/1.0/embed9e67.json]
[herbnkathy.com/2017/08/09/part-2-nwest-michigan-road-trip-mushrooms-tunnels-bears-and-indians-oh-my/feed/index.html]
[herbnkathy.com/wp-json/oembed/1.0/embedaf19]
[herbnkathy.com/2017/08/09/part-2-nwest-michigan-road-trip-mushrooms-tunnels-bears-and-indians-oh-my/index.html]
[herbnkathy.com/wp-json/wp/v2/posts/3946.json]
[herbnkathy.com/tag/charlevoix/index.html]
[herbnkathy.com/tag/charlevoix/feed/index.html]
[herbnkathy.com/wp-json/wp/v2/tags/554707411.json]
[herbnkathy.com/tag/cross-village/index.html]
[herbnkathy.com/tag/cross-village/feed/index.html]
[herbnkathy.com/wp-json/wp/v2/tags/554707423.json]
[herbnkathy.com/tag/kalkaska/index.html]
[herbnkathy.com/tag/kalkaska/feed/index.html]
[herbnkathy.com/wp-json/wp/v2/tags/554707430.json]
[herbnkathy.com/tag/legs-inn/index.html]
[herbnkathy.com/wp-json/wp/v2/tags/554707428.json]
[herbnkathy.com/tag/legs-inn/feed/index.html]
[herbnkathy.com/tag/m-22/index.html]
[herbnkathy.com/tag/m-22/feed/index.html]
[herbnkathy.com/wp-json/wp/v2/tags/554707424.json]
[herbnkathy.com/tag/m-31/index.html]
[herbnkathy.com/wp-json/wp/v2/tags/554707425.json]
[herbnkathy.com/tag/m-31/feed/index.html]
[herbnkathy.com/tag/petoskey/index.html]
[herbnkathy.com/wp-json/wp/v2/tags/554707422.json]
[herbnkathy.com/tag/petoskey/feed/index.html]
[herbnkathy.com/tag/sand-dunes/index.html]
[herbnkathy.com/wp-json/wp/v2/tags/554707426.json]
[herbnkathy.com/tag/village-bear/index.html]
[herbnkathy.com/tag/sand-dunes/feed/index.html]
[herbnkathy.com/tag/village-bear/feed/index.html]
[herbnkathy.com/wp-json/wp/v2/tags/554707429.json]
[herbnkathy.com/wp-json/oembed/1.0/embed6060.json]
[herbnkathy.com/2017/07/24/workampers-northwest-michigan-road-trip/feed/index.html]
[herbnkathy.com/wp-json/oembed/1.0/embedc04f]
[herbnkathy.com/2017/07/24/workampers-northwest-michigan-road-trip/index.html]
[herbnkathy.com/wp-json/wp/v2/posts/3852.json]
[herbnkathy.com/wp-json/oembed/1.0/embed985d.json]
[herbnkathy.com/wp-json/oembed/1.0/embedc0e0]
[herbnkathy.com/2017/07/24/workampers-northwest-michigan-road-trip/index9ac6.html]
[herbnkathy.com/2017/05/13/our-day-trip-to-ludington-state-park/feed/index.html]
[herbnkathy.com/2017/05/13/our-day-trip-to-ludington-state-park/index.html]
[herbnkathy.com/wp-json/wp/v2/posts/3712.json]
[herbnkathy.com/2017/05/13/our-day-trip-to-ludington-state-park/index013a.html]
[herbnkathy.com/wp-json/oembed/1.0/embed5287.json]
[herbnkathy.com/2017/05/13/our-day-trip-to-ludington-state-park/index9191.html]
[herbnkathy.com/wp-json/oembed/1.0/embede74e]
[herbnkathy.com/2017/05/12/fishermans-paradise/feed/index.html]
[herbnkathy.com/2017/05/12/fishermans-paradise/index.html]
[herbnkathy.com/wp-json/wp/v2/posts/3689.json]
[herbnkathy.com/wp-json/oembed/1.0/embed17f3.json]
[herbnkathy.com/2017/05/31/idlewild-the-end-of-segregation/feed/index.html]
[herbnkathy.com/wp-json/oembed/1.0/embedcc83]
[herbnkathy.com/wp-json/wp/v2/posts/3759.json]
[herbnkathy.com/wp-content/uploads/2017/05/Idlewild-Lake-Panoramic.jpg]
[herbnkathy.com/wp-content/uploads/2017/05/Idlewild-Map.jpg]
[herbnkathy.com/wp-content/uploads/2017/05/Idlewild-Map-300x179.jpg]
[herbnkathy.com/wp-content/uploads/2017/05/2017-05-30-14.39.35.jpg]
[herbnkathy.com/wp-content/uploads/2017/05/2017-05-30-14.39.35-1024x576.jpg]
[herbnkathy.com/wp-content/uploads/2017/05/2017-05-30-14.36.53.jpg]
[herbnkathy.com/wp-content/uploads/2017/05/2017-05-30-14.36.53-1024x576.jpg]
[herbnkathy.com/wp-content/uploads/2017/05/2017-05-30-14.34.28.jpg]
[herbnkathy.com/wp-content/uploads/2017/05/2017-05-30-14.34.28-1024x576.jpg]
[herbnkathy.com/wp-content/uploads/2017/05/2017-05-30-14.33.55.jpg]
[herbnkathy.com/wp-content/uploads/2017/05/2017-05-30-14.33.55-1024x576.jpg]
[herbnkathy.com/wp-content/uploads/2017/05/2017-05-30-14.32.38.jpg]
[herbnkathy.com/wp-content/uploads/2017/05/2017-05-30-14.32.38-1024x576.jpg]
[herbnkathy.com/wp-content/uploads/2017/05/2017-05-25-15.26.53.jpg]
[herbnkathy.com/wp-content/uploads/2017/05/2017-05-25-15.26.53-1024x576.jpg]
[herbnkathy.com/wp-content/uploads/2017/05/2017-05-25-15.23.58.jpg]
[herbnkathy.com/wp-content/uploads/2017/05/2017-05-25-15.23.58-1024x576.jpg]
[herbnkathy.com/2017/05/31/idlewild-the-end-of-segregation/index.html]
[herbnkathy.com/wp-json/oembed/1.0/embedd9c2.json]
[herbnkathy.com/tag/african-american/index.html]
[herbnkathy.com/tag/bar/index.html]
[herbnkathy.com/tag/black/index.html]
[herbnkathy.com/tag/civil-rights/index.html]
[herbnkathy.com/tag/dancing/index.html]
[herbnkathy.com/wp-json/oembed/1.0/embedae72]
[herbnkathy.com/tag/idlewild/index.html]
[herbnkathy.com/tag/segregation/index.html]
[herbnkathy.com/tag/integration/index.html]
[herbnkathy.com/tag/tavern/index.html]
[herbnkathy.com/wp-json/wp/v2/posts/3745.json]
[herbnkathy.com/2017/05/31/they-certainly-know-how-to-party/index.html]
[herbnkathy.com/wp-content/uploads/2017/05/Bitely-Map.jpg]
[herbnkathy.com/2017/05/27/down-to-the-little-bitely-tavern/feed/index.html]
[herbnkathy.com/wp-content/uploads/2017/05/Bitely-Map-1024x721.jpg]
[herbnkathy.com/wp-content/uploads/2017/05/2017-05-25-22.54.42230a.mp4]
[herbnkathy.com/wp-content/uploads/2017/05/2017-05-25-22.54.42.mp4]
[herbnkathy.com/wp-content/uploads/2017/05/2017-05-25-19.02.37.jpg]
[herbnkathy.com/wp-content/uploads/2017/05/2017-05-25-19.02.37-1024x576.jpg]
[herbnkathy.com/wp-content/uploads/2017/05/2017-05-25-19.02.29.jpg]
[herbnkathy.com/wp-content/uploads/2017/05/2017-05-25-19.02.29-1024x576.jpg]
[herbnkathy.com/wp-content/uploads/2017/05/2017-05-25-19.01.45.jpg]
[herbnkathy.com/wp-content/uploads/2017/05/2017-05-25-19.01.45-1024x576.jpg]
[herbnkathy.com/wp-content/uploads/2017/05/2017-05-25-18.46.14.jpg]
[herbnkathy.com/wp-content/uploads/2017/05/2017-05-25-18.46.14-1024x576.jpg]
[herbnkathy.com/wp-content/uploads/2017/05/2017-05-25-18.18.47.jpg]
[herbnkathy.com/wp-content/uploads/2017/05/2017-05-25-18.18.47-1024x576.jpg]
[herbnkathy.com/wp-content/uploads/2017/05/2017-05-25-18.17.00.jpg]
[herbnkathy.com/wp-content/uploads/2017/05/2017-05-25-18.17.00-1024x576.jpg]
[herbnkathy.com/2017/05/27/down-to-the-little-bitely-tavern/index.html]
[herbnkathy.com/tag/bitely/index.html]
[herbnkathy.com/tag/arcadia/index.html]
[herbnkathy.com/wp-json/wp/v2/tags/554707406.json]
[herbnkathy.com/tag/newaygo/index.html]
[herbnkathy.com/tag/burgers/index.html]
[herbnkathy.com/tag/harley/index.html]
[herbnkathy.com/tag/pizza/index.html]
[herbnkathy.com/tag/beaver-island/index.html]
[herbnkathy.com/tag/arcadia/feed/index.html]
[herbnkathy.com/wp-json/wp/v2/tags/554707412.json]
[herbnkathy.com/tag/burrito/feed/index.html]
[herbnkathy.com/tag/burrito/index.html]
[herbnkathy.com/tag/beaver-island/feed/index.html]
[herbnkathy.com/wp-json/wp/v2/tags/554707416.json]
[herbnkathy.com/tag/dunes/feed/index.html]
[herbnkathy.com/tag/dunes/index.html]
[herbnkathy.com/wp-json/wp/v2/tags/554707408.json]
[herbnkathy.com/tag/empire/index.html]
[herbnkathy.com/tag/empire/feed/index.html]
[herbnkathy.com/wp-json/wp/v2/tags/554707418.json]
[herbnkathy.com/tag/ferris-wheel/index.html]
[herbnkathy.com/wp-json/wp/v2/tags/554707414.json]
[herbnkathy.com/tag/ferry/index.html]
[herbnkathy.com/tag/ferris-wheel/feed/index.html]
[herbnkathy.com/wp-json/wp/v2/tags/554707407.json]
[herbnkathy.com/tag/ferry/feed/index.html]
[herbnkathy.com/tag/frankfort/index.html]
[herbnkathy.com/tag/frankfort/feed/index.html]
[herbnkathy.com/wp-json/wp/v2/tags/554707419.json]
[herbnkathy.com/tag/glen-arbor/index.html]
[herbnkathy.com/tag/glen-arbor/feed/index.html]
[herbnkathy.com/wp-json/wp/v2/tags/554707421.json]
[herbnkathy.com/tag/manistee/index.html]
[herbnkathy.com/wp-json/wp/v2/tags/554707405.json]
[herbnkathy.com/tag/mexican/index.html]
[herbnkathy.com/tag/manistee/feed/index.html]
[herbnkathy.com/tag/mexican/feed/index.html]
[herbnkathy.com/wp-json/wp/v2/tags/554707415.json]
[herbnkathy.com/tag/ramsdell/index.html]
[herbnkathy.com/wp-json/wp/v2/tags/554707409.json]
[herbnkathy.com/tag/ramsdell/feed/index.html]
[herbnkathy.com/tag/sleeping-bear/index.html]
[herbnkathy.com/tag/sleeping-bear/feed/index.html]
[herbnkathy.com/wp-json/wp/v2/tags/554707420.json]
[herbnkathy.com/tag/taco/index.html]
[herbnkathy.com/wp-json/wp/v2/tags/554707417.json]
[herbnkathy.com/tag/taco/feed/index.html]
[herbnkathy.com/tag/theatre/index.html]
[herbnkathy.com/tag/theatre/feed/index.html]
[herbnkathy.com/wp-json/wp/v2/tags/554707410.json]
[herbnkathy.com/tag/venetian/index.html]
[herbnkathy.com/tag/venetian/feed/index.html]
[herbnkathy.com/wp-json/wp/v2/tags/554707413.json]
[herbnkathy.com/wp-json/oembed/1.0/embed90fc.json]
[herbnkathy.com/2017/03/13/goodbye-arizona/feed/index.html]
[herbnkathy.com/wp-json/oembed/1.0/embedf4f9]
[herbnkathy.com/wp-json/wp/v2/posts/3488.json]
[secure.gravatar.com/avatar/c895fef6cbca250f7d55ecba94db7fc544a5a0e9e3a0d08728aafd09a87cd2fea8ba.jpeg]
[secure.gravatar.com/avatar/7b11dc17ef661368a088bb8b22cd673d3600c417b406347af4232eab2e94ac59a8ba.png]
[secure.gravatar.com/avatar/9bac2780571e6e7eb6ecc2d0a4c89a7f0ac88212055dc139ff3c06b4de061039a8ba.jpeg]
[herbnkathy.com/2017/03/13/goodbye-arizona/index.html]
[herbnkathy.com/2017/03/11/things-to-see-and-do-near-rancho-verde-rv-park/index.html]
[herbnkathy.com/2017/03/13/goodbye-arizona/indexd21f.html]
[herbnkathy.com/2017/03/14/roswell-here-we-come/index.html]
[herbnkathy.com/tag/goodbye/index.html]
[herbnkathy.com/wp-json/wp/v2/tags/554707315.json]
[herbnkathy.com/tag/goodbye/feed/index.html]
[herbnkathy.com/2017/03/13/goodbye-arizona/index4bde.html]
[herbnkathy.com/2017/03/13/goodbye-arizona/index8dd1.html]
[herbnkathy.com/2017/03/13/goodbye-arizona/index9095.html]
[herbnkathy.com/2017/03/13/goodbye-arizona/index8074.html]
[herbnkathy.com/tag/grandkids/feed/index.html]
[herbnkathy.com/tag/grandkids/index.html]
[herbnkathy.com/wp-json/wp/v2/tags/554707317.json]
[herbnkathy.com/tag/kids/index.html]
[herbnkathy.com/wp-json/wp/v2/tags/554707316.json]
[herbnkathy.com/tag/kids/feed/index.html]
[herbnkathy.com/tag/rancho-verde/index.html]
[herbnkathy.com/wp-json/wp/v2/tags/47169026.json]
[herbnkathy.com/tag/rancho-verde/feed/index.html]
[herbnkathy.com/wp-json/oembed/1.0/embed1571.json]
[herbnkathy.com/wp-json/oembed/1.0/embed05cb]
[herbnkathy.com/2017/01/16/our-day-trip-to-petrified-forest/feed/index.html]
[herbnkathy.com/2017/01/16/our-day-trip-to-petrified-forest/index.html]
[herbnkathy.com/wp-json/wp/v2/posts/3057.json]
[herbnkathy.com/2017/01/10/and-now-for-the-rest-of-the-story/index.html]
[herbnkathy.com/tag/day-trip/index.html]
[herbnkathy.com/tag/day-trip/feed/index.html]
[herbnkathy.com/wp-json/wp/v2/tags/554707240.json]
[herbnkathy.com/wp-content/uploads/2016/04/2016-04-24-11-25-17.jpg]
[herbnkathy.com/wp-json/wp/v2/tags/120030.json]
[herbnkathy.com/tag/flagstaff/feed/index.html]
[herbnkathy.com/wp-content/uploads/2016/04/2016-04-24-12-21-14.jpg]
[herbnkathy.com/tag/flagstaff/index.html]
[herbnkathy.com/2016/04/24/tragedy-on-the-highway/index.html]
[herbnkathy.com/tag/herbnkathy-com/index.html]
[herbnkathy.com/wp-json/wp/v2/tags/554707241.json]
[herbnkathy.com/tag/fire/index.html]
[herbnkathy.com/tag/herbnkathy-com/feed/index.html]
[herbnkathy.com/tag/traffic-jam/index.html]
[herbnkathy.com/tag/holbrook/feed/index.html]
[herbnkathy.com/tag/holbrook/index.html]
[herbnkathy.com/wp-json/wp/v2/tags/554707238.json]
[herbnkathy.com/tag/meteor-crater/index.html]
[herbnkathy.com/wp-json/wp/v2/tags/554707239.json]
[herbnkathy.com/tag/painted-desert/index.html]
[herbnkathy.com/tag/meteor-crater/feed/index.html]
[herbnkathy.com/wp-json/wp/v2/tags/554707236.json]
[herbnkathy.com/tag/petrified-forest/index.html]
[herbnkathy.com/tag/painted-desert/feed/index.html]
[herbnkathy.com/wp-json/wp/v2/tags/554707235.json]
[herbnkathy.com/tag/petrified-forest/feed/index.html]
[herbnkathy.com/tag/winslow/index.html]
[herbnkathy.com/wp-json/wp/v2/tags/554707237.json]
[herbnkathy.com/tag/winslow/feed/index.html]
[herbnkathy.com/wp-json/oembed/1.0/embedef1a.json]
[herbnkathy.com/2016/09/23/the-north-rim-is-amazing/feed/index.html]
[herbnkathy.com/wp-json/oembed/1.0/embed427b]
[herbnkathy.com/2016/09/23/the-north-rim-is-amazing/index.html]
[herbnkathy.com/wp-json/wp/v2/posts/1764.json]
[herbnkathy.com/tag/grand-canyon/feed/index.html]
[herbnkathy.com/wp-json/wp/v2/tags/179795.json]
[herbnkathy.com/2016/09/23/the-north-rim-is-amazing/indexcb29.html]
[herbnkathy.com/wp-content/uploads/2016/04/2016-04-19-13-49-48.jpg]
[herbnkathy.com/2016/04/23/tuesday-to-the-grand-canyon/index.html]
[herbnkathy.com/wp-content/uploads/2016/04/2016-04-19-13-49-48-150x150.jpg]
[herbnkathy.com/wp-content/uploads/2016/04/2016-04-19-14-13-04.jpg]
[herbnkathy.com/wp-content/uploads/2016/04/2016-04-19-14-13-04-150x150.jpg]
[herbnkathy.com/wp-content/uploads/2016/04/2016-04-19-13-47-56.jpg]
[herbnkathy.com/wp-content/uploads/2016/04/2016-04-19-13-47-56-150x150.jpg]
[herbnkathy.com/wp-content/uploads/2016/04/2016-04-19-13-45-59.jpg]
[herbnkathy.com/wp-content/uploads/2016/04/2016-04-19-13-45-59-150x150.jpg]
[herbnkathy.com/wp-content/uploads/2016/04/2016-04-19-14-36-01.jpg]
[herbnkathy.com/wp-content/uploads/2016/04/2016-04-19-14-36-01-150x150.jpg]
[herbnkathy.com/wp-content/uploads/2016/04/2016-04-19-13-09-14.jpg]
[herbnkathy.com/wp-content/uploads/2016/04/2016-04-19-13-09-14-150x150.jpg]
[herbnkathy.com/wp-content/uploads/2016/04/2016-04-19-14-47-49.jpg]
[herbnkathy.com/wp-content/uploads/2016/04/2016-04-19-14-47-49-150x150.jpg]
[herbnkathy.com/wp-content/uploads/2016/04/2016-04-19-13-48-16.jpg]
[herbnkathy.com/wp-content/uploads/2016/04/2016-04-19-13-48-16-150x150.jpg]
[herbnkathy.com/wp-content/uploads/2016/04/2016-04-19-13-48-13.jpg]
[herbnkathy.com/wp-content/uploads/2016/04/2016-04-19-13-48-13-150x150.jpg]
[herbnkathy.com/wp-content/uploads/2016/04/2016-04-19-13-07-38.jpg]
[herbnkathy.com/wp-content/uploads/2016/04/2016-04-19-13-07-38-150x150.jpg]
[herbnkathy.com/wp-content/uploads/2016/04/2016-04-19-14-36-16.jpg]
[herbnkathy.com/wp-content/uploads/2016/04/2016-04-19-14-36-16-150x150.jpg]
[herbnkathy.com/wp-content/uploads/2016/04/2016-04-19-14-48-44.jpg]
[herbnkathy.com/wp-content/uploads/2016/04/2016-04-19-14-48-44-150x150.jpg]
[herbnkathy.com/wp-content/uploads/2016/04/2016-04-19-14-48-21.jpg]
[herbnkathy.com/wp-content/uploads/2016/04/2016-04-19-14-48-21-150x150.jpg]
[herbnkathy.com/wp-content/uploads/2016/04/2016-04-19-13-52-27.jpg]
[herbnkathy.com/wp-content/uploads/2016/04/2016-04-19-13-52-27-150x150.jpg]
[herbnkathy.com/wp-content/uploads/2016/04/2016-04-19-13-47-47.jpg]
[herbnkathy.com/wp-content/uploads/2016/04/2016-04-19-13-47-47-150x150.jpg]
[herbnkathy.com/wp-content/uploads/2016/04/2016-04-19-15-50-35.jpg]
[herbnkathy.com/wp-content/uploads/2016/04/2016-04-19-15-50-35-150x150.jpg]
[herbnkathy.com/wp-content/uploads/2016/04/2016-04-19-13-45-52-3.jpg]
[herbnkathy.com/wp-content/uploads/2016/04/2016-04-19-13-45-52-3-150x150.jpg]
[herbnkathy.com/wp-content/uploads/2016/04/2016-04-19-13-06-58.jpg]
[herbnkathy.com/wp-content/uploads/2016/04/2016-04-19-13-06-58-150x150.jpg]
[herbnkathy.com/wp-content/uploads/2016/04/2016-04-19-14-36-21.jpg]
[herbnkathy.com/wp-content/uploads/2016/04/2016-04-19-14-36-21-150x150.jpg]
[herbnkathy.com/tag/grand-canyon/index.html]
[herbnkathy.com/tag/lees-ferry/index.html]
[herbnkathy.com/wp-json/wp/v2/tags/2621393.json]
[herbnkathy.com/tag/train/index.html]
[herbnkathy.com/tag/lees-ferry/feed/index.html]
[herbnkathy.com/tag/williams/index.html]
[herbnkathy.com/tag/navajo-bridge/feed/index.html]
[herbnkathy.com/tag/navajo-bridge/index.html]
[herbnkathy.com/wp-json/wp/v2/tags/27031652.json]
[herbnkathy.com/tag/north-rim/index.html]
[herbnkathy.com/tag/north-rim/feed/index.html]
[herbnkathy.com/wp-json/wp/v2/tags/2086653.json]
[herbnkathy.com/wp-json/oembed/1.0/embedd94a.json]
[herbnkathy.com/wp-json/oembed/1.0/embed119f]
[herbnkathy.com/2016/09/17/keeping-busy-learning-the-ropes-video/feed/index.html]
[herbnkathy.com/wp-json/wp/v2/posts/1739.json]
[secure.gravatar.com/avatar/25cf10550cb0047056365391ca27ba80118e5b7d3900ab8694186caae253a560a8ba.png]
[herbnkathy.com/2016/09/17/keeping-busy-learning-the-ropes-video/index.html]
[herbnkathy.com/tag/grass/index.html]
[herbnkathy.com/wp-json/wp/v2/tags/144511.json]
[herbnkathy.com/2016/09/17/keeping-busy-learning-the-ropes-video/indexbde5.html]
[herbnkathy.com/tag/grass/feed/index.html]
[herbnkathy.com/tag/office/index.html]
[herbnkathy.com/wp-content/uploads/2016/03/dsc_0009.jpg]
[herbnkathy.com/wp-json/wp/v2/tags/315.json]
[herbnkathy.com/tag/office/feed/index.html]
[herbnkathy.com/wp-content/uploads/2016/08/2016-08-31-14-23-01.jpg]
[herbnkathy.com/2016/08/31/time-for-new-windshield-more/index.html]
[herbnkathy.com/wp-content/uploads/2016/08/2016-08-31-14-23-01-150x150.jpg]
[herbnkathy.com/wp-content/uploads/2016/08/2016-08-31-14-17-30.jpg]
[herbnkathy.com/wp-content/uploads/2016/08/2016-08-31-14-17-30-150x150.jpg]
[herbnkathy.com/wp-content/uploads/2016/08/2016-08-31-14-17-20.jpg]
[herbnkathy.com/wp-content/uploads/2016/08/2016-08-31-14-17-20-150x150.jpg]
[herbnkathy.com/wp-content/uploads/2016/08/2016-08-31-14-16-38.jpg]
[herbnkathy.com/wp-content/uploads/2016/08/2016-08-31-14-16-38-150x150.jpg]
[herbnkathy.com/wp-content/uploads/2016/08/2016-08-31-14-15-40.jpg]
[herbnkathy.com/wp-content/uploads/2016/08/2016-08-31-14-15-40-150x150.jpg]
[herbnkathy.com/wp-content/uploads/2016/07/2016-07-21-12-44-19.jpg]
[herbnkathy.com/wp-content/uploads/2016/04/2016-04-29-20-14-22.jpg]
[herbnkathy.com/wp-content/uploads/2017/01/cropped-2017-01-23-13.18.19.jpg]
[herbnkathy.com/2016/07/24/sorry-no-photos-yet/index.html]
[herbnkathy.com/tag/seminar/index.html]
[herbnkathy.com/2016/04/29/30-days-7000-miles-who-knows-how-much/index.html]
[herbnkathy.com/tag/sticky/index.html]
[lh5.googleusercontent.com/-jmNkc0OhIlM/TootnW3SJBE/AAAAAAAACDc/6Tr4bomRGjU/s160-c/GymanfuGanu94thAnnual.jpg]
[herbnkathy.com/category/blogging/page/2/index.html]
[herbnkathy.com/tag/gomer/index.html]
[herbnkathy.com/tag/welcome/index.html]
[herbnkathy.com/tag/songfest/index.html]
[herbnkathy.com/2011/10/03/94th-annual-gymanfu-ganu-homer-ohio/index.html]
[herbnkathy.com/category/blogging/page/3/index.html]
[herbnkathy.com/wp-json/oembed/1.0/embedf63c.json]
[herbnkathy.com/2023/07/27/back-to-northern-michigan/feed/index.html]
[herbnkathy.com/wp-json/oembed/1.0/embedbe1d]
[herbnkathy.com/wp-json/wp/v2/posts/8659.json]
[secure.gravatar.com/avatar/024e218f0faec08b8a9d8325e2ceb69a887af9dbe54c5e492ddbbd34838ae56ea8ba.png]
[herbnkathy.com/2023/07/27/back-to-northern-michigan/index.html]
[herbnkathy.com/2023/07/27/back-to-northern-michigan/indexf679.html]
[herbnkathy.com/wp-json/oembed/1.0/embedb018.json]
[herbnkathy.com/2023/07/27/back-to-northern-michigan/index6209.html]
[herbnkathy.com/2023/07/27/back-to-northern-michigan/index3bf4.html]
[herbnkathy.com/2023/07/27/back-to-northern-michigan/index9b43.html]
[herbnkathy.com/wp-json/oembed/1.0/embeddbed]
[herbnkathy.com/2023/03/16/summer-camping-in-michigan-with-friends-and-family/feed/index.html]
[herbnkathy.com/wp-json/wp/v2/posts/8569.json]
[secure.gravatar.com/avatar/ea36ca3fea77bf85bc534ea9e3fe4da768a4d1e3a9ad8472294e5cf9c44a2c5ba8ba.png]
[herbnkathy.com/2023/03/16/summer-camping-in-michigan-with-friends-and-family/index.html]
[herbnkathy.com/tag/fuel-tank/index.html]
[herbnkathy.com/wp-json/wp/v2/tags/554708164.json]
[herbnkathy.com/2023/03/16/summer-camping-in-michigan-with-friends-and-family/index6e5e.html]
[herbnkathy.com/2023/03/16/summer-camping-in-michigan-with-friends-and-family/indexf83e.html]
[herbnkathy.com/2023/03/16/summer-camping-in-michigan-with-friends-and-family/index9698.html]
[herbnkathy.com/2023/03/16/summer-camping-in-michigan-with-friends-and-family/index2955.html]
[herbnkathy.com/2023/03/16/summer-camping-in-michigan-with-friends-and-family/indexc43d.html]
[herbnkathy.com/2023/03/16/summer-camping-in-michigan-with-friends-and-family/indexf60d.html]
[herbnkathy.com/tag/fuel-tank/feed/index.html]
[herbnkathy.com/tag/harrisville/index.html]
[herbnkathy.com/tag/harrisville/feed/index.html]
[herbnkathy.com/wp-json/wp/v2/tags/554708162.json]
[herbnkathy.com/tag/monroeville/index.html]
[herbnkathy.com/tag/monroeville/feed/index.html]
[herbnkathy.com/wp-json/wp/v2/tags/554708165.json]
[herbnkathy.com/tag/repair-shop/index.html]
[herbnkathy.com/tag/repair-shop/feed/index.html]
[herbnkathy.com/wp-json/wp/v2/tags/554708163.json]
[herbnkathy.com/tag/rv-club/index.html]
[herbnkathy.com/wp-json/wp/v2/tags/554707669.json]
[herbnkathy.com/tag/rv-club/feed/index.html]
[herbnkathy.com/wp-json/oembed/1.0/embed879d.json]
[herbnkathy.com/2021/12/28/uh-oh-transmission-slips/feed/index.html]
[herbnkathy.com/wp-json/oembed/1.0/embed42ce]
[herbnkathy.com/wp-json/wp/v2/posts/8260.json]
[secure.gravatar.com/avatar/a5e09e711edf61cb4c9e3f5f3c9526187cf331876947ec51f96f11c27acb0ba3a8ba.png]
[herbnkathy.com/2021/12/28/uh-oh-transmission-slips/index.html]
[herbnkathy.com/tag/art/index.html]
[herbnkathy.com/wp-json/wp/v2/tags/554708127.json]
[herbnkathy.com/tag/art/feed/index.html]
[herbnkathy.com/tag/basha/index.html]
[herbnkathy.com/tag/basha/feed/index.html]
[herbnkathy.com/wp-json/wp/v2/tags/554708128.json]
[herbnkathy.com/2021/12/28/uh-oh-transmission-slips/index5fd6.html]
[herbnkathy.com/2021/12/28/uh-oh-transmission-slips/index45d9.html]
[herbnkathy.com/tag/eddie/feed/index.html]
[herbnkathy.com/tag/eddie/index.html]
[herbnkathy.com/wp-json/wp/v2/tags/554708129.json]
[herbnkathy.com/tag/freightliner/feed/index.html]
[herbnkathy.com/wp-content/uploads/2016/04/2016-04-07-16-38-07.jpg]
[herbnkathy.com/wp-json/wp/v2/tags/629014.json]
[herbnkathy.com/wp-content/uploads/2016/04/2016-04-07-20-52-05.jpg]
[herbnkathy.com/wp-content/uploads/2016/04/2016-04-07-17-16-22.jpg]
[herbnkathy.com/tag/freightliner/index.html]
[herbnkathy.com/2016/04/08/water-pumps-installed/index.html]
[herbnkathy.com/tag/water-pump/index.html]
[herbnkathy.com/tag/gallery/feed/index.html]
[herbnkathy.com/tag/gallery/index.html]
[herbnkathy.com/wp-json/wp/v2/tags/554708126.json]
[herbnkathy.com/tag/slipping/index.html]
[herbnkathy.com/tag/slipping/feed/index.html]
[herbnkathy.com/wp-json/wp/v2/tags/554708125.json]
[herbnkathy.com/tag/transmission/feed/index.html]
[herbnkathy.com/wp-content/uploads/2016/04/dsc_0033.jpg]
[herbnkathy.com/wp-json/wp/v2/tags/91720.json]
[herbnkathy.com/wp-content/uploads/2016/04/2016-04-09-15-15-0273d9.jpg]
[herbnkathy.com/tag/transmission/index.html]
[herbnkathy.com/2016/04/09/fuse-pullings-a-pain/index.html]
[herbnkathy.com/tag/fuse/index.html]
[herbnkathy.com/wp-json/oembed/1.0/embedde8d.json]
[herbnkathy.com/tag/saturn/index.html]
[herbnkathy.com/wp-json/oembed/1.0/embed5527]
[herbnkathy.com/2021/12/14/replacing-our-genset-auto-transfer-switch/feed/index.html]
[herbnkathy.com/2021/12/14/replacing-our-genset-auto-transfer-switch/index.html]
[herbnkathy.com/wp-json/wp/v2/posts/8254.json]
[herbnkathy.com/wp-json/oembed/1.0/embedc3f6.json]
[herbnkathy.com/wp-json/oembed/1.0/embed9239]
[herbnkathy.com/2021/09/27/what-no-power-in-the-rv/feed/index.html]
[herbnkathy.com/2021/09/27/what-no-power-in-the-rv/index.html]
[herbnkathy.com/wp-json/wp/v2/posts/7854.json]
[herbnkathy.com/2021/09/27/what-no-power-in-the-rv/index8683.html]
[herbnkathy.com/tag/110v/index.html]
[herbnkathy.com/wp-json/wp/v2/tags/554708002.json]
[herbnkathy.com/2021/09/27/what-no-power-in-the-rv/index1cf9.html]
[herbnkathy.com/tag/110v/feed/index.html]
[herbnkathy.com/tag/automatic/feed/index.html]
[herbnkathy.com/tag/automatic/index.html]
[herbnkathy.com/wp-json/wp/v2/tags/554708118.json]
[herbnkathy.com/tag/camper/index.html]
[herbnkathy.com/wp-json/wp/v2/tags/554707951.json]
[herbnkathy.com/tag/camper/feed/index.html]
[herbnkathy.com/tag/generator/feed/index.html]
[herbnkathy.com/wp-content/uploads/2016/03/onan-8k.jpg]
[herbnkathy.com/tag/generator/index.html]
[herbnkathy.com/wp-json/wp/v2/tags/160120.json]
[herbnkathy.com/tag/onan/index.html]
[herbnkathy.com/tag/noise/index.html]
[herbnkathy.com/tag/no-power/index.html]
[herbnkathy.com/tag/no-power/feed/index.html]
[herbnkathy.com/wp-json/wp/v2/tags/554708003.json]
[herbnkathy.com/tag/transfer-switch/index.html]
[herbnkathy.com/tag/transfer-switch/feed/index.html]
[herbnkathy.com/wp-json/wp/v2/tags/554708001.json]
[herbnkathy.com/tag/troubleshoot/index.html]
[herbnkathy.com/wp-json/wp/v2/tags/554708119.json]
[herbnkathy.com/tag/troubleshoot/feed/index.html]
[herbnkathy.com/wp-json/oembed/1.0/embed0502.json]
[herbnkathy.com/wp-json/oembed/1.0/embed5b85]
[herbnkathy.com/2021/11/29/replacing-our-motorhome-windshield-again/feed/index.html]
[herbnkathy.com/wp-json/wp/v2/posts/8243.json]
[secure.gravatar.com/avatar/ecec0a9ff4b522419080cb8c8a9c01eb88dcfda4d55eb1b872bca88c3cb431f5a8ba.png]
[herbnkathy.com/2021/11/29/replacing-our-motorhome-windshield-again/index.html]
[herbnkathy.com/2021/11/29/replacing-our-motorhome-windshield-again/index4a9e.html]
[herbnkathy.com/tag/broken/index.html]
[herbnkathy.com/wp-json/wp/v2/tags/554708115.json]
[herbnkathy.com/tag/broken/feed/index.html]
[herbnkathy.com/2021/11/29/replacing-our-motorhome-windshield-again/indexb1be.html]
[herbnkathy.com/2021/11/29/replacing-our-motorhome-windshield-again/index8f20.html]
[herbnkathy.com/tag/cracked/index.html]
[herbnkathy.com/wp-json/wp/v2/tags/554708116.json]
[herbnkathy.com/tag/cracked/feed/index.html]
[herbnkathy.com/tag/installation/index.html]
[herbnkathy.com/wp-json/wp/v2/tags/554708113.json]
[herbnkathy.com/tag/installation/feed/index.html]
[herbnkathy.com/tag/windshield/index.html]
[herbnkathy.com/wp-json/wp/v2/tags/219886.json]
[herbnkathy.com/tag/luxury-coach/index.html]
[herbnkathy.com/tag/windshield/feed/index.html]
[herbnkathy.com/2016/09/05/readying-to-hit-the-road/index.html]
[herbnkathy.com/tag/windshield-replacement/index.html]
[herbnkathy.com/wp-json/wp/v2/tags/554708114.json]
[herbnkathy.com/tag/windshield-replacement/feed/index.html]
[herbnkathy.com/wp-json/oembed/1.0/embed2d8a.json]
[herbnkathy.com/wp-json/oembed/1.0/embed01e8]
[herbnkathy.com/2021/09/28/just-a-little-burp-with-the-car-and-the-computer/feed/index.html]
[herbnkathy.com/wp-json/wp/v2/posts/7894.json]
[secure.gravatar.com/avatar/87dca6beda2d14e1c384d889fc26fd8fabd7b2cf05587441861d3403c132228ea8ba.png]
[secure.gravatar.com/avatar/0c099af14c155e21c028fd1d22a1e52451381bf79ba12b0524b3021817db1493a8ba.png]
[herbnkathy.com/2021/09/28/just-a-little-burp-with-the-car-and-the-computer/index.html]
[herbnkathy.com/2021/09/28/just-a-little-burp-with-the-car-and-the-computer/indexe327.html]
[herbnkathy.com/2021/09/28/just-a-little-burp-with-the-car-and-the-computer/indexd879.html]
[herbnkathy.com/2021/09/28/just-a-little-burp-with-the-car-and-the-computer/index2c9d.html]
[herbnkathy.com/2021/09/28/just-a-little-burp-with-the-car-and-the-computer/indexefb1.html]
[herbnkathy.com/2021/09/28/just-a-little-burp-with-the-car-and-the-computer/indexafdb.html]
[herbnkathy.com/2021/09/28/just-a-little-burp-with-the-car-and-the-computer/index356a.html]
[herbnkathy.com/tag/alignment/feed/index.html]
[herbnkathy.com/tag/alignment/index.html]
[herbnkathy.com/wp-json/wp/v2/tags/554708010.json]
[herbnkathy.com/tag/best-buy/index.html]
[herbnkathy.com/wp-json/wp/v2/tags/554708012.json]
[herbnkathy.com/tag/best-buy/feed/index.html]
[herbnkathy.com/wp-json/wp/v2/tags/307454.json]
[herbnkathy.com/wp-content/uploads/2017/01/2017-01-10-11-07-47.jpg]
[herbnkathy.com/tag/brakes/feed/index.html]
[herbnkathy.com/wp-content/uploads/2017/01/2017-01-10-11-07-47-150x150.jpg]
[herbnkathy.com/wp-content/uploads/2017/01/2017-01-10-11-07-55.jpg]
[herbnkathy.com/2017/01/10/honey-shouldnt-we-get-those-toad-brakes-installed/index.html]
[herbnkathy.com/wp-content/uploads/2017/01/2017-01-10-11-07-55-150x150.jpg]
[herbnkathy.com/wp-content/uploads/2017/01/2017-01-10-14-49-12.jpg]
[herbnkathy.com/wp-content/uploads/2017/01/2017-01-10-14-49-12-150x150.jpg]
[herbnkathy.com/wp-content/uploads/2017/01/2017-01-10-14-49-17.jpg]
[herbnkathy.com/wp-content/uploads/2017/01/2017-01-10-14-49-17-150x150.jpg]
[herbnkathy.com/wp-content/uploads/2017/01/2017-01-10-15-27-47.jpg]
[herbnkathy.com/wp-content/uploads/2017/01/2017-01-10-15-27-47-150x150.jpg]
[herbnkathy.com/wp-content/uploads/2017/01/2017-01-10-15-27-58.jpg]
[herbnkathy.com/wp-content/uploads/2017/01/2017-01-10-15-27-58-150x150.jpg]
[herbnkathy.com/wp-content/uploads/2017/01/2017-01-10-15-28-08.jpg]
[herbnkathy.com/wp-content/uploads/2017/01/2017-01-10-15-28-08-150x150.jpg]
[herbnkathy.com/wp-content/uploads/2017/01/brakemaster.png]
[herbnkathy.com/wp-content/uploads/2017/01/2017-01-10-10-27-47.jpg]
[herbnkathy.com/tag/braking-system/index.html]
[herbnkathy.com/wp-content/uploads/2017/01/2017-01-10-10-27-47-150x150.jpg]
[herbnkathy.com/wp-content/uploads/2017/01/2017-01-10-10-15-52.jpg]
[herbnkathy.com/wp-content/uploads/2017/01/2017-01-10-10-15-52-150x150.jpg]
[herbnkathy.com/wp-content/uploads/2017/01/2017-01-10-09-42-45.jpg]
[herbnkathy.com/wp-content/uploads/2016/03/midway-mansfield.png]
[herbnkathy.com/tag/brakes/index.html]
[herbnkathy.com/tag/little-dealer/index.html]
[herbnkathy.com/tag/prescott-valley/index.html]
[herbnkathy.com/tag/computer/index.html]
[herbnkathy.com/tag/roadmaster/index.html]
[herbnkathy.com/wp-json/wp/v2/tags/554708011.json]
[herbnkathy.com/tag/safety/index.html]
[herbnkathy.com/tag/rv-service/index.html]
[herbnkathy.com/tag/brakemaster/index.html]
[herbnkathy.com/tag/stop/index.html]
[herbnkathy.com/tag/saturn-vue/index.html]
[herbnkathy.com/tag/custer/index.html]
[herbnkathy.com/wp-json/wp/v2/tags/554708007.json]
[herbnkathy.com/tag/stopping-distance/index.html]
[herbnkathy.com/tag/supplemental-braking-system/index.html]
[herbnkathy.com/tag/toad/index.html]
[herbnkathy.com/2016/03/21/now-its-the-brakes/index.html]
[herbnkathy.com/tag/midway/index.html]
[herbnkathy.com/tag/exhaust/index.html]
[herbnkathy.com/tag/custer/feed/index.html]
[herbnkathy.com/wp-json/wp/v2/tags/554708009.json]
[herbnkathy.com/tag/computer/feed/index.html]
[herbnkathy.com/tag/exhaust/feed/index.html]
[herbnkathy.com/tag/muffler/index.html]
[herbnkathy.com/wp-json/wp/v2/tags/554708008.json]
[herbnkathy.com/tag/muffler/feed/index.html]
[herbnkathy.com/tag/rapid-city/index.html]
[herbnkathy.com/wp-json/wp/v2/tags/554708006.json]
[herbnkathy.com/tag/rapid-city/feed/index.html]
[herbnkathy.com/wp-json/oembed/1.0/embedbb68.json]
[herbnkathy.com/2021/09/28/montana-and-south-to-medora-and-beyond/feed/index.html]
[herbnkathy.com/wp-json/oembed/1.0/embed7a69]
[herbnkathy.com/2021/09/28/montana-and-south-to-medora-and-beyond/index.html]
[herbnkathy.com/wp-json/wp/v2/posts/7881.json]
[herbnkathy.com/wp-json/oembed/1.0/embede320.json]
[herbnkathy.com/2020/11/18/really-unlimited-streaming-for-only-25-mo/feed/index.html]
[herbnkathy.com/wp-json/oembed/1.0/embed1d20]
[herbnkathy.com/2020/11/18/really-unlimited-streaming-for-only-25-mo/index.html]
[herbnkathy.com/wp-json/wp/v2/posts/7314.json]
[herbnkathy.com/tag/belle-fourche/index.html]
[herbnkathy.com/wp-json/wp/v2/tags/554708014.json]
[herbnkathy.com/2020/11/25/our-covid-thanksgiving/index.html]
[herbnkathy.com/2020/11/18/really-unlimited-streaming-for-only-25-mo/indexbd75.html]
[herbnkathy.com/tag/belle-fourche/feed/index.html]
[herbnkathy.com/tag/farm/feed/index.html]
[herbnkathy.com/tag/farm/index.html]
[herbnkathy.com/wp-json/wp/v2/tags/554707633.json]
[herbnkathy.com/tag/mcguigan-farm-experience/index.html]
[herbnkathy.com/wp-json/wp/v2/tags/554708017.json]
[herbnkathy.com/tag/mcguigan-farm-experience/feed/index.html]
[herbnkathy.com/tag/medora/feed/index.html]
[herbnkathy.com/wp-json/wp/v2/tags/554707815.json]
[herbnkathy.com/2019/12/11/holiday-greetings-from-herb-kathy-on-the-road/index.html]
[i0.wp.com/herbnkathy.com/wp-content/uploads/2019/12/HK-CoachPix-scaled7ff4.jpg]
[i0.wp.com/herbnkathy.com/wp-content/uploads/2019/12/Clubhouse-Dec-9-scaled7ff4.jpg]
[herbnkathy.com/wp-content/uploads/2019/12/Desk-scaled.jpg]
[i0.wp.com/herbnkathy.com/wp-content/uploads/2019/12/20190117_165915-17ff4.jpg]
[i0.wp.com/herbnkathy.com/wp-content/uploads/2019/12/20190119_1043547ff4.jpg]
[i1.wp.com/herbnkathy.com/wp-content/uploads/2019/12/20190119_1100437ff4.jpg]
[i0.wp.com/herbnkathy.com/wp-content/uploads/2019/12/20190126_1255447ff4.jpg]
[herbnkathy.com/wp-content/uploads/2019/12/Q-in-Jan.jpg]
[i1.wp.com/herbnkathy.com/wp-content/uploads/2019/12/20190119_1904417ff4.jpg]
[i1.wp.com/herbnkathy.com/wp-content/uploads/2019/12/20190123_1719127ff4.jpg]
[i1.wp.com/herbnkathy.com/wp-content/uploads/2019/12/20190123_1720037ff4.jpg]
[herbnkathy.com/wp-content/uploads/2019/12/Q-from-the-air.jpg]
[i1.wp.com/herbnkathy.com/wp-content/uploads/2019/12/20190317_153205-17ff4.jpg]
[i0.wp.com/herbnkathy.com/wp-content/uploads/2019/12/20190317_2012247ff4.jpg]
[i1.wp.com/herbnkathy.com/wp-content/uploads/2019/12/20190318_1201507ff4.jpg]
[i0.wp.com/herbnkathy.com/wp-content/uploads/2019/12/20190318_1521447ff4.jpg]
[i0.wp.com/herbnkathy.com/wp-content/uploads/2019/12/20190318_160442-scaled7ff4.jpg]
[i0.wp.com/herbnkathy.com/wp-content/uploads/2019/12/20190321_1212447ff4.jpg]
[i1.wp.com/herbnkathy.com/wp-content/uploads/2019/12/20190321_1656127ff4.jpg]
[i0.wp.com/herbnkathy.com/wp-content/uploads/2019/12/20190317183355211e.jpg]
[i0.wp.com/herbnkathy.com/wp-content/uploads/2019/12/RVParkAerialView-18ae5.png]
[i1.wp.com/herbnkathy.com/wp-content/uploads/2019/12/20190326_1541327ff4.jpg]
[i0.wp.com/herbnkathy.com/wp-content/uploads/2019/12/20190322130625211e.jpg]
[i2.wp.com/herbnkathy.com/wp-content/uploads/2019/12/20190322130744211e.jpg]
[i2.wp.com/herbnkathy.com/wp-content/uploads/2019/12/20190322130837211e.jpg]
[i2.wp.com/herbnkathy.com/wp-content/uploads/2019/12/20190322133606211e.jpg]
[i0.wp.com/herbnkathy.com/wp-content/uploads/2019/12/20190322151704211e.jpg]
[i1.wp.com/herbnkathy.com/wp-content/uploads/2019/12/20190322161925211e.jpg]
[i1.wp.com/herbnkathy.com/wp-content/uploads/2019/12/20190322162241211e.jpg]
[i1.wp.com/herbnkathy.com/wp-content/uploads/2019/12/20190322164102211e.jpg]
[i2.wp.com/herbnkathy.com/wp-content/uploads/2019/12/20190323085814211e.jpg]
[i1.wp.com/herbnkathy.com/wp-content/uploads/2019/12/20190323100811211e.jpg]
[i0.wp.com/herbnkathy.com/wp-content/uploads/2019/12/20190323101815211e.jpg]
[i1.wp.com/herbnkathy.com/wp-content/uploads/2019/12/20190326063711211e.jpg]
[i1.wp.com/herbnkathy.com/wp-content/uploads/2019/12/20190402141357211e.jpg]
[i2.wp.com/herbnkathy.com/wp-content/uploads/2019/12/20190402154655211e.jpg]
[i0.wp.com/herbnkathy.com/wp-content/uploads/2019/12/20190402160946211e.jpg]
[i1.wp.com/herbnkathy.com/wp-content/uploads/2019/12/20190402161018211e.jpg]
[i1.wp.com/herbnkathy.com/wp-content/uploads/2019/12/20190403094844211e.jpg]
[i0.wp.com/herbnkathy.com/wp-content/uploads/2019/12/20190402154457211e.jpg]
[i2.wp.com/herbnkathy.com/wp-content/uploads/2019/12/20190402155020211e.jpg]
[i0.wp.com/herbnkathy.com/wp-content/uploads/2019/12/20190406_1243167ff4.jpg]
[i1.wp.com/herbnkathy.com/wp-content/uploads/2019/12/20190406_144336-scaled7ff4.jpg]
[i0.wp.com/herbnkathy.com/wp-content/uploads/2019/12/20190405090105211e.jpg]
[i2.wp.com/herbnkathy.com/wp-content/uploads/2019/12/20190405122404211e.jpg]
[i1.wp.com/herbnkathy.com/wp-content/uploads/2019/12/20190407_113847-scaled7ff4.jpg]
[i0.wp.com/herbnkathy.com/wp-content/uploads/2019/12/20190406121542211e.jpg]
[i0.wp.com/herbnkathy.com/wp-content/uploads/2019/12/20190407093142211e.jpg]
[i1.wp.com/herbnkathy.com/wp-content/uploads/2019/12/20190407093650211e.jpg]
[i0.wp.com/herbnkathy.com/wp-content/uploads/2019/12/20190407094424211e.jpg]
[i0.wp.com/herbnkathy.com/wp-content/uploads/2019/12/20190407094819211e.jpg]
[i0.wp.com/herbnkathy.com/wp-content/uploads/2019/12/20190407103109211e.jpg]
[i0.wp.com/herbnkathy.com/wp-content/uploads/2019/12/20190407103733211e.jpg]
[i0.wp.com/herbnkathy.com/wp-content/uploads/2019/12/20190407104147211e.jpg]
[i0.wp.com/herbnkathy.com/wp-content/uploads/2019/12/20190407104355211e.jpg]
[i1.wp.com/herbnkathy.com/wp-content/uploads/2019/12/20190409071418211e.jpg]
[i1.wp.com/herbnkathy.com/wp-content/uploads/2019/12/20190409071449211e.jpg]
[i0.wp.com/herbnkathy.com/wp-content/uploads/2019/12/20190409071506211e.jpg]
[i0.wp.com/herbnkathy.com/wp-content/uploads/2019/12/20190409071527211e.jpg]
[i0.wp.com/herbnkathy.com/wp-content/uploads/2019/12/20190410_0703557ff4.jpg]
[i0.wp.com/herbnkathy.com/wp-content/uploads/2019/12/IMG_1485-scaled211e.jpg]
[i1.wp.com/herbnkathy.com/wp-content/uploads/2019/12/IMG_1506-scaled211e.jpg]
[i1.wp.com/herbnkathy.com/wp-content/uploads/2019/12/IMG_1515-scaled211e.jpg]
[i1.wp.com/herbnkathy.com/wp-content/uploads/2019/12/20190411_113313-scaled7ff4.jpg]
[i0.wp.com/herbnkathy.com/wp-content/uploads/2019/12/20190412_1008257ff4.jpg]
[i0.wp.com/herbnkathy.com/wp-content/uploads/2019/12/IMG_1507-scaled211e.jpg]
[i2.wp.com/herbnkathy.com/wp-content/uploads/2019/12/20190412_1043287ff4.jpg]
[i0.wp.com/herbnkathy.com/wp-content/uploads/2019/12/20190412_1128547ff4.jpg]
[i0.wp.com/herbnkathy.com/wp-content/uploads/2019/12/20190411112956211e.jpg]
[i1.wp.com/herbnkathy.com/wp-content/uploads/2019/12/IMG_1530-scaled211e.jpg]
[i1.wp.com/herbnkathy.com/wp-content/uploads/2019/12/20190414_1333517ff4.jpg]
[i0.wp.com/herbnkathy.com/wp-content/uploads/2019/12/20190414_1334307ff4.jpg]
[i1.wp.com/herbnkathy.com/wp-content/uploads/2019/12/KC-Bronc-Cover-Image7ff4.jpg]
[i0.wp.com/herbnkathy.com/wp-content/uploads/2019/12/20190416_1701047ff4.jpg]
[i0.wp.com/herbnkathy.com/wp-content/uploads/2019/12/20190419_191039-17ff4.jpg]
[i0.wp.com/herbnkathy.com/wp-content/uploads/2019/12/20190419_1928197ff4.jpg]
[i1.wp.com/herbnkathy.com/wp-content/uploads/2019/12/20190426_1302087ff4.jpg]
[i1.wp.com/herbnkathy.com/wp-content/uploads/2019/12/20190426_1328337ff4.jpg]
[i1.wp.com/herbnkathy.com/wp-content/uploads/2019/12/IMG_1561-scaled211e.jpg]
[i0.wp.com/herbnkathy.com/wp-content/uploads/2019/12/IMG_1562-scaled211e.jpg]
[i2.wp.com/herbnkathy.com/wp-content/uploads/2019/12/IMG_1568-1-scaled211e.jpg]
[i1.wp.com/herbnkathy.com/wp-content/uploads/2019/12/IMG_1584-scaled211e.jpg]
[i1.wp.com/herbnkathy.com/wp-content/uploads/2019/12/IMG_1605-scaled211e.jpg]
[i0.wp.com/herbnkathy.com/wp-content/uploads/2019/12/IMG_1642-scaled211e.jpg]
[i0.wp.com/herbnkathy.com/wp-content/uploads/2019/12/IMG_1739-1-scaled211e.jpg]
[i2.wp.com/herbnkathy.com/wp-content/uploads/2019/12/IMG_1740-scaled211e.jpg]
[i1.wp.com/herbnkathy.com/wp-content/uploads/2019/12/LakeMapcb81.jpg]
[i2.wp.com/herbnkathy.com/wp-content/uploads/2019/12/20190527_113620-scaled7ff4.jpg]
[i1.wp.com/herbnkathy.com/wp-content/uploads/2019/12/20190527_1505037ff4.jpg]
[i0.wp.com/herbnkathy.com/wp-content/uploads/2019/12/20190530_0712597ff4.jpg]
[i1.wp.com/herbnkathy.com/wp-content/uploads/2019/12/20190530_084540-scaled7ff4.jpg]
[herbnkathy.com/wp-content/uploads/2019/12/EGlacierToFlatheadMap.jpg]
[i1.wp.com/herbnkathy.com/wp-content/uploads/2019/12/IMG_1928-scaled211e.jpg]
[i0.wp.com/herbnkathy.com/wp-content/uploads/2019/12/IMG_1937-scaled211e.jpg]
[i1.wp.com/herbnkathy.com/wp-content/uploads/2019/12/IMG_1952-scaled211e.jpg]
[i0.wp.com/herbnkathy.com/wp-content/uploads/2019/12/IMG_1965-scaled211e.jpg]
[i0.wp.com/herbnkathy.com/wp-content/uploads/2019/12/IMG_1969-scaled211e.jpg]
[i1.wp.com/herbnkathy.com/wp-content/uploads/2019/12/IMG_1979-scaled211e.jpg]
[i2.wp.com/herbnkathy.com/wp-content/uploads/2019/12/IMG_1992-scaled211e.jpg]
[i0.wp.com/herbnkathy.com/wp-content/uploads/2019/12/IMG_2000-scaled211e.jpg]
[i0.wp.com/herbnkathy.com/wp-content/uploads/2019/12/IMG_2004-scaled211e.jpg]
[i1.wp.com/herbnkathy.com/wp-content/uploads/2019/12/IMG_2013-scaled211e.jpg]
[i0.wp.com/herbnkathy.com/wp-content/uploads/2019/12/IMG_2041small211e.jpg]
[i2.wp.com/herbnkathy.com/wp-content/uploads/2019/12/IMG_2091-scaled211e.jpg]
[i2.wp.com/herbnkathy.com/wp-content/uploads/2019/12/IMG_2113-scaled211e.jpg]
[i0.wp.com/herbnkathy.com/wp-content/uploads/2019/12/IMG_2127-scaled211e.jpg]
[i1.wp.com/herbnkathy.com/wp-content/uploads/2019/12/IMG_2131-scaled211e.jpg]
[i0.wp.com/herbnkathy.com/wp-content/uploads/2019/12/IMG_2135-scaled211e.jpg]
[i0.wp.com/herbnkathy.com/wp-content/uploads/2019/12/IMG_2139-scaled211e.jpg]
[i1.wp.com/herbnkathy.com/wp-content/uploads/2019/12/IMG_2140-scaled211e.jpg]
[i1.wp.com/herbnkathy.com/wp-content/uploads/2019/12/IMG_2147-scaled211e.jpg]
[i0.wp.com/herbnkathy.com/wp-content/uploads/2019/12/IMG_2154-scaled211e.jpg]
[i1.wp.com/herbnkathy.com/wp-content/uploads/2019/12/IMG_2159-scaled211e.jpg]
[i1.wp.com/herbnkathy.com/wp-content/uploads/2019/12/IMG_2160-scaled211e.jpg]
[i1.wp.com/herbnkathy.com/wp-content/uploads/2019/12/IMG_2167-scaled211e.jpg]
[i0.wp.com/herbnkathy.com/wp-content/uploads/2019/12/IMG_2196-scaled211e.jpg]
[i1.wp.com/herbnkathy.com/wp-content/uploads/2019/12/IMG_2210-scaled211e.jpg]
[i2.wp.com/herbnkathy.com/wp-content/uploads/2019/12/20190606_190438-scaled7ff4.jpg]
[i1.wp.com/herbnkathy.com/wp-content/uploads/2019/12/IMG_2245-scaled211e.jpg]
[i1.wp.com/herbnkathy.com/wp-content/uploads/2019/12/IMG_2255-scaled211e.jpg]
[i0.wp.com/herbnkathy.com/wp-content/uploads/2019/12/IMG_2264-scaled211e.jpg]
[i0.wp.com/herbnkathy.com/wp-content/uploads/2019/12/IMG_2263-scaled211e.jpg]
[i1.wp.com/herbnkathy.com/wp-content/uploads/2019/12/20190606_2104587ff4.jpg]
[i1.wp.com/herbnkathy.com/wp-content/uploads/2019/12/20190612_1839127ff4.jpg]
[i0.wp.com/herbnkathy.com/wp-content/uploads/2019/12/20190615_112824-scaled7ff4.jpg]
[i1.wp.com/herbnkathy.com/wp-content/uploads/2019/12/20190615_1310037ff4.jpg]
[i1.wp.com/herbnkathy.com/wp-content/uploads/2019/12/20190621_095928-scaled7ff4.jpg]
[i0.wp.com/herbnkathy.com/wp-content/uploads/2019/12/20190707_1505287ff4.jpg]
[i1.wp.com/herbnkathy.com/wp-content/uploads/2019/12/20190708_1115237ff4.jpg]
[i0.wp.com/herbnkathy.com/wp-content/uploads/2019/12/20190708_1118227ff4.jpg]
[i1.wp.com/herbnkathy.com/wp-content/uploads/2019/12/20190708_1119167ff4.jpg]
[i1.wp.com/herbnkathy.com/wp-content/uploads/2019/12/20190714_110258-scaled7ff4.jpg]
[i1.wp.com/herbnkathy.com/wp-content/uploads/2019/12/20190722_142753-scaled7ff4.jpg]
[i0.wp.com/herbnkathy.com/wp-content/uploads/2019/12/20190807_110931-scaled7ff4.jpg]
[i0.wp.com/herbnkathy.com/wp-content/uploads/2019/12/20190807_115303-scaled7ff4.jpg]
[i1.wp.com/herbnkathy.com/wp-content/uploads/2019/12/IMG_2443-scaled211e.jpg]
[i1.wp.com/herbnkathy.com/wp-content/uploads/2019/12/IMG_2448-scaled211e.jpg]
[i0.wp.com/herbnkathy.com/wp-content/uploads/2019/12/IMG_2558-scaled211e.jpg]
[i0.wp.com/herbnkathy.com/wp-content/uploads/2019/12/IMG_2559-scaled211e.jpg]
[i1.wp.com/herbnkathy.com/wp-content/uploads/2019/12/20190826_133609-scaled7ff4.jpg]
[i0.wp.com/herbnkathy.com/wp-content/uploads/2019/12/20190826_120220-scaled7ff4.jpg]
[i1.wp.com/herbnkathy.com/wp-content/uploads/2019/12/IMG_20190825_173726244-scaled211e.jpg]
[i2.wp.com/herbnkathy.com/wp-content/uploads/2019/12/20190923085901211e.jpg]
[i1.wp.com/herbnkathy.com/wp-content/uploads/2019/12/20190923091433211e.jpg]
[i0.wp.com/herbnkathy.com/wp-content/uploads/2019/12/20190923111055211e.jpg]
[i1.wp.com/herbnkathy.com/wp-content/uploads/2019/12/20190924121500211e.jpg]
[i1.wp.com/herbnkathy.com/wp-content/uploads/2019/12/20190924131850_5211e.jpg]
[i0.wp.com/herbnkathy.com/wp-content/uploads/2019/12/20190927_100224-scaled7ff4.jpg]
[i2.wp.com/herbnkathy.com/wp-content/uploads/2019/12/20190927_100409-scaled7ff4.jpg]
[i0.wp.com/herbnkathy.com/wp-content/uploads/2019/12/20191001_072403-1-scaled7ff4.jpg]
[i0.wp.com/herbnkathy.com/wp-content/uploads/2019/12/20191001_090218-1-scaledef23.jpg]
[i0.wp.com/herbnkathy.com/wp-content/uploads/2019/12/20191001_100607-scaled7ff4.jpg]
[i0.wp.com/herbnkathy.com/wp-content/uploads/2019/12/20191002_194047-scaled7ff4.jpg]
[i1.wp.com/herbnkathy.com/wp-content/uploads/2019/12/20191003_073537-1-scaled7ff4.jpg]
[i1.wp.com/herbnkathy.com/wp-content/uploads/2019/12/JacksonRenoMap6fcc.jpg]
[i0.wp.com/herbnkathy.com/wp-content/uploads/2019/12/20191010_140640-scaledef23.jpg]
[i1.wp.com/herbnkathy.com/wp-content/uploads/2019/12/20191010_140951-scaled7ff4.jpg]
[i0.wp.com/herbnkathy.com/wp-content/uploads/2019/12/20191010_143651-scaled7ff4.jpg]
[i0.wp.com/herbnkathy.com/wp-content/uploads/2019/12/20191010_143656-scaled7ff4.jpg]
[i0.wp.com/herbnkathy.com/wp-content/uploads/2019/12/20191010123651211e.jpg]
[i1.wp.com/herbnkathy.com/wp-content/uploads/2019/12/20191010115458211e.jpg]
[i1.wp.com/herbnkathy.com/wp-content/uploads/2019/12/20191010154217211e.jpg]
[i1.wp.com/herbnkathy.com/wp-content/uploads/2019/12/20191010120242211e.jpg]
[i0.wp.com/herbnkathy.com/wp-content/uploads/2019/12/20191010121439211e.jpg]
[i0.wp.com/herbnkathy.com/wp-content/uploads/2019/12/20191011_180406-scaled7ff4.jpg]
[i2.wp.com/herbnkathy.com/wp-content/uploads/2019/12/20191011150728211e.jpg]
[i0.wp.com/herbnkathy.com/wp-content/uploads/2019/12/20191011151837211e.jpg]
[i1.wp.com/herbnkathy.com/wp-content/uploads/2019/12/20191011151953211e.jpg]
[i2.wp.com/herbnkathy.com/wp-content/uploads/2019/12/20191011152118211e.jpg]
[i2.wp.com/herbnkathy.com/wp-content/uploads/2019/12/20191011152208211e.jpg]
[i0.wp.com/herbnkathy.com/wp-content/uploads/2019/12/20191011162441211e.jpg]
[i0.wp.com/herbnkathy.com/wp-content/uploads/2019/12/20191011181539211e.jpg]
[i1.wp.com/herbnkathy.com/wp-content/uploads/2019/12/20191012170530211e.jpg]
[i0.wp.com/herbnkathy.com/wp-content/uploads/2019/12/20191012173210211e.jpg]
[i0.wp.com/herbnkathy.com/wp-content/uploads/2019/12/20191013_084520-scaled7ff4.jpg]
[i1.wp.com/herbnkathy.com/wp-content/uploads/2019/12/20191013_090611-scaled7ff4.jpg]
[i0.wp.com/herbnkathy.com/wp-content/uploads/2019/12/20191013_091547-scaled7ff4.jpg]
[i0.wp.com/herbnkathy.com/wp-content/uploads/2019/12/20191013_091626-scaled7ff4.jpg]
[i0.wp.com/herbnkathy.com/wp-content/uploads/2019/12/20191013_121843-scaled7ff4.jpg]
[i2.wp.com/herbnkathy.com/wp-content/uploads/2019/12/20191013_122314-scaled7ff4.jpg]
[i2.wp.com/herbnkathy.com/wp-content/uploads/2019/12/BobJudy-scaled7ff4.jpg]
[i0.wp.com/herbnkathy.com/wp-content/uploads/2019/12/20191021_165304-scaled7ff4.jpg]
[i0.wp.com/herbnkathy.com/wp-content/uploads/2019/12/20191021_150156-scaled7ff4.jpg]
[i0.wp.com/herbnkathy.com/wp-content/uploads/2019/12/20191022_142259-scaled7ff4.jpg]
[i1.wp.com/herbnkathy.com/wp-content/uploads/2019/12/20191029_093550-scaled7ff4.jpg]
[i1.wp.com/herbnkathy.com/wp-content/uploads/2019/12/20191028_105912-scaled7ff4.jpg]
[i1.wp.com/herbnkathy.com/wp-content/uploads/2019/12/20191030_094755-scaled7ff4.jpg]
[i1.wp.com/herbnkathy.com/wp-content/uploads/2019/12/20191118_090952-scaled7ff4.jpg]
[i1.wp.com/herbnkathy.com/wp-content/uploads/2019/12/20191119_100959-scaled7ff4.jpg]
[i1.wp.com/herbnkathy.com/wp-content/uploads/2019/12/20191121_142509-scaled7ff4.jpg]
[i1.wp.com/herbnkathy.com/wp-content/uploads/2019/12/20191102_175257-scaled7ff4.jpg]
[i1.wp.com/herbnkathy.com/wp-content/uploads/2019/12/20191127_161807-scaled7ff4.jpg]
[i0.wp.com/herbnkathy.com/wp-content/uploads/2019/12/20190326_132810-scaled7ff4.jpg]
[herbnkathy.com/tag/medora/index.html]
[herbnkathy.com/wp-json/wp/v2/tags/554708016.json]
[herbnkathy.com/tag/nd/index.html]
[herbnkathy.com/tag/elk/index.html]
[herbnkathy.com/tag/ely/index.html]
[herbnkathy.com/tag/yellowstone/index.html]
[herbnkathy.com/tag/teton/index.html]
[herbnkathy.com/tag/nd/feed/index.html]
[herbnkathy.com/tag/north-dakota/index.html]
[herbnkathy.com/tag/north-dakota/feed/index.html]
[herbnkathy.com/wp-json/wp/v2/tags/554707701.json]
[herbnkathy.com/tag/progress-rv/index.html]
[herbnkathy.com/wp-json/wp/v2/tags/554708013.json]
[herbnkathy.com/tag/progress-rv/feed/index.html]
[herbnkathy.com/tag/roosevelt/index.html]
[herbnkathy.com/tag/roosevelt/feed/index.html]
[herbnkathy.com/wp-json/wp/v2/tags/554707576.json]
[herbnkathy.com/tag/rv-repair/index.html]
[herbnkathy.com/tag/rv-repair/feed/index.html]
[herbnkathy.com/wp-json/wp/v2/tags/554707993.json]
[herbnkathy.com/tag/sd/index.html]
[herbnkathy.com/wp-json/wp/v2/tags/554708015.json]
[herbnkathy.com/tag/sd/feed/index.html]
[herbnkathy.com/tag/emergency-repair/index.html]
[herbnkathy.com/tag/emergency-repair/feed/index.html]
[herbnkathy.com/wp-json/wp/v2/tags/554708004.json]
[herbnkathy.com/tag/ems/index.html]
[herbnkathy.com/tag/ems/feed/index.html]
[herbnkathy.com/wp-json/wp/v2/tags/554708000.json]
[herbnkathy.com/tag/inverter/index.html]
[herbnkathy.com/tag/inverter/feed/index.html]
[herbnkathy.com/wp-json/wp/v2/tags/554707820.json]
[herbnkathy.com/tag/voltage/index.html]
[herbnkathy.com/tag/voltage/feed/index.html]
[herbnkathy.com/wp-json/wp/v2/tags/554708005.json]
[i1.wp.com/herbnkathy.com/wp-content/uploads/2020/04/TSD-Card211e.jpg]
[i1.wp.com/herbnkathy.com/wp-content/uploads/2020/04/LovesReceipt211e.jpg]
[i0.wp.com/herbnkathy.com/wp-content/uploads/2020/04/EFS-Receipt4b52.jpg]
[herbnkathy.com/category/equipment/page/2/index.html]
[herbnkathy.com/tag/gallon/index.html]
[herbnkathy.com/tag/efs/index.html]
[herbnkathy.com/wp-json/oembed/1.0/embedeeab.json]
[herbnkathy.com/tag/logistics/index.html]
[herbnkathy.com/category/equipment/page/3/index.html]
[herbnkathy.com/tag/per-gallon/index.html]
[herbnkathy.com/wp-json/oembed/1.0/embede003]
[herbnkathy.com/2021/10/18/tourist-review-wyoming-territorial-prison-state-historic-site/feed/index.html]
[herbnkathy.com/2021/10/18/tourist-review-wyoming-territorial-prison-state-historic-site/index.html]
[herbnkathy.com/wp-json/wp/v2/posts/8097.json]
[herbnkathy.com/2021/10/18/tourist-review-wyoming-territorial-prison-state-historic-site/indexd5b1.html]
[herbnkathy.com/tag/brooms/index.html]
[herbnkathy.com/wp-json/wp/v2/tags/554708097.json]
[herbnkathy.com/2021/10/18/tourist-review-wyoming-territorial-prison-state-historic-site/index0c0c.html]
[herbnkathy.com/tag/brooms/feed/index.html]
[herbnkathy.com/tag/butch-cassidy/index.html]
[herbnkathy.com/wp-json/wp/v2/tags/554708098.json]
[herbnkathy.com/tag/butch-cassidy/feed/index.html]
[herbnkathy.com/tag/cellblock/index.html]
[herbnkathy.com/wp-json/wp/v2/tags/554708099.json]
[herbnkathy.com/tag/cellblock/feed/index.html]
[herbnkathy.com/tag/costume/index.html]
[herbnkathy.com/wp-json/wp/v2/tags/554708094.json]
[herbnkathy.com/tag/costume/feed/index.html]
[herbnkathy.com/tag/dress-up/index.html]
[herbnkathy.com/wp-json/wp/v2/tags/554708096.json]
[herbnkathy.com/tag/laramie/index.html]
[herbnkathy.com/wp-json/wp/v2/tags/554708091.json]
[herbnkathy.com/tag/dress-up/feed/index.html]
[herbnkathy.com/tag/laramie/feed/index.html]
[herbnkathy.com/tag/matt/feed/index.html]
[herbnkathy.com/tag/matt/index.html]
[herbnkathy.com/wp-json/wp/v2/tags/554708103.json]
[herbnkathy.com/tag/period/index.html]
[herbnkathy.com/wp-json/wp/v2/tags/554708095.json]
[herbnkathy.com/tag/period/feed/index.html]
[herbnkathy.com/tag/prison/index.html]
[herbnkathy.com/wp-json/wp/v2/tags/554708092.json]
[herbnkathy.com/tag/prison/feed/index.html]
[herbnkathy.com/tag/sherry/index.html]
[herbnkathy.com/wp-json/wp/v2/tags/554708104.json]
[herbnkathy.com/tag/sherry/feed/index.html]
[herbnkathy.com/tag/territorial/index.html]
[herbnkathy.com/wp-json/wp/v2/tags/554708093.json]
[herbnkathy.com/tag/territorial/feed/index.html]
[herbnkathy.com/wp-json/oembed/1.0/embed00db.json]
[herbnkathy.com/2021/10/06/tourist-review-the-messenger-museum-cheyenne-wyoming/feed/index.html]
[herbnkathy.com/wp-json/oembed/1.0/embed39d5]
[herbnkathy.com/2021/10/06/tourist-review-the-messenger-museum-cheyenne-wyoming/index.html]
[herbnkathy.com/wp-json/wp/v2/posts/8034.json]
[herbnkathy.com/category/animals/index.html]
[herbnkathy.com/category/animals/feed/index.html]
[herbnkathy.com/wp-json/wp/v2/categories/490.json]
[herbnkathy.com/category/animals/page/2/index.html]
[herbnkathy.com/tag/antiques/index.html]
[herbnkathy.com/wp-json/wp/v2/tags/554708059.json]
[herbnkathy.com/tag/antiques/feed/index.html]
[herbnkathy.com/tag/arrowheads/index.html]
[herbnkathy.com/wp-json/wp/v2/tags/554708070.json]
[herbnkathy.com/tag/arrowheads/feed/index.html]
[herbnkathy.com/tag/bill-cody/index.html]
[herbnkathy.com/wp-json/wp/v2/tags/554708067.json]
[herbnkathy.com/tag/buffalo-bill/index.html]
[herbnkathy.com/tag/bill-cody/feed/index.html]
[herbnkathy.com/wp-json/wp/v2/tags/554708066.json]
[herbnkathy.com/tag/buffalo-bill/feed/index.html]
[herbnkathy.com/tag/car-museum/index.html]
[herbnkathy.com/tag/car-museum/feed/index.html]
[herbnkathy.com/wp-json/wp/v2/tags/554707683.json]
[herbnkathy.com/tag/carriage/index.html]
[herbnkathy.com/wp-json/wp/v2/tags/554708064.json]
[herbnkathy.com/tag/carriage/feed/index.html]
[herbnkathy.com/tag/cheyenne/index.html]
[herbnkathy.com/tag/cheyenne/feed/index.html]
[herbnkathy.com/wp-json/wp/v2/tags/554708022.json]
[herbnkathy.com/tag/collectibles/feed/index.html]
[herbnkathy.com/tag/collectibles/index.html]
[herbnkathy.com/wp-json/wp/v2/tags/554708060.json]
[herbnkathy.com/tag/collection/feed/index.html]
[herbnkathy.com/tag/collection/index.html]
[herbnkathy.com/wp-json/wp/v2/tags/554708061.json]
[herbnkathy.com/tag/harness/index.html]
[herbnkathy.com/tag/harness/feed/index.html]
[herbnkathy.com/wp-json/wp/v2/tags/554708068.json]
[herbnkathy.com/wp-json/wp/v2/tags/554707284.json]
[herbnkathy.com/wp-content/uploads/2017/02/2017-02-08-15.25.14.jpg]
[herbnkathy.com/tag/horses/feed/index.html]
[herbnkathy.com/wp-content/uploads/2017/02/2017-02-08-15.24.52.jpg]
[herbnkathy.com/wp-content/uploads/2017/02/2017-02-08-15.24.48.jpg]
[herbnkathy.com/wp-content/uploads/2017/02/2017-02-08-15.24.43.jpg]
[herbnkathy.com/wp-content/uploads/2017/02/2017-02-08-15.23.12.jpg]
[herbnkathy.com/wp-content/uploads/2017/02/2017-02-08-15.23.06.jpg]
[herbnkathy.com/wp-content/uploads/2017/02/2017-02-08-15.23.02.jpg]
[herbnkathy.com/2017/02/12/the-pony-express-very-impressive/index.html]
[herbnkathy.com/wp-content/uploads/2017/02/2017-02-08-15.21.10.jpg]
[herbnkathy.com/wp-content/uploads/2017/02/2017-02-08-15.20.44.jpg]
[herbnkathy.com/wp-content/uploads/2017/02/2017-02-08-15.20.25.jpg]
[herbnkathy.com/wp-content/uploads/2017/02/2017-02-08-14.28.26.jpg]
[herbnkathy.com/wp-content/uploads/2017/02/2017-02-08-14.23.48.jpg]
[herbnkathy.com/wp-content/uploads/2017/02/2017-02-08-14.15.45.jpg]
[herbnkathy.com/wp-content/uploads/2017/02/2017-02-08-14.12.14.jpg]
[herbnkathy.com/wp-content/uploads/2017/02/2017-02-08-14.12.07.jpg]
[herbnkathy.com/wp-content/uploads/2017/02/2017-02-08-14.11.15.jpg]
[herbnkathy.com/wp-content/uploads/2017/02/2017-02-08-14.11.02.jpg]
[herbnkathy.com/wp-content/uploads/2017/02/2017-02-08-14.07.57.jpg]
[herbnkathy.com/wp-content/uploads/2017/02/2017-02-08-14.05.21.jpg]
[herbnkathy.com/wp-content/uploads/2017/02/2017-02-08-13.32.44.jpg]
[herbnkathy.com/wp-content/uploads/2017/02/2017-02-08-13.32.33.jpg]
[herbnkathy.com/wp-content/uploads/2017/02/2017-02-08-12.49.45.jpg]
[herbnkathy.com/wp-content/uploads/2017/02/2017-02-08-12.48.42.jpg]
[herbnkathy.com/tag/horses/index.html]
[herbnkathy.com/tag/knives/index.html]
[herbnkathy.com/wp-json/wp/v2/tags/554708069.json]
[herbnkathy.com/tag/bears/index.html]
[herbnkathy.com/tag/chaps/index.html]
[herbnkathy.com/tag/cowboy/index.html]
[herbnkathy.com/tag/marco/index.html]
[herbnkathy.com/wp-json/wp/v2/tags/554708062.json]
[herbnkathy.com/tag/ducks/index.html]
[herbnkathy.com/tag/cowboy-boots/index.html]
[herbnkathy.com/tag/geese/index.html]
[herbnkathy.com/tag/marsh/index.html]
[herbnkathy.com/tag/payson/index.html]
[herbnkathy.com/tag/pony-express/index.html]
[herbnkathy.com/tag/messenger/index.html]
[herbnkathy.com/wp-json/wp/v2/tags/554707769.json]
[herbnkathy.com/tag/rustic-furniture/index.html]
[herbnkathy.com/tag/show-low/index.html]
[herbnkathy.com/tag/snowflake/index.html]
[herbnkathy.com/tag/water-fowl/index.html]
[herbnkathy.com/tag/wildlife-area/index.html]
[herbnkathy.com/tag/saddle/index.html]
[herbnkathy.com/tag/knives/feed/index.html]
[herbnkathy.com/wp-json/wp/v2/tags/554707291.json]
[herbnkathy.com/tag/marco/feed/index.html]
[herbnkathy.com/tag/messenger/feed/index.html]
[herbnkathy.com/tag/storage/index.html]
[herbnkathy.com/tag/saddle/feed/index.html]
[herbnkathy.com/wp-json/wp/v2/tags/554708063.json]
[herbnkathy.com/tag/wild-west/index.html]
[herbnkathy.com/tag/storage/feed/index.html]
[herbnkathy.com/wp-json/wp/v2/tags/554708065.json]
[herbnkathy.com/tag/wild-west/feed/index.html]
[herbnkathy.com/wp-json/oembed/1.0/embed06c3.json]
[herbnkathy.com/2021/09/26/kc-to-spearfish-and-beyond-installment-4/feed/index.html]
[herbnkathy.com/wp-json/oembed/1.0/embed16ff]
[herbnkathy.com/wp-json/wp/v2/posts/7800.json]
[secure.gravatar.com/avatar/33871ce90776f0b1a30b80333acbffada89343d483d48d0c90a2694af225c9aba8ba.png]
[herbnkathy.com/2021/09/26/kc-to-spearfish-and-beyond-installment-4/index.html]
[herbnkathy.com/2021/09/26/kc-to-spearfish-and-beyond-installment-4/index0705.html]
[herbnkathy.com/wp-json/oembed/1.0/embed436c.json]
[herbnkathy.com/2021/09/26/kc-to-spearfish-and-beyond-installment-4/index2c65.html]
[herbnkathy.com/wp-json/oembed/1.0/embede71a]
[herbnkathy.com/2019/06/17/camp-hosting-at-fort-peck-montana/feed/index.html]
[herbnkathy.com/wp-json/wp/v2/posts/5836.json]
[secure.gravatar.com/avatar/a4b6609ffafece4ba6429a24a79f800cb426ba90b1a9c4f25b4346c1aa64df26a8ba.png]
[secure.gravatar.com/avatar/a846f10404bd123af8360b8c5a7bace42488ff1c0c0c9bbd964f788387d13b7da8ba.jpeg]
[herbnkathy.com/2019/06/17/camp-hosting-at-fort-peck-montana/index.html]
[herbnkathy.com/2019/06/17/camp-hosting-at-fort-peck-montana/index4110.html]
[herbnkathy.com/tag/black-tank/index.html]
[herbnkathy.com/wp-json/wp/v2/tags/554707995.json]
[herbnkathy.com/2019/06/17/camp-hosting-at-fort-peck-montana/index8cff.html]
[herbnkathy.com/2019/06/17/camp-hosting-at-fort-peck-montana/index6a93.html]
[herbnkathy.com/2019/06/17/camp-hosting-at-fort-peck-montana/index1bb7.html]
[herbnkathy.com/tag/black-tank/feed/index.html]
[herbnkathy.com/tag/elk-point/index.html]
[herbnkathy.com/tag/elk-point/feed/index.html]
[herbnkathy.com/wp-json/wp/v2/tags/554707996.json]
[herbnkathy.com/tag/fort-peck/index.html]
[herbnkathy.com/tag/fort-peck/feed/index.html]
[herbnkathy.com/wp-json/wp/v2/tags/554707738.json]
[herbnkathy.com/tag/installment-4/index.html]
[herbnkathy.com/tag/installment-4/feed/index.html]
[herbnkathy.com/wp-json/wp/v2/tags/554707998.json]
[herbnkathy.com/tag/lewis-clark/feed/index.html]
[herbnkathy.com/tag/lewis-clark/index.html]
[herbnkathy.com/wp-json/wp/v2/tags/554707997.json]
[herbnkathy.com/tag/miles-city/index.html]
[herbnkathy.com/wp-json/wp/v2/tags/554707992.json]
[herbnkathy.com/tag/miles-city/feed/index.html]
[herbnkathy.com/tag/range-riders/index.html]
[herbnkathy.com/tag/range-riders/feed/index.html]
[herbnkathy.com/wp-json/wp/v2/tags/554707994.json]
[herbnkathy.com/tag/ranger/index.html]
[herbnkathy.com/tag/ranger/feed/index.html]
[herbnkathy.com/wp-json/wp/v2/tags/554707756.json]
[herbnkathy.com/wp-json/oembed/1.0/embedfa8d.json]
[herbnkathy.com/wp-json/oembed/1.0/embed792c]
[herbnkathy.com/2021/09/03/our-trek-west-installment-2/feed/index.html]
[herbnkathy.com/2021/09/03/our-trek-west-installment-2/index.html]
[herbnkathy.com/wp-json/wp/v2/posts/7724.json]
[herbnkathy.com/2021/09/03/our-trek-west-installment-2/index73ff.html]
[herbnkathy.com/2021/09/03/our-trek-west-installment-2/index0e28.html]
[herbnkathy.com/wp-json/oembed/1.0/embedc50b.json]
[herbnkathy.com/2017/08/13/workamping-at-pere-marquette-rv-park-baldwin-mich/feed/index.html]
[herbnkathy.com/wp-json/oembed/1.0/embede8a9]
[herbnkathy.com/2017/08/13/workamping-at-pere-marquette-rv-park-baldwin-mich/index.html]
[herbnkathy.com/wp-json/wp/v2/posts/4003.json]
[herbnkathy.com/tag/buddy-holly/index.html]
[herbnkathy.com/tag/buddy-holly/feed/index.html]
[herbnkathy.com/wp-json/wp/v2/tags/554707983.json]
[herbnkathy.com/tag/clear-lake/index.html]
[herbnkathy.com/tag/clear-lake/feed/index.html]
[herbnkathy.com/wp-json/wp/v2/tags/554707986.json]
[herbnkathy.com/tag/elks-lodge/index.html]
[herbnkathy.com/tag/elks-lodge/feed/index.html]
[herbnkathy.com/wp-json/wp/v2/tags/554707971.json]
[herbnkathy.com/tag/iowa/feed/index.html]
[herbnkathy.com/tag/iowa/index.html]
[herbnkathy.com/wp-json/wp/v2/tags/554707982.json]
[herbnkathy.com/tag/manitowoc/index.html]
[herbnkathy.com/wp-json/wp/v2/tags/554707972.json]
[herbnkathy.com/tag/mauseleum/index.html]
[herbnkathy.com/tag/manitowoc/feed/index.html]
[herbnkathy.com/wp-json/wp/v2/tags/554707987.json]
[herbnkathy.com/tag/mauseleum/feed/index.html]
[herbnkathy.com/tag/missouri/feed/index.html]
[herbnkathy.com/wp-content/uploads/2016/04/dsc_0032.jpg]
[herbnkathy.com/tag/missouri/index.html]
[herbnkathy.com/wp-json/wp/v2/tags/28577.json]
[herbnkathy.com/2016/04/04/onondaga-cave-state-park-leasville-mo/index.html]
[herbnkathy.com/tag/bats/index.html]
[herbnkathy.com/tag/richie-valens/index.html]
[herbnkathy.com/wp-json/wp/v2/tags/554707984.json]
[herbnkathy.com/tag/cave/index.html]
[herbnkathy.com/tag/onondaga/index.html]
[herbnkathy.com/tag/richie-valens/feed/index.html]
[herbnkathy.com/tag/surf-ballroom/feed/index.html]
[herbnkathy.com/tag/surf-ballroom/index.html]
[herbnkathy.com/wp-json/wp/v2/tags/554707985.json]
[herbnkathy.com/tag/wisconsin/index.html]
[herbnkathy.com/tag/wisconsin/feed/index.html]
[herbnkathy.com/wp-json/wp/v2/tags/554707942.json]
[herbnkathy.com/wp-json/oembed/1.0/embed1bf4.json]
[herbnkathy.com/wp-json/oembed/1.0/embedfe2c]
[herbnkathy.com/2020/02/16/mexico-day-three/feed/index.html]
[herbnkathy.com/wp-json/wp/v2/posts/6789.json]
[secure.gravatar.com/avatar/fd60b011c3e7f9f3690b126a0902004b6fcaf68e6a004867ef38d5dde25df7dda8ba.png]
[herbnkathy.com/2020/02/16/mexico-day-three/index.html]
[herbnkathy.com/category/mexico/index.html]
[herbnkathy.com/category/mexico/feed/index.html]
[herbnkathy.com/wp-json/wp/v2/categories/554707836.json]
[herbnkathy.com/2020/02/16/mexico-day-three/index45a3.html]
[herbnkathy.com/2020/02/16/mexico-day-three/index7380.html]
[herbnkathy.com/tag/animals/feed/index.html]
[herbnkathy.com/tag/animals/index.html]
[herbnkathy.com/wp-json/wp/v2/tags/554707847.json]
[herbnkathy.com/tag/biologist/index.html]
[herbnkathy.com/wp-json/wp/v2/tags/554707848.json]
[herbnkathy.com/tag/biologist/feed/index.html]
[herbnkathy.com/tag/cellar/feed/index.html]
[herbnkathy.com/tag/cellar/index.html]
[herbnkathy.com/wp-json/wp/v2/tags/554707846.json]
[herbnkathy.com/tag/guadalupe/index.html]
[herbnkathy.com/wp-json/wp/v2/tags/554707842.json]
[herbnkathy.com/tag/guadalupe/feed/index.html]
[herbnkathy.com/tag/keeper/index.html]
[herbnkathy.com/wp-json/wp/v2/tags/554707849.json]
[herbnkathy.com/tag/keeper/feed/index.html]
[herbnkathy.com/tag/wine/feed/index.html]
[herbnkathy.com/wp-content/uploads/2016/10/2016-10-16-12-06-52.jpg]
[herbnkathy.com/tag/wine/index.html]
[herbnkathy.com/wp-json/wp/v2/tags/814.json]
[herbnkathy.com/2016/10/16/can-you-see-it/index.html]
[herbnkathy.com/tag/winery/index.html]
[herbnkathy.com/wp-json/wp/v2/tags/554707845.json]
[herbnkathy.com/tag/vineyard/index.html]
[herbnkathy.com/tag/valley/index.html]
[herbnkathy.com/tag/winery/feed/index.html]
[herbnkathy.com/wp-json/oembed/1.0/embeddb41.json]
[herbnkathy.com/2020/02/15/mexico-day-two/feed/index.html]
[herbnkathy.com/wp-json/oembed/1.0/embedbbee]
[herbnkathy.com/2020/02/15/mexico-day-two/index.html]
[herbnkathy.com/wp-json/wp/v2/posts/6765.json]
[herbnkathy.com/tag/baja-jacket/index.html]
[herbnkathy.com/wp-json/wp/v2/tags/554707843.json]
[herbnkathy.com/2020/02/15/mexico-day-two/indexc9ff.html]
[herbnkathy.com/2020/02/15/mexico-day-two/index2e27.html]
[herbnkathy.com/2020/02/15/mexico-day-two/index33d3.html]
[herbnkathy.com/tag/baja-jacket/feed/index.html]
[herbnkathy.com/tag/mexican-lasagna/index.html]
[herbnkathy.com/tag/mexican-lasagna/feed/index.html]
[herbnkathy.com/wp-json/wp/v2/tags/554707844.json]
[herbnkathy.com/wp-json/oembed/1.0/embedd10e.json]
[herbnkathy.com/2020/02/11/stopover-at-potrero/feed/index.html]
[herbnkathy.com/wp-json/oembed/1.0/embedce43]
[herbnkathy.com/2020/02/11/stopover-at-potrero/index.html]
[herbnkathy.com/wp-json/wp/v2/posts/6752.json]
[herbnkathy.com/tag/california/index.html]
[herbnkathy.com/wp-json/wp/v2/tags/554707804.json]
[herbnkathy.com/2020/02/11/stopover-at-potrero/indexc155.html]
[herbnkathy.com/tag/california/feed/index.html]
[herbnkathy.com/tag/chapter-8/index.html]
[herbnkathy.com/wp-json/wp/v2/tags/554707837.json]
[herbnkathy.com/2020/02/11/stopover-at-potrero/index46fe.html]
[herbnkathy.com/tag/chapter-8/feed/index.html]
[herbnkathy.com/2020/02/11/stopover-at-potrero/indexac5a.html]
[herbnkathy.com/tag/parking/feed/index.html]
[herbnkathy.com/tag/parking/index.html]
[herbnkathy.com/wp-json/wp/v2/tags/554707562.json]
[herbnkathy.com/tag/potrero/index.html]
[herbnkathy.com/category/learning/page/2/index.html]
[herbnkathy.com/wp-json/wp/v2/tags/554707838.json]
[herbnkathy.com/tag/potrero/feed/index.html]
[herbnkathy.com/category/learning/page/3/index.html]
[herbnkathy.com/wp-json/oembed/1.0/embed9a75.json]
[herbnkathy.com/2022/12/05/going-under-the-knife-and-robot/feed/index.html]
[herbnkathy.com/wp-json/oembed/1.0/embedc3ce]
[herbnkathy.com/2022/12/05/going-under-the-knife-and-robot/index.html]
[herbnkathy.com/wp-json/wp/v2/posts/8574.json]
[herbnkathy.com/category/health/index.html]
[herbnkathy.com/wp-json/wp/v2/categories/554708145.json]
[herbnkathy.com/2022/12/05/going-under-the-knife-and-robot/index48c9.html]
[herbnkathy.com/2022/12/05/going-under-the-knife-and-robot/indexe1e1.html]
[herbnkathy.com/category/medical/index.html]
[herbnkathy.com/wp-json/wp/v2/categories/554708150.json]
[herbnkathy.com/2022/12/05/going-under-the-knife-and-robot/indexf420.html]
[herbnkathy.com/2022/12/05/going-under-the-knife-and-robot/index7a27.html]
[herbnkathy.com/2022/12/05/going-under-the-knife-and-robot/index152c.html]
[herbnkathy.com/tag/hip/index.html]
[herbnkathy.com/wp-json/wp/v2/tags/554707956.json]
[herbnkathy.com/category/medical/feed/index.html]
[herbnkathy.com/tag/hip/feed/index.html]
[herbnkathy.com/category/health/feed/index.html]
[herbnkathy.com/tag/rehab/index.html]
[herbnkathy.com/wp-json/wp/v2/tags/554708153.json]
[herbnkathy.com/tag/rehab/feed/index.html]
[herbnkathy.com/tag/replacement/index.html]
[herbnkathy.com/wp-json/wp/v2/tags/554708154.json]
[herbnkathy.com/tag/robot/index.html]
[herbnkathy.com/wp-json/wp/v2/tags/554708151.json]
[herbnkathy.com/tag/replacement/feed/index.html]
[herbnkathy.com/tag/surgery/index.html]
[herbnkathy.com/wp-json/wp/v2/tags/554707939.json]
[herbnkathy.com/tag/robot/feed/index.html]
[herbnkathy.com/tag/surgery/feed/index.html]
[herbnkathy.com/tag/therapy/index.html]
[herbnkathy.com/wp-json/wp/v2/tags/554708152.json]
[herbnkathy.com/tag/therapy/feed/index.html]
[herbnkathy.com/wp-json/oembed/1.0/embed3d52.json]
[herbnkathy.com/2023/07/30/we-made-it-to-the-light/feed/index.html]
[herbnkathy.com/wp-json/oembed/1.0/embedb86b]
[herbnkathy.com/2023/07/30/we-made-it-to-the-light/index.html]
[herbnkathy.com/wp-json/wp/v2/posts/8690.json]
[herbnkathy.com/tag/bike-path/index.html]
[herbnkathy.com/wp-json/wp/v2/tags/554708170.json]
[herbnkathy.com/2023/07/30/we-made-it-to-the-light/index9483.html]
[herbnkathy.com/2023/07/30/we-made-it-to-the-light/index94ca.html]
[herbnkathy.com/tag/docent/feed/index.html]
[herbnkathy.com/tag/bike-path/feed/index.html]
[herbnkathy.com/tag/docent/index.html]
[herbnkathy.com/wp-json/wp/v2/tags/554708168.json]
[herbnkathy.com/tag/herb-kathy/index.html]
[herbnkathy.com/category/rving/page/2/index.html]
[herbnkathy.com/wp-json/wp/v2/tags/554708169.json]
[herbnkathy.com/tag/herb-kathy/feed/index.html]
[herbnkathy.com/wp-json/oembed/1.0/embed8774.json]
[herbnkathy.com/category/rving/page/3/index.html]
[herbnkathy.com/2022/12/03/gotta-keep-from-getting-bored/feed/index.html]
[herbnkathy.com/wp-json/oembed/1.0/embed3335]
[herbnkathy.com/wp-json/wp/v2/posts/8498.json]
[secure.gravatar.com/avatar/59f188e8c966c037a39ad6b2d11f383b9e40a8fb67a2ccfad3e8fecf64f7cd0ba8ba.png]
[herbnkathy.com/2022/12/03/gotta-keep-from-getting-bored/index.html]
[herbnkathy.com/2022/12/03/gotta-keep-from-getting-bored/indexdab5.html]
[herbnkathy.com/category/ham-radio/index.html]
[herbnkathy.com/wp-json/wp/v2/categories/6120.json]
[herbnkathy.com/2022/12/03/gotta-keep-from-getting-bored/index9814.html]
[herbnkathy.com/2022/12/03/gotta-keep-from-getting-bored/index52df.html]
[herbnkathy.com/2022/12/03/gotta-keep-from-getting-bored/indexd54d.html]
[herbnkathy.com/2022/12/03/gotta-keep-from-getting-bored/indexf7ae.html]
[herbnkathy.com/category/ham-radio/feed/index.html]
[herbnkathy.com/2022/12/03/gotta-keep-from-getting-bored/index9682.html]
[herbnkathy.com/category/ham-radio/page/2/index.html]
[herbnkathy.com/tag/7300/feed/index.html]
[herbnkathy.com/tag/7300/index.html]
[herbnkathy.com/wp-json/wp/v2/tags/554708141.json]
[herbnkathy.com/tag/cq/feed/index.html]
[herbnkathy.com/tag/cq/index.html]
[herbnkathy.com/wp-json/wp/v2/tags/554708148.json]
[herbnkathy.com/tag/dx/index.html]
[herbnkathy.com/wp-json/wp/v2/tags/554708146.json]
[herbnkathy.com/tag/dx/feed/index.html]
[herbnkathy.com/tag/ham-radio/index.html]
[herbnkathy.com/tag/ham-radio/feed/index.html]
[herbnkathy.com/wp-json/wp/v2/tags/554707242.json]
[herbnkathy.com/tag/ham-shack/index.html]
[herbnkathy.com/wp-json/wp/v2/tags/554708149.json]
[herbnkathy.com/tag/ham-shack/feed/index.html]
[herbnkathy.com/tag/icom/index.html]
[herbnkathy.com/wp-json/wp/v2/tags/554708140.json]
[herbnkathy.com/tag/icom/feed/index.html]
[herbnkathy.com/tag/mt-gilead/index.html]
[herbnkathy.com/wp-json/wp/v2/tags/554707880.json]
[herbnkathy.com/tag/netherlands/index.html]
[herbnkathy.com/tag/mt-gilead/feed/index.html]
[herbnkathy.com/wp-json/wp/v2/tags/554708142.json]
[herbnkathy.com/tag/on7cl/index.html]
[herbnkathy.com/wp-json/wp/v2/tags/554708143.json]
[herbnkathy.com/tag/netherlands/feed/index.html]
[herbnkathy.com/tag/on7cl/feed/index.html]
[herbnkathy.com/tag/qrz/index.html]
[herbnkathy.com/wp-json/wp/v2/tags/554708147.json]
[herbnkathy.com/tag/qrz/feed/index.html]
[herbnkathy.com/tag/radio/feed/index.html]
[herbnkathy.com/tag/radio/index.html]
[herbnkathy.com/wp-json/wp/v2/tags/275.json]
[herbnkathy.com/tag/wb8bhk/index.html]
[herbnkathy.com/wp-json/wp/v2/tags/554708144.json]
[herbnkathy.com/tag/wb8bhk/feed/index.html]
[herbnkathy.com/tag/amazon-prime/index.html]
[herbnkathy.com/wp-json/wp/v2/tags/554707924.json]
[herbnkathy.com/tag/amazon-prime/feed/index.html]
[herbnkathy.com/tag/cell-phone/index.html]
[herbnkathy.com/wp-json/wp/v2/tags/554707916.json]
[herbnkathy.com/tag/cell-phone/feed/index.html]
[herbnkathy.com/tag/data/feed/index.html]
[herbnkathy.com/tag/data/index.html]
[herbnkathy.com/wp-json/wp/v2/tags/554707917.json]
[herbnkathy.com/tag/hotspot/index.html]
[herbnkathy.com/wp-json/wp/v2/tags/554707919.json]
[herbnkathy.com/tag/hotspot/feed/index.html]
[herbnkathy.com/tag/netflix/index.html]
[herbnkathy.com/wp-json/wp/v2/tags/554707923.json]
[herbnkathy.com/tag/netflix/feed/index.html]
[herbnkathy.com/tag/pbs/index.html]
[herbnkathy.com/wp-json/wp/v2/tags/554707926.json]
[herbnkathy.com/tag/pbs/feed/index.html]
[herbnkathy.com/tag/streaming/feed/index.html]
[herbnkathy.com/tag/streaming/index.html]
[herbnkathy.com/wp-json/wp/v2/tags/554707922.json]
[herbnkathy.com/tag/television/index.html]
[herbnkathy.com/wp-json/wp/v2/tags/554707921.json]
[herbnkathy.com/tag/television/feed/index.html]
[herbnkathy.com/tag/tv/index.html]
[herbnkathy.com/wp-json/wp/v2/tags/554707920.json]
[herbnkathy.com/tag/tv/feed/index.html]
[herbnkathy.com/tag/unlimited-data/index.html]
[herbnkathy.com/wp-json/wp/v2/tags/554707918.json]
[herbnkathy.com/tag/unlimited-data/feed/index.html]
[herbnkathy.com/wp-json/oembed/1.0/embedb03c.json]
[herbnkathy.com/2020/05/10/additional-discounts-on-tsd-fuel-program-announced/feed/index.html]
[herbnkathy.com/wp-json/oembed/1.0/embed8c51]
[herbnkathy.com/wp-json/wp/v2/posts/7135.json]
[herbnkathy.com/wp-content/uploads/2020/05/Camper-at-Truck-Stop.jpg]
[herbnkathy.com/2020/05/10/additional-discounts-on-tsd-fuel-program-announced/index.html]
[herbnkathy.com/wp-json/oembed/1.0/embede653.json]
[herbnkathy.com/2020/05/01/saving-on-diesel-fuel-new-program/feed/index.html]
[herbnkathy.com/wp-json/oembed/1.0/embed5568]
[herbnkathy.com/2020/05/01/saving-on-diesel-fuel-new-program/index.html]
[herbnkathy.com/wp-json/wp/v2/posts/7093.json]
[herbnkathy.com/tag/ally/index.html]
[herbnkathy.com/wp-json/wp/v2/tags/554707902.json]
[herbnkathy.com/tag/checking/index.html]
[herbnkathy.com/wp-json/wp/v2/tags/554707899.json]
[herbnkathy.com/tag/ally/feed/index.html]
[herbnkathy.com/tag/checking/feed/index.html]
[herbnkathy.com/tag/credit/index.html]
[herbnkathy.com/wp-json/wp/v2/tags/554707900.json]
[herbnkathy.com/tag/credit/feed/index.html]
[herbnkathy.com/tag/debit/index.html]
[herbnkathy.com/wp-json/wp/v2/tags/554707901.json]
[herbnkathy.com/tag/debit/feed/index.html]
[herbnkathy.com/tag/diesel/index.html]
[herbnkathy.com/wp-json/wp/v2/tags/554707885.json]
[herbnkathy.com/tag/diesel/feed/index.html]
[herbnkathy.com/tag/fuel/index.html]
[herbnkathy.com/wp-json/wp/v2/tags/554707829.json]
[herbnkathy.com/tag/fuel/feed/index.html]
[herbnkathy.com/tag/loves/index.html]
[herbnkathy.com/wp-json/wp/v2/tags/554707895.json]
[herbnkathy.com/tag/loves/feed/index.html]
[herbnkathy.com/tag/petro/index.html]
[herbnkathy.com/wp-json/wp/v2/tags/554707896.json]
[herbnkathy.com/tag/petro/feed/index.html]
[herbnkathy.com/tag/rv-fuel-program/index.html]
[herbnkathy.com/wp-json/wp/v2/tags/554707897.json]
[herbnkathy.com/tag/savings/index.html]
[herbnkathy.com/wp-json/wp/v2/tags/554707898.json]
[herbnkathy.com/tag/rv-fuel-program/feed/index.html]
[herbnkathy.com/tag/savings/feed/index.html]
[herbnkathy.com/tag/tsd/index.html]
[herbnkathy.com/wp-json/wp/v2/tags/554707886.json]
[herbnkathy.com/wp-json/oembed/1.0/embed5d23.json]
[herbnkathy.com/tag/tsd/feed/index.html]
[herbnkathy.com/wp-json/oembed/1.0/embed46c1]
[herbnkathy.com/2020/02/08/on-our-way-to-mexico/feed/index.html]
[herbnkathy.com/2020/02/08/on-our-way-to-mexico/index.html]
[herbnkathy.com/wp-json/wp/v2/posts/6749.json]
[herbnkathy.com/tag/200-watt/index.html]
[herbnkathy.com/tag/200-watt/feed/index.html]
[herbnkathy.com/wp-json/wp/v2/tags/554707822.json]
[herbnkathy.com/2020/02/08/on-our-way-to-mexico/index0785.html]
[herbnkathy.com/2020/02/08/on-our-way-to-mexico/indexd469.html]
[herbnkathy.com/2020/02/08/boomerville-winding-down/index.html]
[herbnkathy.com/tag/yuma/feed/index.html]
[herbnkathy.com/tag/yuma/index.html]
[herbnkathy.com/wp-json/wp/v2/tags/230962.json]
[herbnkathy.com/wp-json/oembed/1.0/embedbb34.json]
[herbnkathy.com/2019/12/15/whats-our-engine-thinking/feed/index.html]
[herbnkathy.com/wp-json/oembed/1.0/embed12f5]
[herbnkathy.com/wp-json/wp/v2/posts/6652.json]
[secure.gravatar.com/avatar/0593a2f31abefe4470338f800ea8bce8f50902523828e2ef899f4a37c248cf92a8ba.png]
[herbnkathy.com/2019/12/15/whats-our-engine-thinking/index.html]
[herbnkathy.com/2019/12/15/whats-our-engine-thinking/index799c.html]
[herbnkathy.com/2019/12/15/whats-our-engine-thinking/indexfa01.html]
[herbnkathy.com/tag/bluefire/feed/index.html]
[herbnkathy.com/tag/bluefire/index.html]
[herbnkathy.com/wp-json/wp/v2/tags/554707824.json]
[herbnkathy.com/tag/deutsch/index.html]
[herbnkathy.com/tag/deutsch/feed/index.html]
[herbnkathy.com/wp-json/wp/v2/tags/554707828.json]
[herbnkathy.com/tag/diagnostic/feed/index.html]
[herbnkathy.com/tag/diagnostic/index.html]
[herbnkathy.com/wp-json/wp/v2/tags/554707826.json]
[herbnkathy.com/tag/engine/index.html]
[herbnkathy.com/wp-json/wp/v2/tags/554707825.json]
[herbnkathy.com/tag/engine/feed/index.html]
[herbnkathy.com/tag/engine-temperature/index.html]
[herbnkathy.com/wp-json/wp/v2/tags/554707832.json]
[herbnkathy.com/tag/engine-temperature/feed/index.html]
[herbnkathy.com/tag/miles-per-gallon/index.html]
[herbnkathy.com/wp-json/wp/v2/tags/554707831.json]
[herbnkathy.com/tag/miles-per-gallon/feed/index.html]
[herbnkathy.com/tag/mpg/feed/index.html]
[herbnkathy.com/tag/mpg/index.html]
[herbnkathy.com/wp-json/wp/v2/tags/554707830.json]
[herbnkathy.com/tag/tool/index.html]
[herbnkathy.com/wp-json/wp/v2/tags/554707827.json]
[herbnkathy.com/tag/tool/feed/index.html]
[herbnkathy.com/wp-json/oembed/1.0/embede087.json]
[herbnkathy.com/2022/11/28/hip-replacement-time-again/feed/index.html]
[herbnkathy.com/wp-json/oembed/1.0/embed8b86]
[herbnkathy.com/2022/11/28/hip-replacement-time-again/index.html]
[herbnkathy.com/wp-json/wp/v2/posts/8497.json]
[herbnkathy.com/wp-json/oembed/1.0/embed813f.json]
[herbnkathy.com/2022/11/28/hip-replacement-time-again/index5762.html]
[herbnkathy.com/2022/11/28/hip-replacement-time-again/index30a1.html]
[herbnkathy.com/2022/11/28/hip-replacement-time-again/indexc4e7.html]
[herbnkathy.com/2022/11/28/hip-replacement-time-again/index819c.html]
[herbnkathy.com/2022/11/28/hip-replacement-time-again/indexffb1.html]
[herbnkathy.com/wp-json/oembed/1.0/embedc2ea]
[herbnkathy.com/2021/10/15/tourist-review-dead-horse-point-state-park-se-utah/feed/index.html]
[herbnkathy.com/2021/10/15/tourist-review-dead-horse-point-state-park-se-utah/index.html]
[herbnkathy.com/wp-json/wp/v2/posts/8146.json]
[herbnkathy.com/tag/anita/index.html]
[herbnkathy.com/wp-json/wp/v2/tags/554708101.json]
[herbnkathy.com/2021/10/15/tourist-review-dead-horse-point-state-park-se-utah/index733c.html]
[herbnkathy.com/2021/10/15/tourist-review-dead-horse-point-state-park-se-utah/index085a.html]
[herbnkathy.com/tag/anita/feed/index.html]
[herbnkathy.com/tag/clark/index.html]
[herbnkathy.com/wp-json/wp/v2/tags/554708100.json]
[herbnkathy.com/tag/clark/feed/index.html]
[herbnkathy.com/tag/colorado/index.html]
[herbnkathy.com/wp-json/wp/v2/tags/180.json]
[herbnkathy.com/tag/colorado/feed/index.html]
[herbnkathy.com/tag/casinos/index.html]
[herbnkathy.com/2016/09/10/all-is-well-in-colorado/index.html]
[herbnkathy.com/tag/dead-horse/feed/index.html]
[herbnkathy.com/wp-json/wp/v2/tags/554707246.json]
[herbnkathy.com/wp-content/uploads/2017/01/2017-01-18-15.00.19.jpg]
[herbnkathy.com/tag/dead-horse/index.html]
[herbnkathy.com/2017/01/19/our-trip-to-dead-horse-ranch-state-park-cottonwood-az/index.html]
[herbnkathy.com/wp-content/uploads/2016/04/2016-04-12-10-24-03.jpg]
[herbnkathy.com/wp-json/wp/v2/tags/8123.json]
[herbnkathy.com/wp-content/uploads/2016/04/2016-04-12-18-09-50.jpg]
[herbnkathy.com/wp-content/uploads/2016/04/2016-04-12-17-13-25c05b.jpg]
[herbnkathy.com/wp-content/uploads/2016/04/2016-04-12-18-51-49.jpg]
[herbnkathy.com/wp-content/uploads/2016/04/2016-04-12-18-51-49-150x150.jpg]
[herbnkathy.com/tag/birding/index.html]
[herbnkathy.com/wp-content/uploads/2016/04/2016-04-12-18-51-39.jpg]
[herbnkathy.com/tag/hawk/index.html]
[herbnkathy.com/tag/horseback/index.html]
[herbnkathy.com/tag/mountains/feed/index.html]
[herbnkathy.com/wp-content/uploads/2016/04/2016-04-12-18-51-39-150x150.jpg]
[herbnkathy.com/wp-content/uploads/2016/04/2016-04-12-18-47-38.jpg]
[herbnkathy.com/tag/swainson-hawk/index.html]
[herbnkathy.com/2016/04/12/a-good-day-for-travel/index.html]
[herbnkathy.com/wp-content/uploads/2016/04/2016-04-12-18-47-38-150x150.jpg]
[herbnkathy.com/tag/mountains/index.html]
[herbnkathy.com/tag/river/feed/index.html]
[herbnkathy.com/wp-content/uploads/2017/03/2017-03-09-19.07.38230a.mp4]
[herbnkathy.com/tag/river/index.html]
[herbnkathy.com/wp-json/wp/v2/tags/554707308.json]
[herbnkathy.com/tag/utah/feed/index.html]
[herbnkathy.com/wp-json/wp/v2/tags/59361.json]
[herbnkathy.com/wp-content/uploads/2016/11/2016-11-09-12-53-28.jpg]
[herbnkathy.com/wp-content/uploads/2016/11/2016-11-09-12-53-28-150x150.jpg]
[herbnkathy.com/wp-content/uploads/2016/11/2016-11-09-12-34-34.jpg]
[herbnkathy.com/2016/11/10/road-trip-to-arches-national-park/index.html]
[herbnkathy.com/wp-content/uploads/2016/11/2016-11-09-12-34-34-150x150.jpg]
[herbnkathy.com/wp-content/uploads/2016/11/2016-11-09-12-34-30.jpg]
[herbnkathy.com/wp-content/uploads/2016/11/2016-11-09-12-34-30-150x150.jpg]
[herbnkathy.com/wp-content/uploads/2016/11/2016-11-09-12-12-57.jpg]
[herbnkathy.com/wp-content/uploads/2016/11/2016-11-09-12-12-57-150x150.jpg]
[herbnkathy.com/wp-content/uploads/2016/11/2016-11-09-08-40-03.jpg]
[herbnkathy.com/wp-content/uploads/2016/11/2016-11-09-08-40-03-150x150.jpg]
[herbnkathy.com/wp-content/uploads/2016/11/2016-11-09-08-39-13.jpg]
[herbnkathy.com/wp-content/uploads/2016/11/2016-11-09-08-39-13-150x150.jpg]
[herbnkathy.com/wp-content/uploads/2016/11/2016-11-09-07-31-06.jpg]
[herbnkathy.com/wp-content/uploads/2016/11/2016-11-09-07-31-06-150x150.jpg]
[herbnkathy.com/wp-content/uploads/2016/11/2016-11-08-14-48-15.jpg]
[herbnkathy.com/wp-content/uploads/2016/11/2016-11-08-14-48-15-150x150.jpg]
[herbnkathy.com/wp-content/uploads/2016/11/2016-11-08-10-48-38.jpg]
[herbnkathy.com/wp-content/uploads/2016/11/2016-11-08-10-48-38-150x150.jpg]
[herbnkathy.com/wp-content/uploads/2016/11/2016-11-08-11-27-39.jpg]
[herbnkathy.com/wp-content/uploads/2016/11/2016-11-08-11-27-39-150x150.jpg]
[herbnkathy.com/wp-content/uploads/2016/11/2016-11-08-12-04-51.jpg]
[herbnkathy.com/wp-content/uploads/2016/11/2016-11-08-12-04-51-150x150.jpg]
[herbnkathy.com/wp-content/uploads/2016/11/2016-11-08-12-51-14.jpg]
[herbnkathy.com/wp-content/uploads/2016/11/2016-11-08-12-51-14-150x150.jpg]
[herbnkathy.com/wp-content/uploads/2016/11/2016-11-08-12-56-43.jpg]
[herbnkathy.com/wp-content/uploads/2016/11/2016-11-08-12-56-43-150x150.jpg]
[herbnkathy.com/wp-content/uploads/2016/11/2016-11-08-13-23-32.jpg]
[herbnkathy.com/wp-content/uploads/2016/11/2016-11-08-13-23-32-150x150.jpg]
[herbnkathy.com/wp-content/uploads/2016/11/2016-11-08-13-55-40.jpg]
[herbnkathy.com/wp-content/uploads/2016/11/2016-11-08-13-55-40-150x150.jpg]
[herbnkathy.com/wp-content/uploads/2016/11/2016-11-08-14-41-34.jpg]
[herbnkathy.com/wp-content/uploads/2016/11/2016-11-08-14-41-34-150x150.jpg]
[herbnkathy.com/wp-content/uploads/2016/11/2016-11-08-10-41-24.jpg]
[herbnkathy.com/wp-content/uploads/2016/11/2016-11-08-10-41-24-150x150.jpg]
[herbnkathy.com/wp-content/uploads/2016/11/2016-11-08-09-55-18.jpg]
[herbnkathy.com/wp-content/uploads/2016/11/2016-11-08-09-55-18-150x150.jpg]
[herbnkathy.com/wp-content/uploads/2016/11/2016-11-08-09-42-11.jpg]
[herbnkathy.com/wp-content/uploads/2016/11/2016-11-08-09-42-11-150x150.jpg]
[herbnkathy.com/wp-content/uploads/2016/11/2016-11-08-09-32-04.jpg]
[herbnkathy.com/wp-content/uploads/2016/11/2016-11-08-09-32-04-150x150.jpg]
[herbnkathy.com/wp-content/uploads/2016/11/2016-11-08-09-25-26.jpg]
[herbnkathy.com/wp-content/uploads/2016/11/2016-11-08-09-25-26-150x150.jpg]
[herbnkathy.com/wp-content/uploads/2016/11/2016-11-08-08-48-11.jpg]
[herbnkathy.com/wp-content/uploads/2016/11/2016-11-08-08-48-11-150x150.jpg]
[herbnkathy.com/wp-content/uploads/2016/11/2016-11-07-15-44-43.jpg]
[herbnkathy.com/wp-content/uploads/2016/11/2016-11-07-15-44-43-150x150.jpg]
[herbnkathy.com/tag/utah/index.html]
[herbnkathy.com/tag/canyonland/index.html]
[herbnkathy.com/tag/arches/index.html]
[herbnkathy.com/tag/canyon-de-chelles/index.html]
[herbnkathy.com/tag/four-corners/index.html]
[herbnkathy.com/tag/view/feed/index.html]
[herbnkathy.com/tag/view/index.html]
[herbnkathy.com/wp-json/wp/v2/tags/554708102.json]
[herbnkathy.com/wp-json/oembed/1.0/embed16a3.json]
[herbnkathy.com/2021/08/12/time-to-hit-the-road-again/feed/index.html]
[herbnkathy.com/wp-json/oembed/1.0/embedbd09]
[herbnkathy.com/2021/08/12/time-to-hit-the-road-again/index.html]
[herbnkathy.com/wp-json/wp/v2/posts/7695.json]
[herbnkathy.com/2021/08/12/time-to-hit-the-road-again/index80c7.html]
[herbnkathy.com/2021/08/12/time-to-hit-the-road-again/index9b4f.html]
[herbnkathy.com/2021/08/12/time-to-hit-the-road-again/index0073.html]
[herbnkathy.com/2021/08/12/time-to-hit-the-road-again/indexf93c.html]
[herbnkathy.com/wp-json/oembed/1.0/embed9739.json]
[herbnkathy.com/2021/08/12/time-to-hit-the-road-again/indexcfd9.html]
[herbnkathy.com/2021/08/11/my-hip-replacement-recovery/feed/index.html]
[herbnkathy.com/wp-json/oembed/1.0/embedd089]
[herbnkathy.com/wp-json/wp/v2/posts/7674.json]
[herbnkathy.com/wp-content/uploads/2021/08/hip-joint-graphic.jpg]
[herbnkathy.com/2021/08/11/my-hip-replacement-recovery/index.html]
[herbnkathy.com/wp-json/oembed/1.0/embed6754.json]
[herbnkathy.com/2018/01/11/workamping-fun-at-rainbows-end-rv-park-livingston-tx/feed/index.html]
[herbnkathy.com/wp-json/oembed/1.0/embed6b3e]
[herbnkathy.com/wp-json/wp/v2/posts/4515.json]
[secure.gravatar.com/avatar/3ead861e9a1209dc324826acf6a924db74e6014638ef3ca0fa801f1ce4cd86e2a8ba.png]
[herbnkathy.com/2018/01/11/workamping-fun-at-rainbows-end-rv-park-livingston-tx/index.html]
[herbnkathy.com/wp-json/oembed/1.0/embede774.json]
[herbnkathy.com/2018/03/18/great-february-in-florida/index.html]
[herbnkathy.com/2018/01/11/workamping-fun-at-rainbows-end-rv-park-livingston-tx/index78b4.html]
[herbnkathy.com/2018/01/11/workamping-fun-at-rainbows-end-rv-park-livingston-tx/indexe29b.html]
[herbnkathy.com/wp-json/oembed/1.0/embed5a94]
[herbnkathy.com/2019/06/24/volunteering-at-d-c-booth-fish-hatchery/feed/index.html]
[herbnkathy.com/wp-json/wp/v2/posts/5916.json]
[herbnkathy.com/wp-content/uploads/2019/06/IMG_2245-2000x1500.jpg]
[secure.gravatar.com/avatar/fc57e353c8ed49428360ceb66a1839de8008af52b2961e94e8139877daa87914a8ba.png]
[herbnkathy.com/2019/06/24/volunteering-at-d-c-booth-fish-hatchery/index.html]
[herbnkathy.com/2019/06/24/volunteering-at-d-c-booth-fish-hatchery/index02e3.html]
[herbnkathy.com/2019/06/24/volunteering-at-d-c-booth-fish-hatchery/index6e16.html]
[herbnkathy.com/tag/badger/index.html]
[herbnkathy.com/tag/badger/feed/index.html]
[herbnkathy.com/wp-json/wp/v2/tags/554707976.json]
[herbnkathy.com/tag/dc-booth/index.html]
[herbnkathy.com/wp-json/wp/v2/tags/554707761.json]
[herbnkathy.com/tag/dc-booth/feed/index.html]
[herbnkathy.com/tag/harvest-hosts/index.html]
[herbnkathy.com/tag/harvest-hosts/feed/index.html]
[herbnkathy.com/wp-json/wp/v2/tags/554707945.json]
[herbnkathy.com/tag/holden/index.html]
[herbnkathy.com/tag/holden/feed/index.html]
[herbnkathy.com/wp-json/wp/v2/tags/554707975.json]
[herbnkathy.com/tag/kansas-city/index.html]
[herbnkathy.com/tag/kansas-city/feed/index.html]
[herbnkathy.com/wp-json/wp/v2/tags/554707974.json]
[herbnkathy.com/wp-json/oembed/1.0/embedb8a0.json]
[herbnkathy.com/wp-json/oembed/1.0/embed339c]
[herbnkathy.com/2021/07/07/all-good-things-come-to-an-end/feed/index.html]
[herbnkathy.com/2021/07/07/all-good-things-come-to-an-end/index.html]
[herbnkathy.com/wp-json/wp/v2/posts/7601.json]
[herbnkathy.com/tag/bobbi/index.html]
[herbnkathy.com/tag/bobbi/feed/index.html]
[herbnkathy.com/wp-json/wp/v2/tags/554707959.json]
[herbnkathy.com/tag/co-workers/index.html]
[herbnkathy.com/wp-json/wp/v2/tags/554707962.json]
[herbnkathy.com/tag/co-workers/feed/index.html]
[herbnkathy.com/tag/cumberland/index.html]
[herbnkathy.com/tag/cumberland/feed/index.html]
[herbnkathy.com/wp-json/wp/v2/tags/554707950.json]
[herbnkathy.com/tag/hospital/index.html]
[herbnkathy.com/wp-json/wp/v2/tags/554707961.json]
[herbnkathy.com/tag/hospital/feed/index.html]
[herbnkathy.com/tag/jenny/index.html]
[herbnkathy.com/tag/jenny/feed/index.html]
[herbnkathy.com/wp-json/wp/v2/tags/554707957.json]
[herbnkathy.com/tag/lake-cumberland/index.html]
[herbnkathy.com/tag/lake-cumberland/feed/index.html]
[herbnkathy.com/wp-json/wp/v2/tags/554707952.json]
[herbnkathy.com/tag/physical-rehab/index.html]
[herbnkathy.com/wp-json/wp/v2/tags/554707960.json]
[herbnkathy.com/tag/physical-rehab/feed/index.html]
[herbnkathy.com/tag/robert/index.html]
[herbnkathy.com/tag/robert/feed/index.html]
[herbnkathy.com/wp-json/wp/v2/tags/554707958.json]
[herbnkathy.com/wp-content/uploads/2020/11/Turkey-Pix.png]
[herbnkathy.com/wp-content/uploads/2020/05/PANO_20200506_112532-1024x280.jpg]
[herbnkathy.com/category/working/page/2/index.html]
[herbnkathy.com/tag/bus/index.html]
[herbnkathy.com/tag/celebrate/index.html]
[herbnkathy.com/wp-json/oembed/1.0/embed414b.json]
[herbnkathy.com/tag/president/index.html]
[herbnkathy.com/tag/celebrating/index.html]
[herbnkathy.com/tag/election/index.html]
[herbnkathy.com/category/working/page/3/index.html]
[herbnkathy.com/tag/thankful/index.html]
[herbnkathy.com/wp-json/oembed/1.0/embed046c]
[herbnkathy.com/2020/01/12/readying-for-our-trip-to-q/feed/index.html]
[herbnkathy.com/2020/01/12/readying-for-our-trip-to-q/index.html]
[herbnkathy.com/wp-json/wp/v2/posts/6721.json]
[herbnkathy.com/wp-json/oembed/1.0/embed559e.json]
[herbnkathy.com/2020/01/12/readying-for-our-trip-to-q/index2e1b.html]
[herbnkathy.com/2020/01/12/readying-for-our-trip-to-q/indexfd85.html]
[herbnkathy.com/2020/01/12/readying-for-our-trip-to-q/index6561.html]
[herbnkathy.com/2020/01/12/readying-for-our-trip-to-q/index0fb5.html]
[herbnkathy.com/wp-json/oembed/1.0/embed17e9]
[herbnkathy.com/2017/01/01/our-adventure-to-quartzsite/feed/index.html]
[herbnkathy.com/wp-json/wp/v2/posts/2741.json]
[secure.gravatar.com/avatar/cc72d66f6dcfebe88899afa50aaaf658724c231c2565160a7bc06955bc4642e3a8ba.png]
[herbnkathy.com/2017/01/05/artisans-at-work-amazing/index.html]
[herbnkathy.com/2017/01/01/our-adventure-to-quartzsite/index1ba8.html]
[secure.gravatar.com/avatar/e7ecfec92c623238bfd02a754bcc52b5b6403b2559308c5d83705b0ee568e656a8ba.png]
[herbnkathy.com/2017/01/01/our-adventure-to-quartzsite/index.html]
[herbnkathy.com/tag/bicycles/index.html]
[herbnkathy.com/wp-json/wp/v2/tags/554707835.json]
[herbnkathy.com/2017/01/01/our-adventure-to-quartzsite/index6126.html]
[herbnkathy.com/2017/01/01/our-adventure-to-quartzsite/indexd44c.html]
[herbnkathy.com/tag/bicycles/feed/index.html]
[herbnkathy.com/tag/big-tent/index.html]
[herbnkathy.com/tag/big-tent/feed/index.html]
[herbnkathy.com/wp-json/wp/v2/tags/554707244.json]
[herbnkathy.com/tag/bike/index.html]
[herbnkathy.com/wp-json/wp/v2/tags/554707783.json]
[herbnkathy.com/tag/bike/feed/index.html]
[herbnkathy.com/tag/q/index.html]
[herbnkathy.com/tag/q/feed/index.html]
[herbnkathy.com/wp-json/wp/v2/tags/554707667.json]
[herbnkathy.com/tag/spice-rack/index.html]
[herbnkathy.com/tag/spice-rack/feed/index.html]
[herbnkathy.com/wp-json/wp/v2/tags/554707833.json]
[herbnkathy.com/tag/storage-shed/index.html]
[herbnkathy.com/wp-json/wp/v2/tags/554707834.json]
[herbnkathy.com/tag/storage-shed/feed/index.html]
[herbnkathy.com/wp-json/oembed/1.0/embed9b9c.json]
[herbnkathy.com/2017/12/12/interior-remodel-of-our-airstream-motorhome/feed/index.html]
[herbnkathy.com/wp-json/oembed/1.0/embed4efa]
[herbnkathy.com/2017/12/12/interior-remodel-of-our-airstream-motorhome/index.html]
[herbnkathy.com/wp-json/wp/v2/posts/4452.json]
[herbnkathy.com/tag/curtain/index.html]
[herbnkathy.com/wp-json/wp/v2/tags/554707505.json]
[herbnkathy.com/tag/curtain/feed/index.html]
[herbnkathy.com/2017/12/12/interior-remodel-of-our-airstream-motorhome/index7e81.html]
[herbnkathy.com/2017/12/12/interior-remodel-of-our-airstream-motorhome/indexa764.html]
[herbnkathy.com/tag/diesel-pusher/index.html]
[herbnkathy.com/wp-json/wp/v2/tags/554707507.json]
[herbnkathy.com/tag/diesel-pusher/feed/index.html]
[herbnkathy.com/tag/fabric/index.html]
[herbnkathy.com/wp-json/wp/v2/tags/554707509.json]
[herbnkathy.com/tag/fabric/feed/index.html]
[herbnkathy.com/tag/flooring/index.html]
[herbnkathy.com/wp-json/wp/v2/tags/554707506.json]
[herbnkathy.com/tag/flooring/feed/index.html]
[herbnkathy.com/wp-content/uploads/2016/04/2016-04-09-15-15-28ee14.jpg]
[herbnkathy.com/tag/lights/index.html]
[herbnkathy.com/wp-json/wp/v2/tags/837.json]
[herbnkathy.com/tag/lights/feed/index.html]
[herbnkathy.com/2016/04/09/those-pesky-little-things-and-big-fingers/index.html]
[herbnkathy.com/tag/remodel/index.html]
[herbnkathy.com/wp-json/wp/v2/tags/554707503.json]
[herbnkathy.com/tag/connector/index.html]
[herbnkathy.com/tag/lost/index.html]
[herbnkathy.com/tag/screw/index.html]
[herbnkathy.com/tag/remodel/feed/index.html]
[herbnkathy.com/tag/windows/feed/index.html]
[herbnkathy.com/tag/windows/index.html]
[herbnkathy.com/indexc0f4.html]
[herbnkathy.com/wp-json/wp/v2/tags/554707504.json]
[herbnkathy.com/tag/campfire/feed/index.html]
[herbnkathy.com/tag/campfire/index.html]
[herbnkathy.com/wp-json/wp/v2/tags/554708159.json]
[herbnkathy.com/tag/mackinac/index.html]
[herbnkathy.com/tag/mackinac/feed/index.html]
[herbnkathy.com/wp-json/wp/v2/tags/554708161.json]
[herbnkathy.com/wp-json/oembed/1.0/embed5f50.json]
[herbnkathy.com/2022/12/18/now-its-her-turn/feed/index.html]
[herbnkathy.com/wp-json/oembed/1.0/embed98db]
[herbnkathy.com/wp-json/wp/v2/posts/8596.json]
[secure.gravatar.com/avatar/c36b82353676918547aab74eeb879731a08bd8e0895b8361a7273a0241ee1cf8a8ba.png]
[herbnkathy.com/2022/12/18/now-its-her-turn/index.html]
[herbnkathy.com/wp-json/wp/v2/tags/554707449.json]
[herbnkathy.com/2022/12/18/now-its-her-turn/indexce6f.html]
[herbnkathy.com/2022/12/18/now-its-her-turn/index3492.html]
[herbnkathy.com/2022/12/18/now-its-her-turn/index6b9b.html]
[herbnkathy.com/2022/12/18/now-its-her-turn/indexa664.html]
[herbnkathy.com/tag/doctor/feed/index.html]
[herbnkathy.com/wp-content/uploads/2017/09/yourefired.jpg]
[herbnkathy.com/2017/09/06/what-we-do-about-health-care/index.html]
[herbnkathy.com/wp-content/uploads/2017/09/what-is-cancer.jpg]
[herbnkathy.com/wp-content/uploads/2017/09/what-is-cancer-300x241.jpg]
[herbnkathy.com/wp-content/uploads/2017/09/CMH-Comparison-Chart.jpg]
[herbnkathy.com/wp-content/uploads/2017/09/CMH-Comparison-Chart-300x228.jpg]
[herbnkathy.com/wp-content/uploads/2017/09/2017-07-21-07.39.55.jpg]
[herbnkathy.com/wp-content/uploads/2017/09/2017-07-21-07.39.55-1024x576.jpg]
[herbnkathy.com/wp-content/uploads/2017/09/2017-07-21-07.41.36.jpg]
[herbnkathy.com/wp-content/uploads/2017/09/2017-07-21-07.41.36-1024x576.jpg]
[herbnkathy.com/wp-content/uploads/2017/09/2017-07-21-08.03.52.jpg]
[herbnkathy.com/wp-content/uploads/2017/09/2017-07-21-08.03.52-1024x576.jpg]
[herbnkathy.com/wp-content/uploads/2017/09/2017-07-21-08.15.43.jpg]
[herbnkathy.com/wp-content/uploads/2017/09/2017-07-21-08.15.43-1024x576.jpg]
[herbnkathy.com/wp-content/uploads/2017/09/DrugCosts.jpg]
[herbnkathy.com/wp-content/uploads/2017/09/DrugCosts-300x235.jpg]
[herbnkathy.com/wp-content/uploads/2017/09/2017-09-01-13.49.18.jpg]
[herbnkathy.com/wp-content/uploads/2017/09/2017-09-01-13.49.18-300x169.jpg]
[herbnkathy.com/wp-content/uploads/2017/09/Medical-Costs.jpg]
[herbnkathy.com/tag/doctor/index.html]
[herbnkathy.com/tag/gluteus-medius/index.html]
[herbnkathy.com/wp-json/wp/v2/tags/554708156.json]
[herbnkathy.com/tag/cost/index.html]
[herbnkathy.com/tag/cancer/index.html]
[herbnkathy.com/tag/insurance/index.html]
[herbnkathy.com/tag/medical-cost-sharing/index.html]
[herbnkathy.com/tag/prescription/index.html]
[herbnkathy.com/tag/health/feed/index.html]
[herbnkathy.com/tag/gluteus-medius/feed/index.html]
[herbnkathy.com/tag/health/index.html]
[herbnkathy.com/wp-json/wp/v2/tags/554707448.json]
[herbnkathy.com/tag/medical/index.html]
[herbnkathy.com/tag/medical/feed/index.html]
[herbnkathy.com/wp-json/wp/v2/tags/554707446.json]
[herbnkathy.com/tag/recovery/index.html]
[herbnkathy.com/wp-json/wp/v2/tags/554708157.json]
[herbnkathy.com/tag/recovery/feed/index.html]
[herbnkathy.com/tag/repair/index.html]
[herbnkathy.com/tag/repair/feed/index.html]
[herbnkathy.com/wp-json/wp/v2/tags/554707694.json]
[herbnkathy.com/tag/rotator/feed/index.html]
[herbnkathy.com/tag/rotator/index.html]
[herbnkathy.com/wp-json/wp/v2/tags/554708155.json]
[herbnkathy.com/wp-json/oembed/1.0/embed731e.json]
[herbnkathy.com/wp-json/oembed/1.0/embeda15d]
[herbnkathy.com/2021/12/16/merry-christmas-and-happy-new-year-greetings-from-herb-and-kathy/feed/index.html]
[herbnkathy.com/2021/12/16/merry-christmas-and-happy-new-year-greetings-from-herb-and-kathy/index.html]
[herbnkathy.com/wp-json/wp/v2/posts/8291.json]
[herbnkathy.com/tag/christmas/index.html]
[herbnkathy.com/tag/christmas/feed/index.html]
[herbnkathy.com/wp-json/wp/v2/tags/15607.json]
[herbnkathy.com/tag/greetings/index.html]
[herbnkathy.com/wp-json/wp/v2/tags/554707812.json]
[herbnkathy.com/tag/happy/index.html]
[herbnkathy.com/2017/12/23/merry-christmas/index.html]
[herbnkathy.com/tag/greetings/feed/index.html]
[herbnkathy.com/tag/holidays/index.html]
[herbnkathy.com/tag/wishes/index.html]
[herbnkathy.com/tag/holiday/index.html]
[herbnkathy.com/wp-json/wp/v2/tags/554708120.json]
[herbnkathy.com/tag/holiday/feed/index.html]
[herbnkathy.com/tag/love/index.html]
[herbnkathy.com/wp-json/wp/v2/tags/554707779.json]
[herbnkathy.com/tag/love/feed/index.html]
[herbnkathy.com/tag/new-year/index.html]
[herbnkathy.com/category/family/page/2/index.html]
[herbnkathy.com/tag/new-year/feed/index.html]
[herbnkathy.com/wp-json/wp/v2/tags/554707514.json]
[herbnkathy.com/tag/american-flyer/index.html]
[herbnkathy.com/tag/childhood/index.html]
[herbnkathy.com/2021/01/06/remember-when/index.html]
[herbnkathy.com/tag/erector-set/index.html]
[herbnkathy.com/wp-json/oembed/1.0/embed6720.json]
[herbnkathy.com/tag/rvtravel/index.html]
[herbnkathy.com/tag/toys/index.html]
[herbnkathy.com/wp-json/oembed/1.0/embed085f]
[herbnkathy.com/category/family/page/3/index.html]
[herbnkathy.com/tag/woodbury/index.html]
[herbnkathy.com/2021/12/31/christmas-in-mexico/index.html]
[herbnkathy.com/wp-json/wp/v2/posts/8298.json]
[herbnkathy.com/2021/12/31/christmas-in-mexico/feed/index.html]
[herbnkathy.com/2021/12/31/christmas-in-mexico/index4c9b.html]
[herbnkathy.com/2021/12/31/christmas-in-mexico/index9020.html]
[herbnkathy.com/2021/12/31/christmas-in-mexico/index5547.html]
[herbnkathy.com/tag/bahia-de-kino/index.html]
[herbnkathy.com/tag/bahia-de-kino/feed/index.html]
[herbnkathy.com/wp-json/wp/v2/tags/554708132.json]
[herbnkathy.com/2021/12/31/christmas-in-mexico/index54d7.html]
[herbnkathy.com/tag/eat/feed/index.html]
[herbnkathy.com/tag/eat/index.html]
[herbnkathy.com/wp-json/wp/v2/tags/554708135.json]
[herbnkathy.com/tag/kino-bay/index.html]
[herbnkathy.com/tag/kino-bay/feed/index.html]
[herbnkathy.com/wp-json/wp/v2/tags/554708131.json]
[herbnkathy.com/tag/pesos/index.html]
[herbnkathy.com/wp-json/wp/v2/tags/554708134.json]
[herbnkathy.com/tag/pesos/feed/index.html]
[herbnkathy.com/tag/restaurant/index.html]
[herbnkathy.com/tag/restaurant/feed/index.html]
[herbnkathy.com/wp-json/wp/v2/tags/554707367.json]
[herbnkathy.com/tag/roads/feed/index.html]
[herbnkathy.com/tag/roads/index.html]
[herbnkathy.com/wp-json/wp/v2/tags/554708136.json]
[herbnkathy.com/tag/san-carlos/index.html]
[herbnkathy.com/wp-json/wp/v2/tags/554708130.json]
[herbnkathy.com/tag/san-carlos/feed/index.html]
[herbnkathy.com/tag/toll-roads/index.html]
[herbnkathy.com/tag/toll-roads/feed/index.html]
[herbnkathy.com/wp-json/wp/v2/tags/554708138.json]
[herbnkathy.com/tag/tolls/index.html]
[herbnkathy.com/category/friends/page/2/index.html]
[herbnkathy.com/tag/tolls/feed/index.html]
[herbnkathy.com/category/traveling/page/2/index.html]
[herbnkathy.com/wp-json/wp/v2/tags/554708137.json]
[herbnkathy.com/category/friends/page/3/index.html]
[herbnkathy.com/category/traveling/page/3/index.html]
[herbnkathy.com/wp-json/oembed/1.0/embedd967.json]
[herbnkathy.com/2017/06/18/rc-jets-so-cool/feed/index.html]
[herbnkathy.com/wp-json/oembed/1.0/embed9498]
[herbnkathy.com/2017/06/18/rc-jets-so-cool/index.html]
[herbnkathy.com/wp-json/wp/v2/posts/3812.json]
[herbnkathy.com/tag/flyers/index.html]
[herbnkathy.com/wp-json/wp/v2/tags/554707399.json]
[herbnkathy.com/2017/06/18/honoring-our-veterans-at-the-park/index.html]
[herbnkathy.com/tag/flyers/feed/index.html]
[herbnkathy.com/tag/jets/index.html]
[herbnkathy.com/wp-json/wp/v2/tags/554707397.json]
[herbnkathy.com/tag/jets/feed/index.html]
[herbnkathy.com/tag/lake-county/index.html]
[herbnkathy.com/wp-json/wp/v2/tags/554707400.json]
[herbnkathy.com/tag/lake-county/feed/index.html]
[herbnkathy.com/wp-json/oembed/1.0/embed8197.json]
[herbnkathy.com/2021/10/31/winslow-meteor-crater-az/feed/index.html]
[herbnkathy.com/wp-json/oembed/1.0/embeda627]
[herbnkathy.com/2021/10/31/winslow-meteor-crater-az/index.html]
[herbnkathy.com/wp-json/wp/v2/posts/8167.json]
[herbnkathy.com/tag/chinese/index.html]
[herbnkathy.com/tag/chinese/feed/index.html]
[herbnkathy.com/wp-json/wp/v2/tags/554708108.json]
[herbnkathy.com/tag/final-leg/index.html]
[herbnkathy.com/tag/final-leg/feed/index.html]
[herbnkathy.com/wp-json/wp/v2/tags/554708111.json]
[herbnkathy.com/tag/halloween/feed/index.html]
[herbnkathy.com/tag/halloween/index.html]
[herbnkathy.com/wp-json/wp/v2/tags/554708106.json]
[herbnkathy.com/tag/hotel/index.html]
[herbnkathy.com/tag/hotel/feed/index.html]
[herbnkathy.com/wp-json/wp/v2/tags/554708110.json]
[herbnkathy.com/tag/la-posada/index.html]
[herbnkathy.com/tag/la-posada/feed/index.html]
[herbnkathy.com/wp-json/wp/v2/tags/554708109.json]
[herbnkathy.com/tag/standin-on-the-corner/index.html]
[herbnkathy.com/tag/standin-on-the-corner/feed/index.html]
[herbnkathy.com/wp-json/wp/v2/tags/554708105.json]
[herbnkathy.com/tag/trip-west/feed/index.html]
[herbnkathy.com/tag/trip-west/index.html]
[herbnkathy.com/wp-json/wp/v2/tags/554708112.json]
[herbnkathy.com/tag/water-heater/index.html]
[herbnkathy.com/wp-json/wp/v2/tags/554708107.json]
[herbnkathy.com/tag/water-heater/feed/index.html]
[herbnkathy.com/wp-json/oembed/1.0/embed46d1.json]
[herbnkathy.com/2019/07/28/is-it-the-places-or-the-people/feed/index.html]
[herbnkathy.com/wp-json/oembed/1.0/embed4d73]
[herbnkathy.com/wp-json/wp/v2/posts/6070.json]
[herbnkathy.com/wp-content/uploads/2019/06/20190612_183912-2000x1125.jpg]
[secure.gravatar.com/avatar/1f6dab129e17a16805deebc29fff17ec67f4bbc3ea48a4984d8e021b6a516da6a8ba.png]
[secure.gravatar.com/avatar/351b771576763174f3953db31be358dbc6f80ae122832b660f517991cd367aa4a8ba.png]
[herbnkathy.com/2019/07/28/is-it-the-places-or-the-people/index.html]
[herbnkathy.com/2019/07/28/is-it-the-places-or-the-people/index216e.html]
[herbnkathy.com/wp-json/oembed/1.0/embed4aa6.json]
[herbnkathy.com/2019/07/28/is-it-the-places-or-the-people/index8e8d.html]
[herbnkathy.com/2019/07/28/is-it-the-places-or-the-people/index547b.html]
[herbnkathy.com/wp-json/oembed/1.0/embedeb9a]
[herbnkathy.com/2019/07/28/is-it-the-places-or-the-people/indexc62c.html]
[herbnkathy.com/2019/07/28/is-it-the-places-or-the-people/index9731.html]
[herbnkathy.com/2019/07/28/is-it-the-places-or-the-people/index3e86.html]
[herbnkathy.com/2019/07/28/is-it-the-places-or-the-people/indexbb17.html]
[herbnkathy.com/2016/12/08/speaking-of-workamping/index.html]
[herbnkathy.com/wp-json/wp/v2/posts/2419.json]
[herbnkathy.com/2019/07/28/is-it-the-places-or-the-people/index38f1.html]
[herbnkathy.com/2019/07/28/is-it-the-places-or-the-people/index0695.html]
[herbnkathy.com/2019/07/28/is-it-the-places-or-the-people/index4138.html]
[herbnkathy.com/2019/07/28/is-it-the-places-or-the-people/index9b41.html]
[herbnkathy.com/tag/friendships/index.html]
[herbnkathy.com/wp-json/wp/v2/tags/554707782.json]
[herbnkathy.com/2019/07/28/is-it-the-places-or-the-people/index5c7b.html]
[herbnkathy.com/2019/07/28/is-it-the-places-or-the-people/index5832.html]
[herbnkathy.com/2016/12/08/speaking-of-workamping/feed/index.html]
[herbnkathy.com/tag/relationships/index.html]
[herbnkathy.com/wp-json/wp/v2/tags/554707781.json]
[herbnkathy.com/tag/friendships/feed/index.html]
[herbnkathy.com/tag/respect/index.html]
[herbnkathy.com/wp-json/wp/v2/tags/554707780.json]
[herbnkathy.com/2016/12/11/our-trip-to-the-border/index.html]
[herbnkathy.com/tag/respect/feed/index.html]
[herbnkathy.com/tag/relationships/feed/index.html]
[herbnkathy.com/tag/working/index.html]
[herbnkathy.com/tag/working/feed/index.html]
[herbnkathy.com/wp-json/wp/v2/tags/554707233.json]
[herbnkathy.com/wp-json/oembed/1.0/embedb77f.json]
[herbnkathy.com/wp-json/oembed/1.0/embedd3e3]
[herbnkathy.com/2019/04/28/the-landscape-keeps-changing/feed/index.html]
[herbnkathy.com/wp-json/wp/v2/posts/5620.json]
[secure.gravatar.com/avatar/6591aae828fbffa1418064de48cbe00fedc3a15f8740c1b44b3b4b9e080c4786a8ba.png]
[secure.gravatar.com/avatar/3bb7ab1b078d69cadf754f8f11f57ae31e6f551ec2a58cc7a4acb600330f9060a8ba.png]
[herbnkathy.com/2019/04/28/the-landscape-keeps-changing/index.html]
[herbnkathy.com/2019/05/02/rodeo-pool-cues-really/index.html]
[herbnkathy.com/2019/04/28/the-landscape-keeps-changing/index1ee2.html]
[herbnkathy.com/2019/04/28/the-landscape-keeps-changing/index055f.html]
[herbnkathy.com/2019/04/28/the-landscape-keeps-changing/indexc299.html]
[herbnkathy.com/2019/04/28/the-landscape-keeps-changing/indexb5e4.html]
[herbnkathy.com/2019/04/28/the-landscape-keeps-changing/indexa406.html]
[herbnkathy.com/2019/04/28/the-landscape-keeps-changing/index63d8.html]
[herbnkathy.com/2019/04/28/the-landscape-keeps-changing/indexdcd9.html]
[herbnkathy.com/tag/bryce/feed/index.html]
[herbnkathy.com/tag/bryce/index.html]
[herbnkathy.com/wp-json/wp/v2/tags/554707726.json]
[herbnkathy.com/tag/dam/index.html]
[herbnkathy.com/tag/dam/feed/index.html]
[herbnkathy.com/wp-json/wp/v2/tags/554707266.json]
[herbnkathy.com/tag/grand-staircase/index.html]
[herbnkathy.com/wp-json/wp/v2/tags/554707728.json]
[herbnkathy.com/tag/hoover-dam/index.html]
[herbnkathy.com/tag/grand-staircase/feed/index.html]
[herbnkathy.com/wp-json/wp/v2/tags/554707722.json]
[herbnkathy.com/tag/hoover-dam/feed/index.html]
[herbnkathy.com/tag/hydroelectric/index.html]
[herbnkathy.com/tag/hydroelectric/feed/index.html]
[herbnkathy.com/wp-json/wp/v2/tags/554707724.json]
[herbnkathy.com/tag/lake-mead/index.html]
[herbnkathy.com/tag/lake-mead/feed/index.html]
[herbnkathy.com/wp-json/wp/v2/tags/554707723.json]
[herbnkathy.com/tag/nevada/index.html]
[herbnkathy.com/tag/nevada/feed/index.html]
[herbnkathy.com/wp-json/wp/v2/tags/554707699.json]
[herbnkathy.com/tag/spillway/feed/index.html]
[herbnkathy.com/tag/spillway/index.html]
[herbnkathy.com/wp-json/wp/v2/tags/554707725.json]
[herbnkathy.com/tag/zion/index.html]
[herbnkathy.com/wp-json/wp/v2/tags/554707727.json]
[herbnkathy.com/tag/zion/feed/index.html]
[herbnkathy.com/wp-json/oembed/1.0/embed6b5c.json]
[herbnkathy.com/2019/03/23/great-time-at-escapade-19/feed/index.html]
[herbnkathy.com/wp-json/oembed/1.0/embed5436]
[herbnkathy.com/2019/03/23/great-time-at-escapade-19/index.html]
[herbnkathy.com/wp-json/wp/v2/posts/5560.json]
[herbnkathy.com/tag/pima/index.html]
[herbnkathy.com/wp-json/wp/v2/tags/554707702.json]
[herbnkathy.com/2019/03/23/great-time-at-escapade-19/index5a95.html]
[herbnkathy.com/2019/03/23/great-time-at-escapade-19/indexcb78.html]
[herbnkathy.com/tag/pima/feed/index.html]
[herbnkathy.com/tag/rally/index.html]
[herbnkathy.com/tag/rally/feed/index.html]
[herbnkathy.com/wp-json/wp/v2/tags/554707703.json]
[herbnkathy.com/tag/rv-dealers/index.html]
[herbnkathy.com/tag/rv-dealers/feed/index.html]
[herbnkathy.com/wp-json/wp/v2/tags/554707705.json]
[herbnkathy.com/tag/travel/index.html]
[herbnkathy.com/tag/travel/feed/index.html]
[herbnkathy.com/wp-json/wp/v2/tags/554707697.json]
[herbnkathy.com/wp-content/uploads/2017/03/2017-03-06-19.26.52e6f8.mp4]
[herbnkathy.com/wp-content/uploads/2017/03/2017-03-06-18.37.234640.mp4]
[herbnkathy.com/tag/arizona/page/2/index.html]
[herbnkathy.com/tag/arizona/page/3/index.html]
[herbnkathy.com/wp-json/oembed/1.0/embed3edf.json]
[herbnkathy.com/2018/09/11/where-were-headed-next/feed/index.html]
[herbnkathy.com/wp-json/oembed/1.0/embeda6e6]
[herbnkathy.com/wp-json/wp/v2/posts/4969.json]
[secure.gravatar.com/avatar/b61d3d226f29838b62f2906230a2246a5f89c20b0825aab682d0448c84d20e21a8ba.png]
[herbnkathy.com/2018/09/11/where-were-headed-next/index.html]
[herbnkathy.com/2018/09/14/so-what-day-is-it/index.html]
[herbnkathy.com/wp-json/wp/v2/tags/94629.json]
[herbnkathy.com/wp-content/uploads/2016/09/2016-09-11-17-45-15.jpg]
[herbnkathy.com/2018/09/11/where-were-headed-next/index87d0.html]
[herbnkathy.com/2018/09/11/where-were-headed-next/indexaefa.html]
[herbnkathy.com/wp-content/uploads/2016/09/2016-09-12-15-14-12.jpg]
[herbnkathy.com/2018/09/11/where-were-headed-next/indexb328.html]
[herbnkathy.com/tag/albuquerque/feed/index.html]
[herbnkathy.com/wp-content/uploads/2016/09/2016-09-12-15-14-12-150x150.jpg]
[herbnkathy.com/wp-content/uploads/2016/09/2016-09-12-15-15-53.jpg]
[herbnkathy.com/2016/09/15/look-kath-we-can-see-the-whole-thing/index.html]
[herbnkathy.com/wp-content/uploads/2016/09/2016-09-12-15-15-53-150x150.jpg]
[herbnkathy.com/wp-content/uploads/2016/09/2016-09-12-15-16-11.jpg]
[herbnkathy.com/wp-content/uploads/2016/09/2016-09-12-15-16-11-150x150.jpg]
[herbnkathy.com/wp-content/uploads/2016/09/2016-09-12-15-18-56.jpg]
[herbnkathy.com/wp-content/uploads/2016/09/2016-09-12-15-18-56-150x150.jpg]
[herbnkathy.com/tag/albuquerque/index.html]
[herbnkathy.com/tag/el-rancho/index.html]
[herbnkathy.com/wp-json/wp/v2/tags/554707595.json]
[herbnkathy.com/tag/balloon-fiesta/index.html]
[herbnkathy.com/tag/balloon-fiesta/feed/index.html]
[herbnkathy.com/tag/gallup/index.html]
[herbnkathy.com/tag/rainbow/index.html]
[herbnkathy.com/tag/boomerville/index.html]
[herbnkathy.com/tag/boomerville/feed/index.html]
[herbnkathy.com/wp-json/wp/v2/tags/554707602.json]
[herbnkathy.com/tag/brownwood/index.html]
[herbnkathy.com/wp-json/wp/v2/tags/554707598.json]
[herbnkathy.com/tag/brownwood/feed/index.html]
[herbnkathy.com/tag/cracker-barrel/index.html]
[herbnkathy.com/wp-json/wp/v2/tags/554707600.json]
[herbnkathy.com/tag/cracker-barrel/feed/index.html]
[herbnkathy.com/tag/entv/index.html]
[herbnkathy.com/wp-json/wp/v2/tags/554707596.json]
[herbnkathy.com/tag/entv/feed/index.html]
[herbnkathy.com/wp-json/wp/v2/tags/554707319.json]
[herbnkathy.com/tag/new-mexico/feed/index.html]
[herbnkathy.com/wp-content/uploads/2017/03/2017-03-13-19.18.43.jpg]
[herbnkathy.com/wp-content/uploads/2017/03/2017-03-13-19.18.43-300x169.jpg]
[herbnkathy.com/wp-content/uploads/2017/03/2017-03-14-06.43.43.jpg]
[herbnkathy.com/wp-content/uploads/2017/03/2017-03-14-06.43.43-1024x576.jpg]
[herbnkathy.com/wp-content/uploads/2017/03/2017-03-14-06.43.33.jpg]
[herbnkathy.com/wp-content/uploads/2017/03/2017-03-14-06.43.33-1024x576.jpg]
[herbnkathy.com/wp-content/uploads/2017/03/2017-03-14-06.42.51.jpg]
[herbnkathy.com/wp-content/uploads/2017/03/2017-03-14-06.42.51-1024x576.jpg]
[herbnkathy.com/tag/new-mexico/index.html]
[herbnkathy.com/tag/lakewood/index.html]
[herbnkathy.com/tag/nomads/index.html]
[herbnkathy.com/tag/nomads/feed/index.html]
[herbnkathy.com/wp-json/wp/v2/tags/554707551.json]
[herbnkathy.com/tag/quartzite/index.html]
[herbnkathy.com/tag/quartzite/feed/index.html]
[herbnkathy.com/wp-json/wp/v2/tags/445178.json]
[herbnkathy.com/tag/rovers-roost/feed/index.html]
[herbnkathy.com/tag/rovers-roost/index.html]
[herbnkathy.com/wp-json/wp/v2/tags/554707601.json]
[herbnkathy.com/tag/texas-air/index.html]
[herbnkathy.com/wp-json/wp/v2/tags/554707599.json]
[herbnkathy.com/tag/texas-air/feed/index.html]
[herbnkathy.com/tag/thanksgiving/index.html]
[herbnkathy.com/tag/thanksgiving/feed/index.html]
[herbnkathy.com/wp-json/wp/v2/tags/554707490.json]
[herbnkathy.com/tag/wellington/index.html]
[herbnkathy.com/wp-json/wp/v2/tags/554707597.json]
[herbnkathy.com/tag/wellington/feed/index.html]
[herbnkathy.com/wp-json/oembed/1.0/embedc5c7.json]
[herbnkathy.com/wp-json/oembed/1.0/embed9e21]
[herbnkathy.com/2018/08/31/workampers-needed-in-nw-michigan/feed/index.html]
[herbnkathy.com/wp-json/wp/v2/posts/4960.json]
[secure.gravatar.com/avatar/cfffbe534e85d3c03cbc24bd535573b6a69196f06eaa9507c7ca3389fba7c562a8ba.png]
[herbnkathy.com/2018/08/31/workampers-needed-in-nw-michigan/index.html]
[herbnkathy.com/wp-content/uploads/2018/08/2018-06-12-13.15.50.jpg]
[herbnkathy.com/2018/08/31/workampers-needed-in-nw-michigan/index327a.html]
[herbnkathy.com/2018/08/17/our-visit-to-the-gerald-r-ford-presidential-museum/index.html]
[herbnkathy.com/wp-content/uploads/2018/08/2018-06-12-13.15.50-300x169.jpg]
[herbnkathy.com/wp-content/uploads/2018/08/2018-06-12-13.14.18.jpg]
[herbnkathy.com/wp-content/uploads/2018/08/2018-06-12-15.02.16.jpg]
[herbnkathy.com/wp-content/uploads/2018/08/2018-06-12-13.15.00.jpg]
[herbnkathy.com/wp-content/uploads/2018/08/2018-06-12-13.15.00-1024x576.jpg]
[herbnkathy.com/wp-content/uploads/2018/08/2018-06-12-13.45.16.jpg]
[herbnkathy.com/wp-content/uploads/2018/08/2018-06-12-13.45.16-1024x576.jpg]
[herbnkathy.com/wp-content/uploads/2018/08/2018-06-12-13.59.46.jpg]
[herbnkathy.com/wp-content/uploads/2018/08/2018-06-12-13.59.46-1024x576.jpg]
[herbnkathy.com/wp-content/uploads/2018/08/2018-06-12-14.00.00.jpg]
[herbnkathy.com/wp-content/uploads/2018/08/2018-06-12-14.00.00-1024x576.jpg]
[herbnkathy.com/wp-content/uploads/2018/08/2018-06-12-14.26.32.jpg]
[herbnkathy.com/wp-content/uploads/2018/08/2018-06-12-14.26.32-1024x576.jpg]
[herbnkathy.com/wp-content/uploads/2018/08/2018-06-12-14.46.03.jpg]
[herbnkathy.com/wp-content/uploads/2018/08/2018-06-12-14.46.03-1024x576.jpg]
[herbnkathy.com/wp-content/uploads/2018/08/2018-06-12-14.51.11.jpg]
[herbnkathy.com/wp-content/uploads/2018/08/2018-06-12-14.51.11-1024x576.jpg]
[herbnkathy.com/wp-content/uploads/2018/08/2018-06-12-14.54.44.jpg]
[herbnkathy.com/wp-content/uploads/2018/08/2018-06-12-14.54.44-1024x576.jpg]
[herbnkathy.com/wp-content/uploads/2018/08/2018-06-12-15.03.20.jpg]
[herbnkathy.com/wp-content/uploads/2018/08/2018-06-12-15.03.20-1024x576.jpg]
[herbnkathy.com/wp-content/uploads/2018/08/2018-06-12-15.04.11.jpg]
[herbnkathy.com/wp-content/uploads/2018/08/2018-06-12-15.04.11-1024x576.jpg]
[herbnkathy.com/tag/michigan/page/2/index.html]
[herbnkathy.com/tag/burial-site/index.html]
[herbnkathy.com/tag/betty-ford/index.html]
[herbnkathy.com/wp-json/oembed/1.0/embedd0ae.json]
[herbnkathy.com/tag/congress/index.html]
[herbnkathy.com/tag/gerald-r-ford/index.html]
[herbnkathy.com/tag/grand-rapids/index.html]
[herbnkathy.com/tag/michigan/page/3/index.html]
[herbnkathy.com/tag/presidency/index.html]
[herbnkathy.com/tag/united-states/index.html]
[herbnkathy.com/wp-json/oembed/1.0/embedb1b9]
[herbnkathy.com/2021/08/30/our-trek-west-installment-one/feed/index.html]
[herbnkathy.com/2021/08/30/our-trek-west-installment-one/index.html]
[herbnkathy.com/wp-json/wp/v2/posts/7709.json]
[herbnkathy.com/tag/betsy/index.html]
[herbnkathy.com/wp-json/wp/v2/tags/554707977.json]
[herbnkathy.com/tag/betsy/feed/index.html]
[herbnkathy.com/tag/marilynn/index.html]
[herbnkathy.com/wp-json/wp/v2/tags/554707978.json]
[herbnkathy.com/tag/marilynn/feed/index.html]
[herbnkathy.com/tag/romeo/index.html]
[herbnkathy.com/wp-json/wp/v2/tags/554707980.json]
[herbnkathy.com/tag/romeo/feed/index.html]
[herbnkathy.com/tag/shiawassee/index.html]
[herbnkathy.com/wp-json/wp/v2/tags/554707979.json]
[herbnkathy.com/tag/shiawassee/feed/index.html]
[herbnkathy.com/wp-content/uploads/2017/01/dudeist-certificate-herb.jpg]
[herbnkathy.com/tag/wedding/index.html]
[herbnkathy.com/wp-json/wp/v2/tags/1674.json]
[herbnkathy.com/tag/wedding/feed/index.html]
[herbnkathy.com/2017/01/09/im-a-dudeist-priest/index.html]
[herbnkathy.com/tag/west/index.html]
[herbnkathy.com/wp-json/wp/v2/tags/554707981.json]
[herbnkathy.com/indexfea6.html]
[herbnkathy.com/tag/ceremony/index.html]
[herbnkathy.com/2024/04/12/changes-continue/indexf61e.html]
[herbnkathy.com/2024/04/12/changes-continue/index8897.html]
[herbnkathy.com/2024/04/12/changes-continue/index5ec8.html]
[herbnkathy.com/2024/04/12/changes-continue/index6870.html]
[herbnkathy.com/tag/dudeist/index.html]
[herbnkathy.com/tag/funeral/index.html]
[herbnkathy.com/tag/priest/index.html]
[herbnkathy.com/tag/west/feed/index.html]
[herbnkathy.com/wp-json/oembed/1.0/embed0c22.json]
[herbnkathy.com/wp-json/oembed/1.0/embedbd3b]
[herbnkathy.com/2021/07/09/motorhome-dead/feed/index.html]
[herbnkathy.com/wp-json/wp/v2/posts/7648.json]
[secure.gravatar.com/avatar/d63aeb9dcca1e55ecc32b48a976a29c9218ee0c3ee58f363af6d43269d449cc9a8ba.png]
[secure.gravatar.com/avatar/40e0626cb08001b91c63c308877ac6628d38acfad3ac9222589ae2bcca42183ca8ba.png]
[herbnkathy.com/2021/07/09/motorhome-dead/index.html]
[herbnkathy.com/2021/07/09/motorhome-dead/index019a.html]
[herbnkathy.com/2021/07/09/motorhome-dead/index5d30.html]
[herbnkathy.com/2021/07/09/motorhome-dead/indexdc80.html]
[herbnkathy.com/2021/07/09/motorhome-dead/indexffe1.html]
[herbnkathy.com/2021/07/09/motorhome-dead/index3a51.html]
[herbnkathy.com/tag/battery/index.html]
[herbnkathy.com/2021/07/09/motorhome-dead/indexd622.html]
[herbnkathy.com/wp-json/wp/v2/tags/554707966.json]
[herbnkathy.com/tag/battery/feed/index.html]
[herbnkathy.com/tag/clarke/feed/index.html]
[herbnkathy.com/tag/clarke/index.html]
[herbnkathy.com/wp-json/wp/v2/tags/554707965.json]
[herbnkathy.com/tag/connection/feed/index.html]
[herbnkathy.com/tag/connection/index.html]
[herbnkathy.com/wp-json/wp/v2/tags/554707969.json]
[herbnkathy.com/tag/corroded/index.html]
[herbnkathy.com/wp-json/wp/v2/tags/554707970.json]
[herbnkathy.com/tag/georgetown/index.html]
[herbnkathy.com/wp-json/wp/v2/tags/554707963.json]
[herbnkathy.com/tag/corroded/feed/index.html]
[herbnkathy.com/tag/georgetown/feed/index.html]
[herbnkathy.com/tag/lexington/index.html]
[herbnkathy.com/wp-json/wp/v2/tags/554707964.json]
[herbnkathy.com/tag/lexington/feed/index.html]
[herbnkathy.com/tag/loose/feed/index.html]
[herbnkathy.com/tag/loose/index.html]
[herbnkathy.com/wp-json/wp/v2/tags/554707968.json]
[herbnkathy.com/tag/wire/index.html]
[herbnkathy.com/wp-json/wp/v2/tags/554707967.json]
[herbnkathy.com/tag/wire/feed/index.html]
[herbnkathy.com/wp-json/oembed/1.0/embed233f.json]
[herbnkathy.com/wp-json/oembed/1.0/embed81e5]
[herbnkathy.com/2020/11/15/sharing-some-news-from-mexico/feed/index.html]
[herbnkathy.com/2020/11/15/sharing-some-news-from-mexico/index.html]
[herbnkathy.com/index4891.html]
[herbnkathy.com/wp-json/wp/v2/posts/7300.json]
[herbnkathy.com/search/mexico/feed/rss2/index.html]
[herbnkathy.com/wp-json/oembed/1.0/embedb74a.json]
[herbnkathy.com/page/2/index4891.html]
[herbnkathy.com/2020/02/28/giving-back-to-our-hosts/feed/index.html]
[herbnkathy.com/wp-json/oembed/1.0/embedf1de]
[herbnkathy.com/2020/02/28/giving-back-to-our-hosts/index.html]
[herbnkathy.com/wp-json/wp/v2/posts/6940.json]
[herbnkathy.com/tag/assisted-living/index.html]
[herbnkathy.com/wp-json/wp/v2/tags/554707912.json]
[herbnkathy.com/2020/02/22/movin-on-south/index.html]
[herbnkathy.com/tag/assisted-living/feed/index.html]
[herbnkathy.com/tag/baja-california/index.html]
[herbnkathy.com/wp-json/wp/v2/tags/554707914.json]
[herbnkathy.com/tag/baja-california/feed/index.html]
[herbnkathy.com/tag/la-casa-del-abuelo/index.html]
[herbnkathy.com/wp-json/wp/v2/tags/554707911.json]
[herbnkathy.com/tag/mexican-connection/index.html]
[herbnkathy.com/wp-json/wp/v2/tags/554707840.json]
[herbnkathy.com/tag/la-casa-del-abuelo/feed/index.html]
[herbnkathy.com/tag/miguel/index.html]
[herbnkathy.com/tag/mexican-connection/feed/index.html]
[herbnkathy.com/wp-json/wp/v2/tags/554707915.json]
[herbnkathy.com/tag/miguel/feed/index.html]
[herbnkathy.com/tag/nursing-home/index.html]
[herbnkathy.com/wp-json/wp/v2/tags/554707913.json]
[herbnkathy.com/tag/nursing-home/feed/index.html]
[herbnkathy.com/wp-json/oembed/1.0/embed3fb7.json]
[herbnkathy.com/2020/08/15/thinking-about-full-time-rving/feed/index.html]
[herbnkathy.com/wp-json/oembed/1.0/embed0e99]
[herbnkathy.com/2020/08/15/thinking-about-full-time-rving/index.html]
[herbnkathy.com/index6e9f.html]
[herbnkathy.com/wp-json/wp/v2/posts/7141.json]
[herbnkathy.com/2020/08/15/thinking-about-full-time-rving/indexfe66.html]
[herbnkathy.com/search/volunteer/feed/rss2/index.html]
[herbnkathy.com/page/2/index6e9f.html]
[herbnkathy.com/tag/full-time-rv/index.html]
[herbnkathy.com/tag/full-time-rv/feed/index.html]
[herbnkathy.com/wp-json/wp/v2/tags/554707674.json]
[herbnkathy.com/tag/sticks-n-bricks/index.html]
[herbnkathy.com/tag/sticks-n-bricks/feed/index.html]
[herbnkathy.com/wp-json/wp/v2/tags/554707903.json]
[herbnkathy.com/wp-json/oembed/1.0/embed2ba8.json]
[herbnkathy.com/2020/04/07/home-safe-in-ohio/feed/index.html]
[herbnkathy.com/wp-json/oembed/1.0/embed1496]
[herbnkathy.com/wp-json/wp/v2/posts/7051.json]
[herbnkathy.com/wp-content/uploads/2020/04/IMG_20200403_140951.jpg]
[secure.gravatar.com/avatar/48338377be2f020b6e618baf33723b0a07f90abf1ce968a239227f1a612f2ecea8ba.png]
[herbnkathy.com/2020/04/07/home-safe-in-ohio/index0341.html]
[secure.gravatar.com/avatar/1bac697147cf0e327180f873ec60b92c3caa2043a2c4aedd54496d5725f99257a8ba.png]
[herbnkathy.com/2020/04/07/home-safe-in-ohio/index7bd2.html]
[herbnkathy.com/2020/04/07/home-safe-in-ohio/indexfe64.html]
[secure.gravatar.com/avatar/fb83368ce98d3ebc745da12a05531a1ff3892ea8a1d64a0ac1acbc987c4d1fd8a8ba.png]
[herbnkathy.com/2020/04/07/home-safe-in-ohio/index.html]
[herbnkathy.com/2020/04/07/home-safe-in-ohio/indexec70.html]
[herbnkathy.com/2020/04/07/home-safe-in-ohio/indexc31e.html]
[herbnkathy.com/2020/04/07/home-safe-in-ohio/indexed51.html]
[herbnkathy.com/2020/04/07/home-safe-in-ohio/indexbd8a.html]
[herbnkathy.com/2020/04/07/home-safe-in-ohio/index1e14.html]
[herbnkathy.com/2020/04/07/home-safe-in-ohio/indexe0e9.html]
[herbnkathy.com/2020/04/07/home-safe-in-ohio/index131a.html]
[herbnkathy.com/tag/bunkhouse/index.html]
[herbnkathy.com/tag/bunkhouse/feed/index.html]
[herbnkathy.com/wp-json/wp/v2/tags/554707882.json]
[herbnkathy.com/wp-json/wp/v2/tags/554707539.json]
[herbnkathy.com/wp-content/uploads/2018/03/20180209_190333.jpg]
[herbnkathy.com/tag/bushnell/feed/index.html]
[herbnkathy.com/wp-content/uploads/2018/03/FebFloridaMap.jpg]
[herbnkathy.com/wp-content/uploads/2018/03/FebFloridaMap-1024x392.jpg]
[herbnkathy.com/wp-content/uploads/2018/03/20180217_081513.jpg]
[herbnkathy.com/wp-content/uploads/2018/03/20180217_081513-1024x576.jpg]
[herbnkathy.com/wp-content/uploads/2018/03/20180215_161454.jpg]
[herbnkathy.com/wp-content/uploads/2018/03/20180215_161454-1024x576.jpg]
[herbnkathy.com/wp-content/uploads/2018/03/IMG953269.jpg]
[herbnkathy.com/wp-content/uploads/2018/03/IMG953269-1024x768.jpg]
[herbnkathy.com/wp-content/uploads/2018/03/20180303_185837.jpg]
[herbnkathy.com/wp-content/uploads/2018/03/20180303_185837-1024x576.jpg]
[herbnkathy.com/wp-content/uploads/2018/03/20180214_124746.jpg]
[herbnkathy.com/wp-content/uploads/2018/03/20180214_124746-1024x576.jpg]
[herbnkathy.com/wp-content/uploads/2018/03/20180127_150647.jpg]
[herbnkathy.com/wp-content/uploads/2018/03/20180127_150647-1024x576.jpg]
[herbnkathy.com/wp-content/uploads/2018/03/20180221_065706.jpg]
[herbnkathy.com/wp-content/uploads/2018/03/20180221_065706-1024x576.jpg]
[herbnkathy.com/wp-content/uploads/2018/03/20180119_100325.jpg]
[herbnkathy.com/wp-content/uploads/2018/03/20180119_100325-1024x576.jpg]
[herbnkathy.com/wp-content/uploads/2018/03/Elvis.jpg]
[herbnkathy.com/wp-content/uploads/2018/03/IMG953312.jpg]
[herbnkathy.com/wp-content/uploads/2018/03/IMG953312-1024x768.jpg]
[herbnkathy.com/wp-content/uploads/2018/03/20180222_161400.jpg]
[herbnkathy.com/wp-content/uploads/2018/03/20180222_161400-1024x576.jpg]
[herbnkathy.com/wp-content/uploads/2018/03/20180120_115115.jpg]
[herbnkathy.com/wp-content/uploads/2018/03/20180120_115115-1024x576.jpg]
[herbnkathy.com/wp-content/uploads/2018/03/20180208_124817.jpg]
[herbnkathy.com/wp-content/uploads/2018/03/20180208_124817-1024x576.jpg]
[herbnkathy.com/wp-content/uploads/2018/03/20180223_130433.jpg]
[herbnkathy.com/wp-content/uploads/2018/03/20180223_130433-1024x576.jpg]
[herbnkathy.com/wp-content/uploads/2018/03/20180217_143816.jpg]
[herbnkathy.com/wp-content/uploads/2018/03/20180217_143816-1024x576.jpg]
[herbnkathy.com/wp-content/uploads/2018/03/Dean-Bonnie-Jekyl.jpg]
[herbnkathy.com/wp-content/uploads/2018/03/Dean-Bonnie-Jekyl-1024x576.jpg]
[herbnkathy.com/wp-content/uploads/2018/03/20180220_214629.jpg]
[herbnkathy.com/wp-content/uploads/2018/03/20180220_214629-802x1024.jpg]
[herbnkathy.com/wp-content/uploads/2018/03/20180302_074747.jpg]
[herbnkathy.com/wp-content/uploads/2018/03/20180302_074747-1024x576.jpg]
[herbnkathy.com/wp-content/uploads/2018/03/20180225_105608.jpg]
[herbnkathy.com/wp-content/uploads/2018/03/20180225_105608-1024x576.jpg]
[herbnkathy.com/wp-content/uploads/2018/03/20180217_102852.jpg]
[herbnkathy.com/wp-content/uploads/2018/03/20180217_102852-1024x576.jpg]
[herbnkathy.com/wp-content/uploads/2018/03/20180121_115103.jpg]
[herbnkathy.com/wp-content/uploads/2018/03/20180121_115103-1024x576.jpg]
[herbnkathy.com/wp-content/uploads/2018/03/20180306_080936.jpg]
[herbnkathy.com/wp-content/uploads/2018/03/20180306_080936-1024x576.jpg]
[herbnkathy.com/wp-content/uploads/2018/03/20180125_152327.jpg]
[herbnkathy.com/wp-content/uploads/2018/03/20180125_152327-1024x576.jpg]
[herbnkathy.com/wp-content/uploads/2018/03/20180125_152203.jpg]
[herbnkathy.com/wp-content/uploads/2018/03/20180125_152203-1024x576.jpg]
[herbnkathy.com/wp-content/uploads/2018/03/20180127_150709.jpg]
[herbnkathy.com/wp-content/uploads/2018/03/20180127_150709-1024x576.jpg]
[herbnkathy.com/wp-content/uploads/2018/03/Resized952018030395103836.jpg]
[herbnkathy.com/wp-content/uploads/2018/03/Resized952018030395103836-1024x768.jpg]
[herbnkathy.com/wp-content/uploads/2018/03/20180221_142453.jpg]
[herbnkathy.com/wp-content/uploads/2018/03/20180221_142453-1024x576.jpg]
[herbnkathy.com/wp-content/uploads/2018/03/NW-US.jpg]
[herbnkathy.com/tag/bushnell/index.html]
[herbnkathy.com/tag/covid-19/index.html]
[herbnkathy.com/wp-json/wp/v2/tags/554707871.json]
[herbnkathy.com/tag/ocala/index.html]
[herbnkathy.com/tag/sebring/index.html]
[herbnkathy.com/tag/orlando/index.html]
[herbnkathy.com/tag/polk-city/index.html]
[herbnkathy.com/tag/webster/index.html]
[herbnkathy.com/tag/covid-19/feed/index.html]
[herbnkathy.com/tag/firewood/index.html]
[herbnkathy.com/tag/firewood/feed/index.html]
[herbnkathy.com/wp-json/wp/v2/tags/554707883.json]
[herbnkathy.com/tag/hugs/index.html]
[herbnkathy.com/tag/hugs/feed/index.html]
[herbnkathy.com/wp-json/wp/v2/tags/554707877.json]
[herbnkathy.com/tag/moonshine-creek/index.html]
[herbnkathy.com/wp-json/wp/v2/tags/554707878.json]
[herbnkathy.com/tag/quarantine/index.html]
[herbnkathy.com/tag/moonshine-creek/feed/index.html]
[herbnkathy.com/tag/quarantine/feed/index.html]
[herbnkathy.com/wp-json/wp/v2/tags/554707879.json]
[herbnkathy.com/tag/splitting/index.html]
[herbnkathy.com/wp-json/wp/v2/tags/554707884.json]
[herbnkathy.com/tag/splitting/feed/index.html]
[herbnkathy.com/tag/virus/index.html]
[herbnkathy.com/tag/virus/feed/index.html]
[herbnkathy.com/wp-json/wp/v2/tags/554707873.json]
[herbnkathy.com/tag/weeki-wachee/index.html]
[herbnkathy.com/tag/weeki-wachee/feed/index.html]
[herbnkathy.com/wp-json/wp/v2/tags/554707881.json]
[herbnkathy.com/tag/zoom/feed/index.html]
[herbnkathy.com/tag/zoom/index.html]
[herbnkathy.com/wp-json/wp/v2/tags/554707876.json]
[herbnkathy.com/wp-json/oembed/1.0/embed29b0.json]
[herbnkathy.com/2020/03/02/heading-east-night-1/feed/index.html]
[herbnkathy.com/wp-json/oembed/1.0/embed4211]
[herbnkathy.com/2020/03/02/heading-east-night-1/index.html]
[herbnkathy.com/wp-json/wp/v2/posts/7004.json]
[herbnkathy.com/tag/bowlin/index.html]
[herbnkathy.com/wp-json/wp/v2/tags/554707860.json]
[herbnkathy.com/2020/03/02/heading-east-night-1/indexb573.html]
[herbnkathy.com/2020/03/02/heading-east-night-1/indexd1c1.html]
[herbnkathy.com/2020/03/02/heading-east-night-1/index94ea.html]
[herbnkathy.com/2020/03/02/heading-east-night-1/indexbf11.html]
[herbnkathy.com/tag/bowlin/feed/index.html]
[herbnkathy.com/tag/deming/index.html]
[herbnkathy.com/tag/deming/feed/index.html]
[herbnkathy.com/wp-json/wp/v2/tags/1136979.json]
[herbnkathy.com/tag/eastbound/index.html]
[herbnkathy.com/wp-json/wp/v2/tags/554707858.json]
[herbnkathy.com/tag/the-thing/index.html]
[herbnkathy.com/wp-json/wp/v2/tags/554707859.json]
[herbnkathy.com/tag/eastbound/feed/index.html]
[herbnkathy.com/tag/the-thing/feed/index.html]
[herbnkathy.com/wp-json/oembed/1.0/embed4086.json]
[herbnkathy.com/2020/03/01/made-it-through-the-gauntlet-kind-of/feed/index.html]
[herbnkathy.com/wp-json/oembed/1.0/embed11bb]
[herbnkathy.com/2020/03/01/made-it-through-the-gauntlet-kind-of/index.html]
[herbnkathy.com/wp-json/wp/v2/posts/6989.json]
[herbnkathy.com/tag/border/index.html]
[herbnkathy.com/tag/border/feed/index.html]
[herbnkathy.com/wp-json/wp/v2/tags/75704.json]
[herbnkathy.com/tag/tecate/index.html]
[herbnkathy.com/wp-json/wp/v2/tags/554707841.json]
[herbnkathy.com/tag/tire/feed/index.html]
[herbnkathy.com/tag/tecate/feed/index.html]
[herbnkathy.com/wp-content/uploads/2016/03/valveextenders.jpg]
[herbnkathy.com/tag/tire/index.html]
[herbnkathy.com/wp-json/wp/v2/tags/659045.json]
[herbnkathy.com/tag/baja/index.html]
[herbnkathy.com/wp-json/wp/v2/tags/554707854.json]
[herbnkathy.com/tag/frustration/index.html]
[herbnkathy.com/tag/extender/index.html]
[herbnkathy.com/tag/baja/feed/index.html]
[herbnkathy.com/tag/valve-stem/index.html]
[herbnkathy.com/2016/03/31/so-exasperating/index.html]
[herbnkathy.com/tag/charity/feed/index.html]
[herbnkathy.com/tag/charity/index.html]
[herbnkathy.com/wp-json/wp/v2/tags/554707856.json]
[herbnkathy.com/tag/giving-back/index.html]
[herbnkathy.com/tag/giving-back/feed/index.html]
[herbnkathy.com/wp-json/wp/v2/tags/554707855.json]
[herbnkathy.com/tag/helping/index.html]
[herbnkathy.com/category/escapees/page/2/index.html]
[herbnkathy.com/tag/helping/feed/index.html]
[herbnkathy.com/wp-json/wp/v2/tags/554707857.json]
[herbnkathy.com/wp-json/oembed/1.0/embedae37.json]
[herbnkathy.com/2021/04/01/time-to-move-on/feed/index.html]
[herbnkathy.com/wp-json/oembed/1.0/embed1903]
[herbnkathy.com/wp-json/wp/v2/posts/7411.json]
[herbnkathy.com/wp-content/uploads/2019/12/HK-CoachPix-2000x1125.jpg]
[secure.gravatar.com/avatar/3993d1b18d5f42c3e47a85309ce5eb7355be32d275f328ead8b3837eecbc6f48a8ba.png]
[herbnkathy.com/2021/04/01/time-to-move-on/index.html]
[herbnkathy.com/2021/04/01/time-to-move-on/indexd212.html]
[herbnkathy.com/2021/04/01/time-to-move-on/indexf711.html]
[herbnkathy.com/tag/covid/index.html]
[herbnkathy.com/wp-json/wp/v2/tags/554707908.json]
[herbnkathy.com/2021/04/01/time-to-move-on/index1563.html]
[herbnkathy.com/tag/covid/feed/index.html]
[herbnkathy.com/2021/04/01/time-to-move-on/index65a6.html]
[herbnkathy.com/tag/oregon/feed/index.html]
[herbnkathy.com/tag/oregon/index.html]
[herbnkathy.com/wp-json/wp/v2/tags/554707941.json]
[herbnkathy.com/tag/washington/index.html]
[herbnkathy.com/wp-json/wp/v2/tags/554707940.json]
[herbnkathy.com/tag/washington/feed/index.html]
[herbnkathy.com/wp-json/oembed/1.0/embed1b1d.json]
[herbnkathy.com/wp-json/oembed/1.0/embed0de2]
[herbnkathy.com/2020/11/10/off-the-road-during-covid/feed/index.html]
[herbnkathy.com/wp-json/wp/v2/posts/7263.json]
[herbnkathy.com/wp-content/uploads/2020/11/IMG_20200910_114723.jpg]
[herbnkathy.com/2020/11/10/off-the-road-during-covid/index.html]
[herbnkathy.com/wp-json/oembed/1.0/embed956c.json]
[herbnkathy.com/wp-json/oembed/1.0/embed2d85]
[herbnkathy.com/2020/11/10/off-the-road-during-covid/indexa14a.html]
[herbnkathy.com/2020/02/18/mexico-day-4-more-zoo-wine/index.html]
[herbnkathy.com/wp-json/wp/v2/posts/6856.json]
[herbnkathy.com/2020/11/10/off-the-road-during-covid/index1949.html]
[herbnkathy.com/wp-json/oembed/1.0/embedbdd5.json]
[herbnkathy.com/2020/11/10/off-the-road-during-covid/index0b14.html]
[herbnkathy.com/2020/11/10/off-the-road-during-covid/indexfc9a.html]
[herbnkathy.com/wp-json/oembed/1.0/embedd358]
[herbnkathy.com/2020/11/10/off-the-road-during-covid/indexf9b4.html]
[herbnkathy.com/2020/02/18/mexico-day-4-more-zoo-wine/feed/index.html]
[herbnkathy.com/2018/12/11/cactus-in-casa-grande/index.html]
[herbnkathy.com/wp-json/wp/v2/posts/5155.json]
[herbnkathy.com/2020/02/18/mexico-day-4-more-zoo-wine/indexad30.html]
[herbnkathy.com/2020/02/18/mexico-day-4-more-zoo-wine/indexa8c6.html]
[herbnkathy.com/2018/12/11/cactus-in-casa-grande/feed/index.html]
[herbnkathy.com/wp-json/oembed/1.0/embeda8bf.json]
[herbnkathy.com/wp-json/oembed/1.0/embed125e]
[herbnkathy.com/2020/03/21/our-time-in-florida-and-covid-19/feed/index.html]
[herbnkathy.com/2020/03/21/our-time-in-florida-and-covid-19/index.html]
[herbnkathy.com/wp-json/wp/v2/posts/7039.json]
[herbnkathy.com/2020/03/21/our-time-in-florida-and-covid-19/index0e14.html]
[herbnkathy.com/tag/careful/index.html]
[herbnkathy.com/tag/careful/feed/index.html]
[herbnkathy.com/wp-json/wp/v2/tags/554707910.json]
[herbnkathy.com/2020/03/21/our-time-in-florida-and-covid-19/index7260.html]
[herbnkathy.com/tag/morrow-county/index.html]
[herbnkathy.com/tag/morrow-county/feed/index.html]
[herbnkathy.com/wp-json/wp/v2/tags/554707234.json]
[herbnkathy.com/tag/safe/index.html]
[herbnkathy.com/tag/safe/feed/index.html]
[herbnkathy.com/wp-json/wp/v2/tags/554707891.json]
[herbnkathy.com/tag/sefl-quarantine/index.html]
[herbnkathy.com/wp-json/wp/v2/tags/554707909.json]
[herbnkathy.com/tag/sefl-quarantine/feed/index.html]
[herbnkathy.com/wp-json/oembed/1.0/embed8234.json]
[herbnkathy.com/2020/05/09/day-43-of-isolation-for-full-time-rvers/feed/index.html]
[herbnkathy.com/wp-json/oembed/1.0/embed40f5]
[herbnkathy.com/wp-json/wp/v2/posts/7116.json]
[herbnkathy.com/wp-content/uploads/2020/05/IMG_20200506_103458.jpg]
[herbnkathy.com/2020/05/09/day-43-of-isolation-for-full-time-rvers/index.html]
[herbnkathy.com/tag/corona/index.html]
[herbnkathy.com/wp-json/wp/v2/tags/554707872.json]
[herbnkathy.com/2020/05/09/day-43-of-isolation-for-full-time-rvers/index8d90.html]
[herbnkathy.com/2020/05/09/day-43-of-isolation-for-full-time-rvers/indexb7e6.html]
[herbnkathy.com/2020/05/09/day-43-of-isolation-for-full-time-rvers/index53fa.html]
[herbnkathy.com/tag/corona/feed/index.html]
[herbnkathy.com/2020/05/09/day-43-of-isolation-for-full-time-rvers/index3a58.html]
[herbnkathy.com/tag/covid-19-2/index.html]
[herbnkathy.com/tag/covid-19-2/feed/index.html]
[herbnkathy.com/wp-json/wp/v2/tags/554707894.json]
[herbnkathy.com/tag/kitchen/index.html]
[herbnkathy.com/tag/kitchen/feed/index.html]
[herbnkathy.com/wp-json/wp/v2/tags/554707713.json]
[herbnkathy.com/tag/mask/index.html]
[herbnkathy.com/wp-json/wp/v2/tags/554707892.json]
[herbnkathy.com/tag/mask/feed/index.html]
[herbnkathy.com/tag/stay-home/index.html]
[herbnkathy.com/wp-json/wp/v2/tags/554707893.json]
[herbnkathy.com/tag/stay-home/feed/index.html]
[herbnkathy.com/wp-json/oembed/1.0/embed15cb.json]
[herbnkathy.com/2016/09/01/wonderful-life-in-morrow-county/feed/index.html]
[herbnkathy.com/wp-json/oembed/1.0/embed4c48]
[herbnkathy.com/wp-json/wp/v2/posts/1441.json]
[secure.gravatar.com/avatar/d3e10018120597d182b276edfe218d505a443d20f4899f02fb219c7425d273afa8ba.png]
[secure.gravatar.com/avatar/34a80a4ded14c2c1f244a6d0acdad8b2e44e9f5944a90db3bef6235af7b17b99a8ba.png]
[secure.gravatar.com/avatar/0c396f54bb71c996b8d3ef41b2bad5282be2abe3220d7e096985eae4b82e5546a8ba.png]
[secure.gravatar.com/avatar/04eeeed5ddba66b4d11e2b9503086a3afd91d31c30e2f535a1568e400cbc90aea8ba.png]
[secure.gravatar.com/avatar/6d19f4a44b6cacb84643f917bc8ae342c2b7ed3ecdf0463a8e3faa055c3b5730a8ba.png]
[herbnkathy.com/2016/09/01/wonderful-life-in-morrow-county/indexea0c.html]
[secure.gravatar.com/avatar/a97a73b2f74dff1e227328ecee793679c70b02fd767101df91a0ed87f95f7009a8ba.png]
[herbnkathy.com/2016/09/01/wonderful-life-in-morrow-county/index3583.html]
[secure.gravatar.com/avatar/de596cff374ed1c82a3e4c59c3a83d58a2154dbb97f8e67c7fb61dbef69d13efa8ba.jpeg]
[herbnkathy.com/2016/09/01/wonderful-life-in-morrow-county/index46e3.html]
[secure.gravatar.com/avatar/4b6350d39a1ecc75499365e3194d4127d3f21e314823723ee09e92d0102eb4b8a8ba.png]
[herbnkathy.com/2016/09/01/wonderful-life-in-morrow-county/indexd61b.html]
[secure.gravatar.com/avatar/1cf80b8dffc389a06c32584c058b6d9f5440392a03b8a0d163343119ac7bba48a8ba.png]
[herbnkathy.com/2016/09/01/wonderful-life-in-morrow-county/indexdb9d.html]
[secure.gravatar.com/avatar/94bb9dd677faffbc5968f2e02102bb45223736aff541a855845f6750f1e9be8fa8ba.png]
[herbnkathy.com/2016/09/01/wonderful-life-in-morrow-county/index616c.html]
[secure.gravatar.com/avatar/db8b6f15ad5d154277baf992a28f896c097f1acb8b729132d5019bd35ec31f29a8ba.png]
[herbnkathy.com/2016/09/01/wonderful-life-in-morrow-county/index.html]
[herbnkathy.com/2016/09/01/wonderful-life-in-morrow-county/indexfdcf.html]
[herbnkathy.com/2016/09/01/wonderful-life-in-morrow-county/indexdcee.html]
[herbnkathy.com/2016/09/01/wonderful-life-in-morrow-county/index5602.html]
[herbnkathy.com/tag/camp-host/index.html]
[herbnkathy.com/wp-json/wp/v2/tags/12518671.json]
[herbnkathy.com/2016/09/01/wonderful-life-in-morrow-county/indexa129.html]
[herbnkathy.com/2016/09/01/wonderful-life-in-morrow-county/index1b7b.html]
[herbnkathy.com/2016/09/01/wonderful-life-in-morrow-county/index504c.html]
[herbnkathy.com/2016/09/01/wonderful-life-in-morrow-county/index0c48.html]
[herbnkathy.com/2016/09/01/wonderful-life-in-morrow-county/index2096.html]
[herbnkathy.com/2016/09/01/wonderful-life-in-morrow-county/indexa2b6.html]
[herbnkathy.com/2016/09/01/wonderful-life-in-morrow-county/index7653.html]
[herbnkathy.com/tag/hiawatha/index.html]
[herbnkathy.com/wp-json/wp/v2/tags/1006796.json]
[herbnkathy.com/2016/09/01/wonderful-life-in-morrow-county/indexa3c0.html]
[herbnkathy.com/2016/09/01/wonderful-life-in-morrow-county/index7935.html]
[herbnkathy.com/2016/09/01/wonderful-life-in-morrow-county/index172f.html]
[herbnkathy.com/tag/camp-host/feed/index.html]
[herbnkathy.com/tag/hiawatha/feed/index.html]
[herbnkathy.com/wp-json/oembed/1.0/embeda2ae.json]
[herbnkathy.com/2011/09/18/they-need-to-turn-in-their-driver-license/feed/index.html]
[herbnkathy.com/wp-json/oembed/1.0/embedf3dd]
[herbnkathy.com/2011/09/18/they-need-to-turn-in-their-driver-license/index.html]
[herbnkathy.com/wp-json/wp/v2/posts/25.json]
[herbnkathy.com/2011/09/18/sunday-sunday/index.html]
[herbnkathy.com/wp-json/oembed/1.0/embed987d.json]
[herbnkathy.com/2011/09/19/poor-quincy/index.html]
[herbnkathy.com/2021/10/04/campground-review-historic-fort-robinson-state-park-crawford-nebraska/feed/index.html]
[herbnkathy.com/wp-json/oembed/1.0/embed7012]
[herbnkathy.com/2021/10/04/campground-review-historic-fort-robinson-state-park-crawford-nebraska/index.html]
[herbnkathy.com/wp-json/wp/v2/posts/7931.json]
[herbnkathy.com/tag/army/index.html]
[herbnkathy.com/wp-json/wp/v2/tags/554708044.json]
[herbnkathy.com/tag/army/feed/index.html]
[herbnkathy.com/tag/fall/index.html]
[herbnkathy.com/tag/fall/feed/index.html]
[herbnkathy.com/wp-json/wp/v2/tags/554708049.json]
[herbnkathy.com/tag/fishing/index.html]
[herbnkathy.com/tag/fishing/feed/index.html]
[herbnkathy.com/wp-json/wp/v2/tags/554707250.json]
[herbnkathy.com/tag/fort-robinson/index.html]
[herbnkathy.com/tag/fort-robinson/feed/index.html]
[herbnkathy.com/wp-json/wp/v2/tags/554708042.json]
[herbnkathy.com/tag/historic/index.html]
[herbnkathy.com/wp-json/wp/v2/tags/554708050.json]
[herbnkathy.com/tag/historic/feed/index.html]
[herbnkathy.com/tag/history/index.html]
[herbnkathy.com/tag/history/feed/index.html]
[herbnkathy.com/wp-json/wp/v2/tags/554708051.json]
[herbnkathy.com/tag/indians/index.html]
[herbnkathy.com/wp-json/wp/v2/tags/554708045.json]
[herbnkathy.com/tag/indians/feed/index.html]
[herbnkathy.com/tag/native-americans/index.html]
[herbnkathy.com/tag/native-americans/feed/index.html]
[herbnkathy.com/wp-json/wp/v2/tags/554708046.json]
[herbnkathy.com/tag/nebraska/feed/index.html]
[herbnkathy.com/tag/nebraska/index.html]
[herbnkathy.com/wp-json/wp/v2/tags/554708043.json]
[herbnkathy.com/tag/outbreak/index.html]
[herbnkathy.com/wp-json/wp/v2/tags/554708047.json]
[herbnkathy.com/tag/outbreak/feed/index.html]
[herbnkathy.com/tag/white-river/index.html]
[herbnkathy.com/tag/white-river/feed/index.html]
[herbnkathy.com/wp-json/wp/v2/tags/554708048.json]
[herbnkathy.com/wp-json/oembed/1.0/embedda39.json]
[herbnkathy.com/2021/10/02/tourist-review-hot-springs-sd/feed/index.html]
[herbnkathy.com/wp-json/oembed/1.0/embeda78c]
[herbnkathy.com/2021/10/02/tourist-review-hot-springs-sd/index.html]
[herbnkathy.com/wp-json/wp/v2/posts/7929.json]
[herbnkathy.com/2021/10/02/tourist-review-hot-springs-sd/indexa478.html]
[herbnkathy.com/2021/10/02/tourist-review-hot-springs-sd/indexf239.html]
[herbnkathy.com/wp-json/oembed/1.0/embed21af.json]
[herbnkathy.com/2021/10/01/angostura-lake-recreation-area-sd/feed/index.html]
[herbnkathy.com/wp-json/oembed/1.0/embed8cc6]
[herbnkathy.com/2021/10/01/angostura-lake-recreation-area-sd/index.html]
[herbnkathy.com/wp-json/wp/v2/posts/7912.json]
[herbnkathy.com/tag/breakfast/index.html]
[herbnkathy.com/tag/breakfast/feed/index.html]
[herbnkathy.com/wp-json/wp/v2/tags/554708036.json]
[herbnkathy.com/tag/chicago-street-cafe/index.html]
[herbnkathy.com/tag/chicago-street-cafe/feed/index.html]
[herbnkathy.com/wp-json/wp/v2/tags/554708029.json]
[herbnkathy.com/tag/city/index.html]
[herbnkathy.com/tag/city/feed/index.html]
[herbnkathy.com/wp-json/wp/v2/tags/554708035.json]
[herbnkathy.com/tag/county/index.html]
[herbnkathy.com/wp-json/wp/v2/tags/554708034.json]
[herbnkathy.com/tag/county/feed/index.html]
[herbnkathy.com/tag/evans/index.html]
[herbnkathy.com/tag/evans/feed/index.html]
[herbnkathy.com/wp-json/wp/v2/tags/554708027.json]
[herbnkathy.com/tag/evans-plunge/index.html]
[herbnkathy.com/wp-json/wp/v2/tags/554708032.json]
[herbnkathy.com/tag/fall-river/index.html]
[herbnkathy.com/tag/evans-plunge/feed/index.html]
[herbnkathy.com/tag/fall-river/feed/index.html]
[herbnkathy.com/wp-json/wp/v2/tags/554708033.json]
[herbnkathy.com/tag/hot-springs/feed/index.html]
[herbnkathy.com/wp-json/wp/v2/tags/554707480.json]
[herbnkathy.com/wp-content/uploads/2017/10/2017-10-09-13.05.16230a.mp4]
[herbnkathy.com/tag/hot-springs/index.html]
[herbnkathy.com/tag/lunch/index.html]
[herbnkathy.com/tag/lunch/feed/index.html]
[herbnkathy.com/wp-json/wp/v2/tags/16231.json]
[herbnkathy.com/tag/pioneer-museum/index.html]
[herbnkathy.com/tag/pioneer-museum/feed/index.html]
[herbnkathy.com/wp-json/wp/v2/tags/554708028.json]
[herbnkathy.com/tag/upper-crust/index.html]
[herbnkathy.com/tag/upper-crust/feed/index.html]
[herbnkathy.com/wp-json/wp/v2/tags/554708031.json]
[herbnkathy.com/tag/williejax/index.html]
[herbnkathy.com/tag/williejax/feed/index.html]
[herbnkathy.com/wp-json/wp/v2/tags/554708030.json]
[herbnkathy.com/tag/allstays/feed/index.html]
[herbnkathy.com/tag/allstays/index.html]
[herbnkathy.com/wp-json/wp/v2/tags/554708041.json]
[herbnkathy.com/tag/angostura/feed/index.html]
[herbnkathy.com/tag/angostura/index.html]
[herbnkathy.com/wp-json/wp/v2/tags/554708020.json]
[herbnkathy.com/tag/buffalo/index.html]
[herbnkathy.com/tag/buffalo/feed/index.html]
[herbnkathy.com/wp-json/wp/v2/tags/554708039.json]
[herbnkathy.com/tag/buffalo-roundup/feed/index.html]
[herbnkathy.com/tag/buffalo-roundup/index.html]
[herbnkathy.com/wp-json/wp/v2/tags/554708021.json]
[herbnkathy.com/tag/cardington/feed/index.html]
[herbnkathy.com/tag/cardington/index.html]
[herbnkathy.com/wp-json/wp/v2/tags/554708019.json]
[herbnkathy.com/tag/mount-gilead/feed/index.html]
[herbnkathy.com/tag/mount-gilead/index.html]
[herbnkathy.com/wp-json/wp/v2/tags/554708038.json]
[herbnkathy.com/tag/neighbors/index.html]
[herbnkathy.com/tag/neighbors/feed/index.html]
[herbnkathy.com/wp-json/wp/v2/tags/554708018.json]
[herbnkathy.com/tag/oliver/index.html]
[herbnkathy.com/wp-json/wp/v2/tags/554708037.json]
[herbnkathy.com/tag/oliver/feed/index.html]
[herbnkathy.com/tag/roundup/index.html]
[herbnkathy.com/wp-json/wp/v2/tags/554708040.json]
[herbnkathy.com/tag/roundup/feed/index.html]
[herbnkathy.com/wp-json/oembed/1.0/embedfbbe.json]
[herbnkathy.com/2019/03/03/finally-the-leak-is-fixed/feed/index.html]
[herbnkathy.com/wp-json/oembed/1.0/embeda0f2]
[herbnkathy.com/2019/03/03/finally-the-leak-is-fixed/index.html]
[herbnkathy.com/wp-json/wp/v2/posts/5512.json]
[herbnkathy.com/wp-json/oembed/1.0/embed9050.json]
[herbnkathy.com/wp-json/oembed/1.0/embedce75]
[herbnkathy.com/2019/03/03/finally-the-leak-is-fixed/indexfb3d.html]
[herbnkathy.com/wp-json/wp/v2/posts/4470.json]
[herbnkathy.com/2019/03/03/finally-the-leak-is-fixed/index7321.html]
[herbnkathy.com/2019/03/03/finally-the-leak-is-fixed/indexf4fc.html]
[secure.gravatar.com/avatar/e6039297166a32497accf7b274b13d097ce8fbe1f2012027306e730ce9169cf9a8ba.png]
[herbnkathy.com/2017/12/15/airstream-motorhome-exterior-tour/index.html]
[herbnkathy.com/2019/03/03/finally-the-leak-is-fixed/index679f.html]
[herbnkathy.com/2019/03/03/finally-the-leak-is-fixed/indexc3d7.html]
[herbnkathy.com/2019/03/03/finally-the-leak-is-fixed/index2022.html]
[herbnkathy.com/2019/03/03/finally-the-leak-is-fixed/index64d8.html]
[herbnkathy.com/2019/03/03/finally-the-leak-is-fixed/indexadd3.html]
[herbnkathy.com/2019/03/03/finally-the-leak-is-fixed/index663c.html]
[herbnkathy.com/2017/12/15/airstream-motorhome-exterior-tour/index2f8e.html]
[herbnkathy.com/2017/12/15/airstream-motorhome-exterior-tour/feed/index.html]
[herbnkathy.com/tag/gasket/index.html]
[herbnkathy.com/wp-json/wp/v2/tags/554707689.json]
[herbnkathy.com/2017/12/15/airstream-motorhome-exterior-tour/index6c19.html]
[herbnkathy.com/2017/12/15/airstream-motorhome-exterior-tour/index70dc.html]
[herbnkathy.com/2017/12/15/airstream-motorhome-exterior-tour/index16cc.html]
[herbnkathy.com/tag/gaskets/index.html]
[herbnkathy.com/tag/gaskets/feed/index.html]
[herbnkathy.com/tag/gasket/feed/index.html]
[herbnkathy.com/wp-json/wp/v2/tags/554707690.json]
[herbnkathy.com/tag/ladder/index.html]
[herbnkathy.com/wp-json/wp/v2/tags/554707693.json]
[herbnkathy.com/tag/slide/index.html]
[herbnkathy.com/tag/ladder/feed/index.html]
[herbnkathy.com/wp-json/wp/v2/tags/554707685.json]
[herbnkathy.com/tag/slide/feed/index.html]
[herbnkathy.com/tag/slide-topper/index.html]
[herbnkathy.com/tag/slide-topper/feed/index.html]
[herbnkathy.com/wp-json/wp/v2/tags/554707686.json]
[herbnkathy.com/tag/water-damage/index.html]
[herbnkathy.com/tag/water-damage/feed/index.html]
[herbnkathy.com/wp-json/wp/v2/tags/554707687.json]
[herbnkathy.com/tag/water-infiltration/index.html]
[herbnkathy.com/tag/water-infiltration/feed/index.html]
[herbnkathy.com/wp-json/wp/v2/tags/554707688.json]
[herbnkathy.com/tag/wet-carpet/index.html]
[herbnkathy.com/tag/wet-carpet/feed/index.html]
[herbnkathy.com/wp-json/wp/v2/tags/554707691.json]
[herbnkathy.com/tag/wet-floor/feed/index.html]
[herbnkathy.com/tag/wet-floor/index.html]
[herbnkathy.com/wp-json/wp/v2/tags/554707692.json]
[herbnkathy.com/tag/5th-wheel-trailer/index.html]
[herbnkathy.com/wp-json/wp/v2/tags/554707513.json]
[herbnkathy.com/tag/5th-wheel-trailer/feed/index.html]
[herbnkathy.com/tag/exterior-tour/index.html]
[herbnkathy.com/wp-json/wp/v2/tags/554707510.json]
[herbnkathy.com/tag/exterior-tour/feed/index.html]
[herbnkathy.com/tag/tour/index.html]
[herbnkathy.com/wp-json/wp/v2/tags/554707433.json]
[herbnkathy.com/tag/tour/feed/index.html]
[herbnkathy.com/wp-json/oembed/1.0/embed50d8.json]
[herbnkathy.com/2017/10/06/airstream-factory-tour/feed/index.html]
[herbnkathy.com/wp-json/oembed/1.0/embed70df]
[herbnkathy.com/2017/10/06/airstream-factory-tour/index.html]
[herbnkathy.com/wp-json/wp/v2/posts/4239.json]
[herbnkathy.com/tag/jackson-center/index.html]
[herbnkathy.com/wp-json/wp/v2/tags/554707471.json]
[herbnkathy.com/tag/jackson-center/feed/index.html]
[herbnkathy.com/wp-json/oembed/1.0/embedd7ab.json]
[herbnkathy.com/2017/10/06/airstream-factory-tour/index3bc8.html]
[herbnkathy.com/2016/03/16/our-home-on-the-road/2015-12-11-14-19-11/feed/index.html]
[herbnkathy.com/wp-json/oembed/1.0/embedecfb]
[herbnkathy.com/wp-json/wp/v2/media/274.json]
[herbnkathy.com/wp-content/uploads/2016/03/2015-12-11-14-19-11.jpg]
[herbnkathy.com/wp-content/uploads/2016/03/2015-12-11-14-19-11-300x169.jpg]
[herbnkathy.com/2016/03/16/our-home-on-the-road/2015-12-11-14-19-11/index.html]
[herbnkathy.com/wp-json/oembed/1.0/embedf2f0.json]
[herbnkathy.com/2016/03/16/our-home-on-the-road/dsc_0003/feed/index.html]
[herbnkathy.com/wp-json/oembed/1.0/embed19aa]
[herbnkathy.com/wp-json/wp/v2/media/275.json]
[herbnkathy.com/wp-content/uploads/2016/03/dsc_0003.jpg]
[herbnkathy.com/wp-content/uploads/2016/03/dsc_0003-300x201.jpg]
[herbnkathy.com/2016/03/16/our-home-on-the-road/dsc_0003/index.html]
[herbnkathy.com/wp-json/oembed/1.0/embed8e9d.json]
[herbnkathy.com/2016/03/16/our-home-on-the-road/dsc_0007/feed/index.html]
[herbnkathy.com/wp-json/oembed/1.0/embedacca]
[herbnkathy.com/wp-json/wp/v2/media/276.json]
[herbnkathy.com/wp-content/uploads/2016/03/dsc_0007.jpg]
[herbnkathy.com/wp-content/uploads/2016/03/dsc_0007-300x201.jpg]
[herbnkathy.com/2016/03/16/our-home-on-the-road/dsc_0007/index.html]
[herbnkathy.com/wp-json/oembed/1.0/embed24cb.json]
[herbnkathy.com/2016/03/16/our-home-on-the-road/dsc_0009/feed/index.html]
[herbnkathy.com/wp-json/oembed/1.0/embedd735]
[herbnkathy.com/wp-json/wp/v2/media/281.json]
[herbnkathy.com/wp-content/uploads/2016/03/dsc_0009-300x201.jpg]
[herbnkathy.com/2016/03/16/our-home-on-the-road/dsc_0009/index.html]
[herbnkathy.com/wp-json/oembed/1.0/embed3710.json]
[herbnkathy.com/2016/03/16/our-home-on-the-road/dsc_0010/feed/index.html]
[herbnkathy.com/wp-json/oembed/1.0/embed16c2]
[herbnkathy.com/wp-json/wp/v2/media/282.json]
[herbnkathy.com/wp-content/uploads/2016/03/dsc_0010.jpg]
[herbnkathy.com/wp-content/uploads/2016/03/dsc_0010-300x201.jpg]
[herbnkathy.com/2016/03/16/our-home-on-the-road/dsc_0010/index.html]
[herbnkathy.com/wp-json/oembed/1.0/embed0c22-2.json]
[herbnkathy.com/2016/03/16/our-home-on-the-road/dsc_0011/feed/index.html]
[herbnkathy.com/wp-json/oembed/1.0/embed6c6a]
[herbnkathy.com/wp-json/wp/v2/media/283.json]
[herbnkathy.com/wp-content/uploads/2016/03/dsc_0011.jpg]
[herbnkathy.com/wp-content/uploads/2016/03/dsc_0011-300x201.jpg]
[herbnkathy.com/2016/03/16/our-home-on-the-road/dsc_0011/index.html]
[herbnkathy.com/wp-json/oembed/1.0/embeded67.json]
[herbnkathy.com/2016/03/16/our-home-on-the-road/dsc_0012/feed/index.html]
[herbnkathy.com/wp-json/oembed/1.0/embed9f28]
[herbnkathy.com/wp-json/wp/v2/media/284.json]
[herbnkathy.com/wp-content/uploads/2016/03/dsc_0012.jpg]
[herbnkathy.com/wp-content/uploads/2016/03/dsc_0012-300x201.jpg]
[herbnkathy.com/2016/03/16/our-home-on-the-road/dsc_0012/index.html]
[herbnkathy.com/wp-json/oembed/1.0/embed44ae.json]
[herbnkathy.com/2016/03/16/our-home-on-the-road/dsc_0013/feed/index.html]
[herbnkathy.com/wp-json/oembed/1.0/embedbda4]
[herbnkathy.com/wp-json/wp/v2/media/285.json]
[herbnkathy.com/wp-content/uploads/2016/03/dsc_0013.jpg]
[herbnkathy.com/wp-content/uploads/2016/03/dsc_0013-201x300.jpg]
[herbnkathy.com/2016/03/16/our-home-on-the-road/dsc_0013/index.html]
[herbnkathy.com/wp-json/oembed/1.0/embedc4fb.json]
[herbnkathy.com/2016/03/16/our-home-on-the-road/dsc_0015/feed/index.html]
[herbnkathy.com/wp-json/oembed/1.0/embeda66a]
[herbnkathy.com/wp-json/wp/v2/media/286.json]
[herbnkathy.com/wp-content/uploads/2016/03/dsc_0015.jpg]
[herbnkathy.com/wp-content/uploads/2016/03/dsc_0015-300x201.jpg]
[herbnkathy.com/2016/03/16/our-home-on-the-road/dsc_0015/index.html]
[herbnkathy.com/wp-json/oembed/1.0/embed7f6f.json]
[herbnkathy.com/2016/03/16/our-home-on-the-road/dsc_0016/feed/index.html]
[herbnkathy.com/wp-json/oembed/1.0/embeda92a]
[herbnkathy.com/wp-json/wp/v2/media/287.json]
[herbnkathy.com/wp-content/uploads/2016/03/dsc_0016.jpg]
[herbnkathy.com/wp-content/uploads/2016/03/dsc_0016-201x300.jpg]
[herbnkathy.com/2016/03/16/our-home-on-the-road/dsc_0016/index.html]
[herbnkathy.com/tag/land-yacht/index.html]
[herbnkathy.com/wp-json/wp/v2/tags/10933882.json]
[herbnkathy.com/tag/land-yacht/feed/index.html]
[herbnkathy.com/tag/avocado/index.html]
[herbnkathy.com/tag/avocado/feed/index.html]
[herbnkathy.com/wp-json/wp/v2/tags/554707631.json]
[herbnkathy.com/tag/desert/index.html]
[herbnkathy.com/tag/desert/feed/index.html]
[herbnkathy.com/wp-json/wp/v2/tags/554707279.json]
[herbnkathy.com/tag/flowers/feed/index.html]
[herbnkathy.com/wp-json/wp/v2/tags/1150.json]
[herbnkathy.com/wp-content/uploads/2016/04/2016-04-07-09-25-59.jpg]
[herbnkathy.com/wp-content/uploads/2016/04/2016-04-07-09-25-59-150x150.jpg]
[herbnkathy.com/wp-content/uploads/2016/04/2016-04-07-09-29-51.jpg]
[herbnkathy.com/wp-content/uploads/2016/04/2016-04-07-09-29-51-150x150.jpg]
[herbnkathy.com/2016/04/07/oklahoma-city-botanical-gardens-myriad-gardens/index.html]
[herbnkathy.com/wp-content/uploads/2016/04/2016-04-07-09-33-54.jpg]
[herbnkathy.com/wp-content/uploads/2016/04/2016-04-07-09-33-54-150x150.jpg]
[herbnkathy.com/wp-content/uploads/2016/04/2016-04-07-09-35-08.jpg]
[herbnkathy.com/wp-content/uploads/2016/04/2016-04-07-09-35-08-150x150.jpg]
[herbnkathy.com/wp-content/uploads/2016/04/2016-04-07-09-42-43.jpg]
[herbnkathy.com/wp-content/uploads/2016/04/2016-04-07-09-42-43-150x150.jpg]
[herbnkathy.com/wp-content/uploads/2016/04/2016-04-07-09-44-17.jpg]
[herbnkathy.com/wp-content/uploads/2016/04/2016-04-07-09-44-17-150x150.jpg]
[herbnkathy.com/wp-content/uploads/2016/04/2016-04-07-09-46-00.jpg]
[herbnkathy.com/wp-content/uploads/2016/04/2016-04-07-09-46-00-150x150.jpg]
[herbnkathy.com/wp-content/uploads/2016/04/2016-04-07-09-47-20.jpg]
[herbnkathy.com/wp-content/uploads/2016/04/2016-04-07-09-47-20-150x150.jpg]
[herbnkathy.com/wp-content/uploads/2016/04/2016-04-07-09-56-22.jpg]
[herbnkathy.com/wp-content/uploads/2016/04/2016-04-07-09-56-22-150x150.jpg]
[herbnkathy.com/wp-content/uploads/2016/04/2016-04-07-09-59-32.jpg]
[herbnkathy.com/wp-content/uploads/2016/04/2016-04-07-09-59-32-150x150.jpg]
[herbnkathy.com/wp-content/uploads/2016/04/2016-04-07-10-01-02.jpg]
[herbnkathy.com/wp-content/uploads/2016/04/2016-04-07-10-01-02-150x150.jpg]
[herbnkathy.com/wp-content/uploads/2016/04/2016-04-07-10-06-18.jpg]
[herbnkathy.com/wp-content/uploads/2016/04/2016-04-07-10-06-18-150x150.jpg]
[herbnkathy.com/wp-content/uploads/2016/04/2016-04-07-10-06-47.jpg]
[herbnkathy.com/wp-content/uploads/2016/04/2016-04-07-10-06-47-150x150.jpg]
[herbnkathy.com/wp-content/uploads/2016/04/2016-04-07-10-10-33.jpg]
[herbnkathy.com/wp-content/uploads/2016/04/2016-04-07-10-10-33-150x150.jpg]
[herbnkathy.com/wp-content/uploads/2016/04/2016-04-07-10-11-28.jpg]
[herbnkathy.com/wp-content/uploads/2016/04/2016-04-07-10-11-28-150x150.jpg]
[herbnkathy.com/wp-content/uploads/2016/04/2016-04-07-10-12-57.jpg]
[herbnkathy.com/wp-content/uploads/2016/04/2016-04-07-10-12-57-150x150.jpg]
[herbnkathy.com/tag/flowers/index.html]
[herbnkathy.com/tag/myriad/index.html]
[herbnkathy.com/tag/botanical/index.html]
[herbnkathy.com/tag/greenhouse/index.html]
[herbnkathy.com/wp-json/wp/v2/tags/554707632.json]
[herbnkathy.com/tag/greenhouse/feed/index.html]
[herbnkathy.com/tag/oklahoma-city/index.html]
[herbnkathy.com/tag/nursery/index.html]
[herbnkathy.com/wp-json/wp/v2/tags/554707629.json]
[herbnkathy.com/tag/nursery/feed/index.html]
[herbnkathy.com/tag/planting/index.html]
[herbnkathy.com/wp-json/wp/v2/tags/554707630.json]
[herbnkathy.com/tag/planting/feed/index.html]
[herbnkathy.com/tag/plants/index.html]
[herbnkathy.com/wp-json/wp/v2/tags/15734.json]
[herbnkathy.com/tag/plants/feed/index.html]
[herbnkathy.com/wp-json/oembed/1.0/embed8be0.json]
[herbnkathy.com/wp-json/oembed/1.0/embed0abb]
[herbnkathy.com/2018/11/21/casa-grande-ruins-national-monument/feed/index.html]
[herbnkathy.com/2018/11/21/casa-grande-ruins-national-monument/index.html]
[herbnkathy.com/wp-json/wp/v2/posts/5134.json]
[herbnkathy.com/wp-json/oembed/1.0/embed3674.json]
[herbnkathy.com/2016/09/28/is-it-really-a-castle/feed/index.html]
[herbnkathy.com/wp-json/oembed/1.0/embed41e2]
[herbnkathy.com/wp-json/wp/v2/posts/1851.json]
[herbnkathy.com/wp-content/uploads/2016/09/2016-09-26-10-42-33.jpg]
[herbnkathy.com/wp-content/uploads/2016/09/2016-09-26-10-42-33-150x150.jpg]
[herbnkathy.com/wp-content/uploads/2016/09/2016-09-26-10-41-56.jpg]
[herbnkathy.com/wp-content/uploads/2016/09/2016-09-26-10-41-56-150x150.jpg]
[herbnkathy.com/wp-content/uploads/2016/09/2016-09-26-11-47-05.jpg]
[herbnkathy.com/wp-content/uploads/2016/09/2016-09-26-11-38-38.jpg]
[herbnkathy.com/wp-content/uploads/2016/09/2016-09-26-11-37-43.jpg]
[herbnkathy.com/wp-content/uploads/2016/09/2016-09-28-13-09-18.jpg]
[herbnkathy.com/wp-content/uploads/2016/09/2016-09-28-13-09-18-150x150.jpg]
[herbnkathy.com/wp-content/uploads/2016/09/2016-09-28-13-08-511.jpg]
[herbnkathy.com/wp-content/uploads/2016/09/2016-09-28-13-08-511-150x150.jpg]
[herbnkathy.com/wp-content/uploads/2016/09/2016-09-28-13-08-38.jpg]
[herbnkathy.com/wp-content/uploads/2016/09/2016-09-28-13-08-38-150x150.jpg]
[herbnkathy.com/wp-content/uploads/2016/09/2016-09-26-12-58-10.jpg]
[herbnkathy.com/wp-content/uploads/2016/09/2016-09-26-12-58-10-150x150.jpg]
[herbnkathy.com/wp-content/uploads/2016/09/2016-09-26-12-56-36.jpg]
[herbnkathy.com/wp-content/uploads/2016/09/2016-09-26-12-56-36-150x150.jpg]
[secure.gravatar.com/avatar/bea3624cdcb0a5984a9e0d3eb5ed44293419dbc278e0f33ba2c27640105cb96fa8ba.png]
[herbnkathy.com/2016/09/28/is-it-really-a-castle/index.html]
[herbnkathy.com/tag/montezuma/index.html]
[herbnkathy.com/tag/verde-valley/index.html]
[herbnkathy.com/tag/canal/index.html]
[herbnkathy.com/wp-json/wp/v2/tags/554707625.json]
[herbnkathy.com/2016/10/02/toozi-what/index.html]
[herbnkathy.com/tag/canal/feed/index.html]
[herbnkathy.com/2016/10/20/petroglyphs-at-v-bar-v-ranch/index.html]
[herbnkathy.com/2016/09/28/is-it-really-a-castle/index194d.html]
[herbnkathy.com/tag/castle/feed/index.html]
[herbnkathy.com/tag/castle/index.html]
[herbnkathy.com/wp-json/wp/v2/tags/554707624.json]
[herbnkathy.com/tag/crops/index.html]
[herbnkathy.com/wp-json/wp/v2/tags/554707627.json]
[herbnkathy.com/tag/crops/feed/index.html]
[herbnkathy.com/tag/farming/index.html]
[herbnkathy.com/wp-json/wp/v2/tags/554707628.json]
[herbnkathy.com/tag/farming/feed/index.html]
[herbnkathy.com/tag/irrigation/index.html]
[herbnkathy.com/tag/irrigation/feed/index.html]
[herbnkathy.com/wp-json/wp/v2/tags/554707626.json]
[herbnkathy.com/tag/ruins/index.html]
[herbnkathy.com/wp-json/wp/v2/tags/554707622.json]
[herbnkathy.com/tag/sonoran/feed/index.html]
[herbnkathy.com/tag/ruins/feed/index.html]
[herbnkathy.com/tag/sonoran/index.html]
[herbnkathy.com/wp-json/wp/v2/tags/554707623.json]
[herbnkathy.com/wp-json/oembed/1.0/embed19fd.json]
[herbnkathy.com/wp-json/oembed/1.0/embedcc0c]
[herbnkathy.com/2016/04/14/deming-nm-to-casa-grande-az/feed/index.html]
[herbnkathy.com/2016/04/14/deming-nm-to-casa-grande-az/index.html]
[herbnkathy.com/wp-json/wp/v2/posts/675.json]
[herbnkathy.com/tag/dream-catcher/index.html]
[herbnkathy.com/wp-json/wp/v2/tags/191633.json]
[herbnkathy.com/2016/04/14/deming-nm-to-casa-grande-az/index43c5.html]
[herbnkathy.com/tag/dream-catcher/feed/index.html]
[herbnkathy.com/2016/04/14/deming-nm-to-casa-grande-az/indexfd52.html]
[herbnkathy.com/tag/mission/feed/index.html]
[herbnkathy.com/tag/mission/index.html]
[herbnkathy.com/tag/herbsells/page/2/index.html]
[herbnkathy.com/wp-json/wp/v2/tags/13924.json]
[herbnkathy.com/wp-content/uploads/2017/11/2017-10-11-18.19.46.jpg]
[herbnkathy.com/wp-content/uploads/2017/11/2017-10-11-18.24.49.jpg]
[herbnkathy.com/2017/11/27/foretravel-coach-plant-tour-nacogdoches-tx/index.html]
[herbnkathy.com/wp-content/uploads/2017/11/2017-10-12-09.38.24.jpg]
[herbnkathy.com/wp-content/uploads/2017/11/2017-10-12-10.24.24.jpg]
[herbnkathy.com/wp-content/uploads/2017/11/2017-10-12-10.27.45.jpg]
[herbnkathy.com/wp-content/uploads/2017/11/2017-10-12-10.27.50.jpg]
[herbnkathy.com/wp-content/uploads/2017/11/2017-10-12-10.31.35.jpg]
[herbnkathy.com/wp-content/uploads/2017/11/2017-10-12-10.31.41.jpg]
[herbnkathy.com/wp-content/uploads/2017/11/2017-10-12-10.35.33.jpg]
[herbnkathy.com/wp-content/uploads/2017/11/2017-10-12-10.49.09.jpg]
[herbnkathy.com/wp-content/uploads/2017/11/2017-10-12-10.50.54.jpg]
[herbnkathy.com/wp-content/uploads/2017/11/2017-10-12-10.52.22.jpg]
[herbnkathy.com/wp-content/uploads/2017/11/2017-10-12-10.55.47.jpg]
[herbnkathy.com/wp-content/uploads/2017/11/2017-10-12-11.00.56.jpg]
[herbnkathy.com/wp-content/uploads/2017/11/2017-10-12-11.05.15.jpg]
[herbnkathy.com/wp-content/uploads/2017/11/2017-10-12-11.06.56.jpg]
[herbnkathy.com/wp-content/uploads/2017/11/2017-10-12-10.56.56.jpg]
[herbnkathy.com/wp-content/uploads/2017/11/2017-10-12-11.43.22.jpg]
[herbnkathy.com/wp-content/uploads/2017/11/2017-10-12-11.43.34.jpg]
[herbnkathy.com/wp-content/uploads/2017/11/2017-10-12-11.43.50.jpg]
[herbnkathy.com/wp-content/uploads/2017/11/2017-10-12-11.44.31.jpg]
[herbnkathy.com/wp-content/uploads/2017/11/2017-10-11-14.53.41.jpg]
[herbnkathy.com/wp-content/uploads/2017/11/2017-10-11-14.53.58.jpg]
[herbnkathy.com/wp-content/uploads/2017/11/2017-10-11-15.44.40.jpg]
[herbnkathy.com/wp-content/uploads/2017/11/2017-10-11-17.28.30.jpg]
[herbnkathy.com/wp-content/uploads/2017/11/2017-10-11-17.41.04.jpg]
[herbnkathy.com/wp-content/uploads/2017/11/2017-10-11-17.41.10.jpg]
[herbnkathy.com/wp-content/uploads/2017/11/2017-10-11-18.01.26.jpg]
[herbnkathy.com/wp-content/uploads/2017/11/2017-10-11-18.01.56.jpg]
[herbnkathy.com/wp-content/uploads/2017/11/2017-10-11-18.02.39.jpg]
[herbnkathy.com/wp-content/uploads/2017/11/2017-10-11-18.03.09.jpg]
[herbnkathy.com/tag/motorhome/page/2/index.html]
[herbnkathy.com/tag/coach/index.html]
[herbnkathy.com/wp-json/oembed/1.0/embeda50f.json]
[herbnkathy.com/tag/factory-tour/index.html]
[herbnkathy.com/tag/foretravel/index.html]
[herbnkathy.com/tag/ih-45/index.html]
[herbnkathy.com/tag/nacogdoches/index.html]
[herbnkathy.com/tag/realm/index.html]
[herbnkathy.com/wp-json/oembed/1.0/embed0e77]
[herbnkathy.com/tag/u295/index.html]
[herbnkathy.com/tag/u320/index.html]
[herbnkathy.com/wp-json/wp/v2/posts/4816.json]
[herbnkathy.com/2018/06/09/our-visit-to-the-voice-of-america/feed/index.html]
[secure.gravatar.com/avatar/e6e547e4056b48093d93cd9506dbb2d4e8403b29cf704bb2a8f31918a8135337a8ba.jpeg]
[herbnkathy.com/2018/06/09/our-visit-to-the-voice-of-america/index.html]
[herbnkathy.com/2018/06/05/just-havin-fun-with-the-dogs-on-the-water/index.html]
[herbnkathy.com/2018/06/09/our-visit-to-the-voice-of-america/indexa1a0.html]
[herbnkathy.com/2018/06/09/our-visit-to-the-voice-of-america/index7875.html]
[herbnkathy.com/2018/06/09/our-visit-to-the-voice-of-america/index9975.html]
[herbnkathy.com/tag/bethany/index.html]
[herbnkathy.com/tag/bethany/feed/index.html]
[herbnkathy.com/wp-json/wp/v2/tags/554707575.json]
[herbnkathy.com/2018/06/09/our-visit-to-the-voice-of-america/indexf8e8.html]
[herbnkathy.com/tag/broadcast/feed/index.html]
[herbnkathy.com/tag/broadcast/index.html]
[herbnkathy.com/wp-json/wp/v2/tags/554707569.json]
[herbnkathy.com/tag/cincinnati/index.html]
[herbnkathy.com/wp-json/wp/v2/tags/554707567.json]
[herbnkathy.com/tag/cincinnati/feed/index.html]
[herbnkathy.com/tag/crosley/index.html]
[herbnkathy.com/wp-json/wp/v2/tags/554707565.json]
[herbnkathy.com/tag/dayton/index.html]
[herbnkathy.com/tag/crosley/feed/index.html]
[herbnkathy.com/wp-json/wp/v2/tags/554707563.json]
[herbnkathy.com/tag/dayton/feed/index.html]
[herbnkathy.com/tag/germany/index.html]
[herbnkathy.com/tag/germany/feed/index.html]
[herbnkathy.com/wp-json/wp/v2/tags/554707574.json]
[herbnkathy.com/tag/hamvention/index.html]
[herbnkathy.com/wp-json/wp/v2/tags/554707564.json]
[herbnkathy.com/tag/hamvention/feed/index.html]
[herbnkathy.com/tag/hitler/index.html]
[herbnkathy.com/tag/hitler/feed/index.html]
[herbnkathy.com/wp-json/wp/v2/tags/554707573.json]
[herbnkathy.com/tag/russia/index.html]
[herbnkathy.com/wp-json/wp/v2/tags/554707571.json]
[herbnkathy.com/tag/voa/index.html]
[herbnkathy.com/tag/russia/feed/index.html]
[herbnkathy.com/wp-json/wp/v2/tags/554707568.json]
[herbnkathy.com/tag/voa/feed/index.html]
[herbnkathy.com/tag/watts/index.html]
[herbnkathy.com/wp-json/wp/v2/tags/554707570.json]
[herbnkathy.com/tag/watts/feed/index.html]
[herbnkathy.com/tag/wlw/index.html]
[herbnkathy.com/tag/wlw/feed/index.html]
[herbnkathy.com/wp-json/wp/v2/tags/554707566.json]
[herbnkathy.com/tag/world-war-ii/index.html]
[herbnkathy.com/wp-json/wp/v2/tags/554707572.json]
[herbnkathy.com/tag/world-war-ii/feed/index.html]
[herbnkathy.com/wp-json/oembed/1.0/embed575f.json]
[herbnkathy.com/2018/04/14/driveway-surfing-is-a-blast/feed/index.html]
[herbnkathy.com/wp-json/oembed/1.0/embedd051]
[herbnkathy.com/wp-json/wp/v2/posts/4707.json]
[secure.gravatar.com/avatar/7943cb2869945f523a7bf450626f003f75d38b766f43dcf08d8e5f1ebfc97cc7a8ba.jpeg]
[herbnkathy.com/2018/04/14/driveway-surfing-is-a-blast/index.html]
[herbnkathy.com/2018/04/14/driveway-surfing-is-a-blast/index1aea.html]
[herbnkathy.com/2018/04/14/driveway-surfing-is-a-blast/index25f9.html]
[herbnkathy.com/2018/04/14/driveway-surfing-is-a-blast/index24e9.html]
[herbnkathy.com/tag/boondockerswelcome/feed/index.html]
[herbnkathy.com/tag/boondockerswelcome/index.html]
[herbnkathy.com/wp-json/wp/v2/tags/554707557.json]
[herbnkathy.com/tag/fmca/index.html]
[herbnkathy.com/wp-json/wp/v2/tags/554707558.json]
[herbnkathy.com/tag/fmca/feed/index.html]
[herbnkathy.com/tag/free-camping/feed/index.html]
[herbnkathy.com/tag/free-camping/index.html]
[herbnkathy.com/wp-json/wp/v2/tags/554707560.json]
[herbnkathy.com/tag/kansas/index.html]
[herbnkathy.com/tag/kansas/feed/index.html]
[herbnkathy.com/wp-json/wp/v2/tags/14041.json]
[herbnkathy.com/tag/overnight/index.html]
[herbnkathy.com/wp-json/wp/v2/tags/554707561.json]
[herbnkathy.com/tag/overnight/feed/index.html]
[herbnkathy.com/tag/wbcci/index.html]
[herbnkathy.com/tag/wbcci/feed/index.html]
[herbnkathy.com/wp-json/wp/v2/tags/554707559.json]
[herbnkathy.com/wp-json/oembed/1.0/embedd05e.json]
[herbnkathy.com/2018/01/07/how-do-we-know-were-not-going-to-freeze-down-below/feed/index.html]
[herbnkathy.com/wp-json/oembed/1.0/embed4c9b]
[herbnkathy.com/2018/01/07/how-do-we-know-were-not-going-to-freeze-down-below/index.html]
[herbnkathy.com/wp-json/wp/v2/posts/4512.json]
[herbnkathy.com/2017/12/27/suspension-and-steering-upgrades-to-our-coach/index.html]
[herbnkathy.com/tag/5th-wheel/index.html]
[herbnkathy.com/wp-json/wp/v2/tags/554707532.json]
[herbnkathy.com/2018/01/07/how-do-we-know-were-not-going-to-freeze-down-below/indexeb0a.html]
[herbnkathy.com/2018/01/07/how-do-we-know-were-not-going-to-freeze-down-below/index0800.html]
[herbnkathy.com/2018/01/07/how-do-we-know-were-not-going-to-freeze-down-below/index960b.html]
[herbnkathy.com/2018/01/07/how-do-we-know-were-not-going-to-freeze-down-below/indexdf58.html]
[herbnkathy.com/tag/5th-wheel/feed/index.html]
[herbnkathy.com/tag/freezing/feed/index.html]
[herbnkathy.com/tag/freezing/index.html]
[herbnkathy.com/wp-json/wp/v2/tags/554707527.json]
[herbnkathy.com/tag/light-bulb/feed/index.html]
[herbnkathy.com/tag/light-bulb/index.html]
[herbnkathy.com/wp-json/wp/v2/tags/554707530.json]
[herbnkathy.com/tag/termperature/index.html]
[herbnkathy.com/wp-json/wp/v2/tags/554707529.json]
[herbnkathy.com/tag/termperature/feed/index.html]
[herbnkathy.com/tag/thermo-cube/index.html]
[herbnkathy.com/wp-json/wp/v2/tags/554707531.json]
[herbnkathy.com/tag/thermo-cube/feed/index.html]
[herbnkathy.com/tag/thermometer/index.html]
[herbnkathy.com/wp-json/wp/v2/tags/895882.json]
[herbnkathy.com/tag/thermometer/feed/index.html]
[herbnkathy.com/tag/water-freezing/index.html]
[herbnkathy.com/wp-json/wp/v2/tags/554707528.json]
[herbnkathy.com/tag/water-freezing/feed/index.html]
[herbnkathy.com/tag/water-supply/index.html]
[herbnkathy.com/wp-json/wp/v2/tags/554707526.json]
[herbnkathy.com/tag/water-supply/feed/index.html]
[herbnkathy.com/wp-json/oembed/1.0/embeddd62.json]
[herbnkathy.com/wp-json/oembed/1.0/embedbbf7]
[herbnkathy.com/2016/03/30/finally-ready/feed/index.html]
[herbnkathy.com/2016/03/30/finally-ready/index.html]
[herbnkathy.com/wp-json/wp/v2/posts/340.json]
[herbnkathy.com/tag/drawtite/index.html]
[herbnkathy.com/wp-json/wp/v2/tags/17273415.json]
[herbnkathy.com/2016/03/26/progress-being-made/index.html]
[herbnkathy.com/tag/drawtite/feed/index.html]
[herbnkathy.com/wp-content/uploads/2016/03/road-trip.jpg]
[herbnkathy.com/tag/trailer-lights/index.html]
[herbnkathy.com/indexd9ae.html]
[herbnkathy.com/wp-json/wp/v2/tags/11565311.json]
[herbnkathy.com/2023/12/20/getting-in-the-spirit/index04c0.html]
[herbnkathy.com/2023/12/20/getting-in-the-spirit/index39eb.html]
[herbnkathy.com/tag/trailer-lights/feed/index.html]
[herbnkathy.com/2016/03/25/mechanicals-update/index.html]
[herbnkathy.com/wp-json/oembed/1.0/embedb504.json]
[herbnkathy.com/2021/10/08/tourist-review-harvest-host-staypine-bluffs-distilling-pine-bluffs-wy/feed/index.html]
[herbnkathy.com/wp-json/oembed/1.0/embeddfe0]
[herbnkathy.com/2021/10/08/tourist-review-harvest-host-staypine-bluffs-distilling-pine-bluffs-wy/index.html]
[herbnkathy.com/wp-json/wp/v2/posts/8056.json]
[herbnkathy.com/tag/alcohol/index.html]
[herbnkathy.com/wp-json/wp/v2/tags/554708072.json]
[herbnkathy.com/tag/alcohol/feed/index.html]
[herbnkathy.com/tag/barley/index.html]
[herbnkathy.com/wp-json/wp/v2/tags/554708081.json]
[herbnkathy.com/tag/barley/feed/index.html]
[herbnkathy.com/tag/bloody-mary/index.html]
[herbnkathy.com/tag/bloody-mary/feed/index.html]
[herbnkathy.com/wp-json/wp/v2/tags/554708077.json]
[herbnkathy.com/tag/drinking/index.html]
[herbnkathy.com/tag/drinking/feed/index.html]
[herbnkathy.com/wp-json/wp/v2/tags/554708076.json]
[herbnkathy.com/tag/grain/index.html]
[herbnkathy.com/tag/grain/feed/index.html]
[herbnkathy.com/wp-json/wp/v2/tags/554708078.json]
[herbnkathy.com/tag/liquor/feed/index.html]
[herbnkathy.com/tag/liquor/index.html]
[herbnkathy.com/wp-json/wp/v2/tags/554708071.json]
[herbnkathy.com/tag/oat/index.html]
[herbnkathy.com/wp-json/wp/v2/tags/554708082.json]
[herbnkathy.com/tag/oat/feed/index.html]
[herbnkathy.com/tag/pine-bluffs/index.html]
[herbnkathy.com/tag/pine-bluffs/feed/index.html]
[herbnkathy.com/wp-json/wp/v2/tags/554708075.json]
[herbnkathy.com/tag/rye/index.html]
[herbnkathy.com/tag/rye/feed/index.html]
[herbnkathy.com/wp-json/wp/v2/tags/554708080.json]
[herbnkathy.com/tag/vodka/index.html]
[herbnkathy.com/wp-json/wp/v2/tags/554708074.json]
[herbnkathy.com/tag/vodka/feed/index.html]
[herbnkathy.com/tag/wheat/index.html]
[herbnkathy.com/tag/wheat/feed/index.html]
[herbnkathy.com/wp-json/wp/v2/tags/554708079.json]
[herbnkathy.com/tag/whiskey/index.html]
[herbnkathy.com/tag/whiskey/feed/index.html]
[herbnkathy.com/wp-json/wp/v2/tags/554708073.json]
[herbnkathy.com/wp-json/oembed/1.0/embed418d.json]
[herbnkathy.com/wp-json/oembed/1.0/embed4210]
[herbnkathy.com/2021/10/05/campground-review-cabelas-sidney-nebraska/feed/index.html]
[herbnkathy.com/wp-json/wp/v2/posts/7977.json]
[secure.gravatar.com/avatar/329f72455f45eab7a2653dfb3d5e227d6266e4a7a27d477142725a82b658b998a8ba.png]
[herbnkathy.com/2021/10/05/campground-review-cabelas-sidney-nebraska/index.html]
[herbnkathy.com/2021/10/05/campground-review-cabelas-sidney-nebraska/indexdc01.html]
[herbnkathy.com/tag/cabelas-2/index.html]
[herbnkathy.com/tag/cabelas-2/feed/index.html]
[herbnkathy.com/wp-json/wp/v2/tags/554708052.json]
[herbnkathy.com/tag/full-hook-up/index.html]
[herbnkathy.com/wp-json/wp/v2/tags/554708057.json]
[herbnkathy.com/tag/full-hook-up/feed/index.html]
[herbnkathy.com/tag/overnight-parking/index.html]
[herbnkathy.com/wp-json/wp/v2/tags/554708055.json]
[herbnkathy.com/tag/overnight-parking/feed/index.html]
[herbnkathy.com/tag/rv-parking/index.html]
[herbnkathy.com/tag/rv-parking/feed/index.html]
[herbnkathy.com/wp-json/wp/v2/tags/554708054.json]
[herbnkathy.com/tag/sidney/index.html]
[herbnkathy.com/wp-json/wp/v2/tags/554708056.json]
[herbnkathy.com/tag/sidney/feed/index.html]
[herbnkathy.com/tag/truck/feed/index.html]
[herbnkathy.com/tag/truck/index.html]
[herbnkathy.com/wp-json/wp/v2/tags/554708058.json]
[herbnkathy.com/tag/truck-parking/index.html]
[herbnkathy.com/category/food/page/2/index.html]
[herbnkathy.com/tag/truck-parking/feed/index.html]
[herbnkathy.com/category/sightseeing/page/2/index.html]
[herbnkathy.com/wp-json/wp/v2/tags/554708053.json]
[herbnkathy.com/category/food/page/3/index.html]
[herbnkathy.com/2019/02/06/road-trip-over-parker-dam/feed/index.html]
[herbnkathy.com/category/sightseeing/page/3/index.html]
[herbnkathy.com/wp-json/oembed/1.0/embedcf20.json]
[herbnkathy.com/wp-json/oembed/1.0/embed79e7]
[herbnkathy.com/2019/02/06/road-trip-over-parker-dam/index.html]
[herbnkathy.com/wp-json/wp/v2/posts/5383.json]
[herbnkathy.com/wp-json/oembed/1.0/embedd29c.json]
[herbnkathy.com/2019/01/01/another-great-climb-er-drive-up-the-mountain/feed/index.html]
[herbnkathy.com/wp-json/oembed/1.0/embedd750]
[herbnkathy.com/2019/01/01/another-great-climb-er-drive-up-the-mountain/index.html]
[herbnkathy.com/wp-json/wp/v2/posts/5235.json]
[herbnkathy.com/2019/01/01/another-great-climb-er-drive-up-the-mountain/index5b55.html]
[herbnkathy.com/2019/01/01/another-great-climb-er-drive-up-the-mountain/index16e2.html]
[herbnkathy.com/tag/lake-havasu/feed/index.html]
[herbnkathy.com/tag/lake-havasu/index.html]
[herbnkathy.com/wp-json/wp/v2/tags/554707261.json]
[herbnkathy.com/tag/lake-havasu-city/feed/index.html]
[herbnkathy.com/tag/lake-havasu-city/index.html]
[herbnkathy.com/wp-json/wp/v2/tags/554707673.json]
[herbnkathy.com/tag/london-bridge/index.html]
[herbnkathy.com/tag/london-bridge/feed/index.html]
[herbnkathy.com/wp-json/wp/v2/tags/554707672.json]
[herbnkathy.com/tag/parker/index.html]
[herbnkathy.com/tag/parker/feed/index.html]
[herbnkathy.com/wp-json/wp/v2/tags/554707263.json]
[herbnkathy.com/tag/parker-dam/index.html]
[herbnkathy.com/tag/parker-dam/feed/index.html]
[herbnkathy.com/wp-json/wp/v2/tags/554707264.json]
[herbnkathy.com/tag/refuge/index.html]
[herbnkathy.com/wp-json/wp/v2/tags/554707670.json]
[herbnkathy.com/tag/road-trip/index.html]
[herbnkathy.com/tag/refuge/feed/index.html]
[herbnkathy.com/wp-json/wp/v2/tags/554707437.json]
[herbnkathy.com/tag/road-trip/feed/index.html]
[herbnkathy.com/tag/wildlife/index.html]
[herbnkathy.com/wp-json/wp/v2/tags/554707267.json]
[herbnkathy.com/wp-content/uploads/2018/03/Too-Heavy-1-e1521853312918.jpg]
[herbnkathy.com/tag/wildlife/feed/index.html]
[herbnkathy.com/wp-content/uploads/2018/03/2018-03-23-14.04.31.jpg]
[herbnkathy.com/wp-content/uploads/2018/03/2018-03-23-14.04.31-300x169.jpg]
[herbnkathy.com/2018/03/23/kathy-asked-are-we-too-heavy/index.html]
[herbnkathy.com/wp-content/uploads/2018/03/2018-03-23-09.00.03.jpg]
[herbnkathy.com/wp-content/uploads/2018/03/2018-03-23-09.00.14.jpg]
[herbnkathy.com/wp-content/uploads/2018/03/Airstream-Freightliner-Chassis-Data-Sheet-Highlighted-2.pdf]
[herbnkathy.com/wp-content/uploads/2018/03/2018-03-23-14.04.41.jpg]
[herbnkathy.com/wp-content/uploads/2018/03/2018-03-23-14.04.41-300x169.jpg]
[herbnkathy.com/wp-content/uploads/2018/03/2017-10-13-09.53.24.jpg]
[herbnkathy.com/wp-content/uploads/2018/03/2017-10-13-09.53.24-300x169.jpg]
[herbnkathy.com/wp-content/uploads/2018/03/SmartWeigh-Pg1.png]
[herbnkathy.com/wp-content/uploads/2018/03/SmartWeigh-Pg3.png]
[herbnkathy.com/wp-content/uploads/2017/03/2017-03-20-08.24.32.jpg]
[herbnkathy.com/wp-content/uploads/2017/03/2017-03-19-17.08.46.jpg]
[herbnkathy.com/wp-content/uploads/2017/03/2017-03-19-17.08.46-300x169.jpg]
[herbnkathy.com/tag/manufacturer/index.html]
[herbnkathy.com/wp-content/uploads/2017/03/2017-03-20-14.31.23.jpg]
[herbnkathy.com/wp-content/uploads/2017/03/2017-03-20-14.31.23-1024x576.jpg]
[herbnkathy.com/wp-content/uploads/2017/03/2017-03-20-14.31.14.jpg]
[herbnkathy.com/tag/recommendations/index.html]
[herbnkathy.com/wp-content/uploads/2017/03/2017-03-20-14.31.14-1024x576.jpg]
[herbnkathy.com/tag/smartweigh/index.html]
[herbnkathy.com/wp-content/uploads/2017/03/2017-03-20-14.15.44.jpg]
[herbnkathy.com/wp-content/uploads/2017/03/2017-03-20-14.15.44-1024x576.jpg]
[herbnkathy.com/wp-content/uploads/2017/03/2017-03-20-14.08.32.jpg]
[herbnkathy.com/tag/specifications/index.html]
[herbnkathy.com/wp-content/uploads/2017/03/2017-03-20-14.08.32-1024x576.jpg]
[herbnkathy.com/wp-content/uploads/2017/03/2017-03-20-14.07.18.jpg]
[herbnkathy.com/wp-content/uploads/2017/03/2017-03-20-14.07.18-1024x576.jpg]
[herbnkathy.com/wp-content/uploads/2017/03/2017-03-20-14.07.14.jpg]
[herbnkathy.com/tag/weigh/index.html]
[herbnkathy.com/wp-content/uploads/2017/03/2017-03-20-14.07.14-1024x576.jpg]
[herbnkathy.com/wp-content/uploads/2017/03/2017-03-20-14.01.07.jpg]
[herbnkathy.com/wp-content/uploads/2017/03/2017-03-20-14.01.07-1024x576.jpg]
[herbnkathy.com/wp-content/uploads/2017/03/2017-03-20-14.00.13.jpg]
[herbnkathy.com/wp-content/uploads/2017/03/2017-03-20-14.00.13-1024x576.jpg]
[herbnkathy.com/2017/03/20/an-amazing-trip-to-fort-morgan/index.html]
[herbnkathy.com/wp-content/uploads/2017/03/2017-03-20-13.55.12.jpg]
[herbnkathy.com/wp-content/uploads/2017/03/2017-03-20-13.55.12-1024x576.jpg]
[herbnkathy.com/wp-content/uploads/2017/03/2017-03-20-13.54.49.jpg]
[herbnkathy.com/wp-content/uploads/2017/03/2017-03-20-13.54.49-1024x576.jpg]
[herbnkathy.com/wp-content/uploads/2017/03/2017-03-20-13.50.33.jpg]
[herbnkathy.com/wp-content/uploads/2017/03/2017-03-20-13.50.33-1024x576.jpg]
[herbnkathy.com/wp-content/uploads/2017/03/2017-03-20-13.45.29.jpg]
[herbnkathy.com/wp-content/uploads/2017/03/2017-03-20-13.45.29-1024x576.jpg]
[herbnkathy.com/wp-content/uploads/2017/03/2017-03-20-13.44.00.jpg]
[herbnkathy.com/wp-content/uploads/2017/03/2017-03-20-13.44.00-1024x576.jpg]
[herbnkathy.com/wp-content/uploads/2017/03/2017-03-20-13.43.55.jpg]
[herbnkathy.com/wp-content/uploads/2017/03/2017-03-20-13.43.55-1024x576.jpg]
[herbnkathy.com/wp-content/uploads/2017/03/2017-03-20-13.42.14.jpg]
[herbnkathy.com/wp-content/uploads/2017/03/2017-03-20-13.42.14-1024x576.jpg]
[herbnkathy.com/wp-content/uploads/2017/03/2017-03-20-13.41.46.jpg]
[herbnkathy.com/wp-content/uploads/2017/03/2017-03-20-13.41.46-1024x576.jpg]
[herbnkathy.com/wp-content/uploads/2017/03/2017-03-20-13.41.13.jpg]
[herbnkathy.com/wp-content/uploads/2017/03/2017-03-20-13.41.13-1024x576.jpg]
[herbnkathy.com/wp-content/uploads/2017/03/2017-03-20-13.41.09.jpg]
[herbnkathy.com/wp-content/uploads/2017/03/2017-03-20-13.41.09-1024x576.jpg]
[herbnkathy.com/wp-content/uploads/2017/03/2017-03-20-13.40.06.jpg]
[herbnkathy.com/wp-content/uploads/2017/03/2017-03-20-13.40.06-1024x576.jpg]
[herbnkathy.com/wp-content/uploads/2017/03/2017-03-20-13.38.33.jpg]
[herbnkathy.com/wp-content/uploads/2017/03/2017-03-20-13.38.33-1024x576.jpg]
[herbnkathy.com/wp-content/uploads/2017/03/2017-03-20-13.31.54.jpg]
[herbnkathy.com/wp-content/uploads/2017/03/2017-03-20-13.31.54-1024x576.jpg]
[herbnkathy.com/wp-content/uploads/2017/03/2017-03-20-13.24.34.jpg]
[herbnkathy.com/wp-content/uploads/2017/03/2017-03-20-13.24.34-1024x576.jpg]
[herbnkathy.com/wp-content/uploads/2017/03/2017-03-20-13.24.19.jpg]
[herbnkathy.com/wp-content/uploads/2017/03/2017-03-20-13.24.19-1024x576.jpg]
[herbnkathy.com/wp-content/uploads/2017/03/2017-03-20-13.24.13.jpg]
[herbnkathy.com/wp-content/uploads/2017/03/2017-03-20-13.24.13-1024x576.jpg]
[herbnkathy.com/wp-content/uploads/2017/03/2017-03-20-13.20.40.jpg]
[herbnkathy.com/wp-content/uploads/2017/03/2017-03-20-13.20.40-1024x576.jpg]
[herbnkathy.com/tag/escapees/page/2/index.html]
[herbnkathy.com/tag/herbnkathy/page/2/index.html]
[herbnkathy.com/tag/fort-morgan/index.html]
[herbnkathy.com/tag/beach/index.html]
[herbnkathy.com/2019/03/18/where-were-heading-to-next/feed/index.html]
[herbnkathy.com/tag/mobile/index.html]
[herbnkathy.com/wp-json/oembed/1.0/embeda9cf.json]
[herbnkathy.com/wp-json/oembed/1.0/embed6324]
[herbnkathy.com/2019/03/18/where-were-heading-to-next/index.html]
[herbnkathy.com/wp-json/wp/v2/posts/5545.json]
[herbnkathy.com/tag/idaho/index.html]
[herbnkathy.com/wp-json/wp/v2/tags/554707700.json]
[herbnkathy.com/2019/03/18/where-were-heading-to-next/index64ab.html]
[herbnkathy.com/2019/03/18/where-were-heading-to-next/index040c.html]
[herbnkathy.com/2019/03/18/where-were-heading-to-next/index2485.html]
[herbnkathy.com/2019/03/18/where-were-heading-to-next/indexb7c1.html]
[herbnkathy.com/2019/03/18/where-were-heading-to-next/indexa141.html]
[herbnkathy.com/2019/03/18/where-were-heading-to-next/indexaa8f.html]
[herbnkathy.com/2019/03/18/where-were-heading-to-next/index8190.html]
[herbnkathy.com/2019/03/18/where-were-heading-to-next/index5fa0.html]
[herbnkathy.com/tag/idaho/feed/index.html]
[herbnkathy.com/tag/national-parks/index.html]
[herbnkathy.com/wp-json/wp/v2/tags/554707698.json]
[herbnkathy.com/tag/national-parks/feed/index.html]
[herbnkathy.com/tag/border-patrol/index.html]
[herbnkathy.com/wp-json/wp/v2/tags/554707659.json]
[herbnkathy.com/tag/border-patrol/feed/index.html]
[herbnkathy.com/tag/catalina/index.html]
[herbnkathy.com/tag/catalina/feed/index.html]
[herbnkathy.com/wp-json/wp/v2/tags/554707663.json]
[herbnkathy.com/tag/coronado-national-forest/index.html]
[herbnkathy.com/wp-json/wp/v2/tags/554707664.json]
[herbnkathy.com/tag/coronado-national-forest/feed/index.html]
[herbnkathy.com/tag/driving-tour/index.html]
[herbnkathy.com/wp-json/wp/v2/tags/554707666.json]
[herbnkathy.com/tag/driving-tour/feed/index.html]
[herbnkathy.com/tag/mt-lemmon/index.html]
[herbnkathy.com/tag/mt-lemmon/feed/index.html]
[herbnkathy.com/wp-json/wp/v2/tags/554707655.json]
[herbnkathy.com/tag/repel/feed/index.html]
[herbnkathy.com/tag/repel/index.html]
[herbnkathy.com/wp-json/wp/v2/tags/554707657.json]
[herbnkathy.com/tag/rescue/feed/index.html]
[herbnkathy.com/tag/rescue/index.html]
[herbnkathy.com/wp-json/wp/v2/tags/554707658.json]
[herbnkathy.com/tag/science-tour/feed/index.html]
[herbnkathy.com/tag/science-tour/index.html]
[herbnkathy.com/wp-json/wp/v2/tags/554707665.json]
[herbnkathy.com/tag/sightseeing/index.html]
[herbnkathy.com/tag/sightseeing/feed/index.html]
[herbnkathy.com/wp-json/wp/v2/tags/554707662.json]
[herbnkathy.com/wp-json/oembed/1.0/embedbabf.json]
[herbnkathy.com/2019/12/09/working-with-historicorps-national-elk-refuge/feed/index.html]
[herbnkathy.com/wp-json/oembed/1.0/embedfa4c]
[herbnkathy.com/2019/12/09/working-with-historicorps-national-elk-refuge/index.html]
[herbnkathy.com/wp-json/wp/v2/posts/6270.json]
[herbnkathy.com/2019/12/09/working-with-historicorps-national-elk-refuge/index20b5.html]
[herbnkathy.com/wp-json/oembed/1.0/embed9c59.json]
[herbnkathy.com/2019/12/09/working-with-historicorps-national-elk-refuge/indexc833.html]
[herbnkathy.com/2019/12/09/working-with-historicorps-national-elk-refuge/index98af.html]
[herbnkathy.com/2019/12/09/working-with-historicorps-national-elk-refuge/indexb218.html]
[herbnkathy.com/2019/12/03/yellowstone/feed/index.html]
[herbnkathy.com/wp-json/oembed/1.0/embedb28f]
[herbnkathy.com/wp-json/wp/v2/posts/6190.json]
[i2.wp.com/herbnkathy.com/wp-content/uploads/2019/11/20190919_183317-scaled7ff4.jpg]
[herbnkathy.com/wp-content/uploads/2019/11/20190922_161629.mp4]
[i2.wp.com/herbnkathy.com/wp-content/uploads/2019/11/540MileTripMap-scaled7ff4.jpg]
[i0.wp.com/herbnkathy.com/wp-content/uploads/2019/11/IMG_2789-scaled211e.jpg]
[i0.wp.com/herbnkathy.com/wp-content/uploads/2019/11/IMG_2790-scaled211e.jpg]
[i0.wp.com/herbnkathy.com/wp-content/uploads/2019/11/IMG_2791-scaled211e.jpg]
[i1.wp.com/herbnkathy.com/wp-content/uploads/2019/11/IMG_2794-scaled211e.jpg]
[herbnkathy.com/wp-content/uploads/2019/11/MVI_2830.mp4]
[i1.wp.com/herbnkathy.com/wp-content/uploads/2019/11/IMG_2800-scaled211e.jpg]
[i0.wp.com/herbnkathy.com/wp-content/uploads/2019/11/IMG_2804-scaled211e.jpg]
[i2.wp.com/herbnkathy.com/wp-content/uploads/2019/11/IMG_2808-scaled211e.jpg]
[i2.wp.com/herbnkathy.com/wp-content/uploads/2019/11/IMG_2810-scaled211e.jpg]
[i1.wp.com/herbnkathy.com/wp-content/uploads/2019/11/IMG_2811-scaled211e.jpg]
[i0.wp.com/herbnkathy.com/wp-content/uploads/2019/11/IMG_2819-scaled211e.jpg]
[herbnkathy.com/wp-content/uploads/2019/11/MVI_2888.mp4]
[herbnkathy.com/wp-content/uploads/2019/11/MVI_2879.mp4]
[herbnkathy.com/wp-content/uploads/2019/11/MVI_2918.mp4]
[herbnkathy.com/wp-content/uploads/2019/11/MVI_2965.mp4]
[i2.wp.com/herbnkathy.com/wp-content/uploads/2019/09/IMG_2829211e.jpg]
[i1.wp.com/herbnkathy.com/wp-content/uploads/2019/09/20190920_1006107ff4.jpg]
[i2.wp.com/herbnkathy.com/wp-content/uploads/2019/09/IMG_2817211e.jpg]
[i1.wp.com/herbnkathy.com/wp-content/uploads/2019/09/IMG_2827211e.jpg]
[i1.wp.com/herbnkathy.com/wp-content/uploads/2019/09/20190921_1144027ff4.jpg]
[i2.wp.com/herbnkathy.com/wp-content/uploads/2019/09/IMG_2834211e.jpg]
[herbnkathy.com/wp-content/uploads/2019/11/MVI_2809.mp4]
[secure.gravatar.com/avatar/e9bd224d44de5940655da5df3129a12f1f66ee88c1d014d483ee120b8602078ba8ba.png]
[herbnkathy.com/2019/12/03/yellowstone/index.html]
[herbnkathy.com/2019/12/03/yellowstone/indexc07c.html]
[herbnkathy.com/2019/12/03/yellowstone/indexd030.html]
[herbnkathy.com/2019/12/03/yellowstone/indexbba9.html]
[herbnkathy.com/wp-json/wp/v2/tags/554707798.json]
[herbnkathy.com/tag/elk-refuge/index.html]
[herbnkathy.com/2019/12/03/yellowstone/index7e38.html]
[herbnkathy.com/2019/12/03/yellowstone/index19a3.html]
[herbnkathy.com/2019/12/03/yellowstone/indexa343.html]
[herbnkathy.com/wp-json/wp/v2/tags/554707801.json]
[herbnkathy.com/tag/federal/index.html]
[herbnkathy.com/tag/elk-refuge/feed/index.html]
[herbnkathy.com/tag/federal/feed/index.html]
[herbnkathy.com/tag/fish-wildlife/index.html]
[herbnkathy.com/tag/fish-wildlife/feed/index.html]
[herbnkathy.com/wp-json/wp/v2/tags/554707800.json]
[herbnkathy.com/tag/government/index.html]
[herbnkathy.com/tag/government/feed/index.html]
[herbnkathy.com/wp-json/wp/v2/tags/2311.json]
[herbnkathy.com/tag/historicorps/feed/index.html]
[herbnkathy.com/tag/historicorps/index.html]
[herbnkathy.com/wp-json/wp/v2/tags/554707799.json]
[herbnkathy.com/tag/jackson/feed/index.html]
[herbnkathy.com/tag/jackson/index.html]
[herbnkathy.com/wp-json/wp/v2/tags/554707797.json]
[herbnkathy.com/wp-json/oembed/1.0/embeda38e.json]
[herbnkathy.com/2017/02/23/architecture-meets-ecology-arcology-at-arcosanti/feed/index.html]
[herbnkathy.com/wp-json/oembed/1.0/embede5c2]
[herbnkathy.com/2017/02/23/architecture-meets-ecology-arcology-at-arcosanti/index.html]
[herbnkathy.com/wp-json/wp/v2/posts/3302.json]
[herbnkathy.com/tag/architecture/index.html]
[herbnkathy.com/wp-json/wp/v2/tags/554707296.json]
[herbnkathy.com/2017/02/23/architecture-meets-ecology-arcology-at-arcosanti/index19ed.html]
[herbnkathy.com/2017/02/23/architecture-meets-ecology-arcology-at-arcosanti/index37b6.html]
[herbnkathy.com/tag/arcosanti/index.html]
[herbnkathy.com/tag/architecture/feed/index.html]
[herbnkathy.com/wp-json/wp/v2/tags/554707295.json]
[herbnkathy.com/tag/arcosanti/feed/index.html]
[herbnkathy.com/2017/02/23/architecture-meets-ecology-arcology-at-arcosanti/index77c0.html]
[herbnkathy.com/tag/bear/index.html]
[herbnkathy.com/tag/bear/feed/index.html]
[herbnkathy.com/wp-json/wp/v2/tags/554707300.json]
[herbnkathy.com/tag/ecology/index.html]
[herbnkathy.com/tag/ecology/feed/index.html]
[herbnkathy.com/wp-json/wp/v2/tags/554707297.json]
[herbnkathy.com/tag/macaroni/feed/index.html]
[herbnkathy.com/tag/macaroni/index.html]
[herbnkathy.com/wp-json/wp/v2/tags/554707301.json]
[herbnkathy.com/tag/pie/index.html]
[herbnkathy.com/index1e9e.html]
[herbnkathy.com/tag/pie/feed/index.html]
[herbnkathy.com/wp-json/wp/v2/tags/554707299.json]
[herbnkathy.com/wp-json/oembed/1.0/embed8b2c.json]
[herbnkathy.com/2019/05/08/so-just-what-is-fort-peck/feed/index.html]
[herbnkathy.com/wp-json/oembed/1.0/embed7ab5]
[herbnkathy.com/2019/05/08/so-just-what-is-fort-peck/index.html]
[herbnkathy.com/wp-json/wp/v2/posts/5821.json]
[herbnkathy.com/2019/05/08/so-just-what-is-fort-peck/indexc7f3.html]
[herbnkathy.com/2019/05/08/so-just-what-is-fort-peck/index74bc.html]
[herbnkathy.com/2019/05/08/so-just-what-is-fort-peck/indexe9da.html]
[herbnkathy.com/tag/army-corps/index.html]
[herbnkathy.com/wp-json/wp/v2/tags/554707735.json]
[herbnkathy.com/2019/05/08/so-just-what-is-fort-peck/index6f2c.html]
[herbnkathy.com/tag/army-corps/feed/index.html]
[herbnkathy.com/tag/dinosaur/feed/index.html]
[herbnkathy.com/tag/dinosaur/index.html]
[herbnkathy.com/wp-json/wp/v2/tags/554707744.json]
[herbnkathy.com/tag/downstream/index.html]
[herbnkathy.com/tag/downstream/feed/index.html]
[herbnkathy.com/wp-json/wp/v2/tags/554707740.json]
[herbnkathy.com/tag/engineers/feed/index.html]
[herbnkathy.com/tag/engineers/index.html]
[herbnkathy.com/wp-json/wp/v2/tags/554707743.json]
[herbnkathy.com/tag/ft-peck/index.html]
[herbnkathy.com/tag/ft-peck/feed/index.html]
[herbnkathy.com/wp-json/wp/v2/tags/554707742.json]
[herbnkathy.com/tag/reservoir/index.html]
[herbnkathy.com/tag/reservoir/feed/index.html]
[herbnkathy.com/wp-json/wp/v2/tags/554707739.json]
[herbnkathy.com/tag/t-rex/feed/index.html]
[herbnkathy.com/tag/t-rex/index.html]
[herbnkathy.com/wp-json/wp/v2/tags/554707745.json]
[herbnkathy.com/wp-json/oembed/1.0/embed770b.json]
[herbnkathy.com/2019/02/11/how-do-they-make-those/feed/index.html]
[herbnkathy.com/wp-json/oembed/1.0/embed1d70]
[herbnkathy.com/2019/02/11/how-do-they-make-those/index.html]
[herbnkathy.com/wp-json/wp/v2/posts/5477.json]
[herbnkathy.com/2019/02/11/how-do-they-make-those/indexb451.html]
[herbnkathy.com/2019/02/11/how-do-they-make-those/index1088.html]
[herbnkathy.com/tag/artisan/feed/index.html]
[herbnkathy.com/tag/artisan/index.html]
[herbnkathy.com/wp-json/wp/v2/tags/554707679.json]
[herbnkathy.com/tag/car/index.html]
[herbnkathy.com/tag/car/feed/index.html]
[herbnkathy.com/wp-json/wp/v2/tags/554707676.json]
[herbnkathy.com/tag/chevy/index.html]
[herbnkathy.com/tag/chevy/feed/index.html]
[herbnkathy.com/wp-json/wp/v2/tags/554707678.json]
[herbnkathy.com/tag/dwarf-car/feed/index.html]
[herbnkathy.com/tag/dwarf-car/index.html]
[herbnkathy.com/wp-json/wp/v2/tags/554707677.json]
[herbnkathy.com/tag/dwarf-car-museum/index.html]
[herbnkathy.com/tag/dwarf-car-museum/feed/index.html]
[herbnkathy.com/wp-json/wp/v2/tags/554707684.json]
[herbnkathy.com/tag/maricopa/feed/index.html]
[herbnkathy.com/tag/maricopa/index.html]
[herbnkathy.com/wp-json/wp/v2/tags/554707680.json]
[herbnkathy.com/tag/metal-shop/index.html]
[herbnkathy.com/tag/metal-shop/feed/index.html]
[herbnkathy.com/wp-json/wp/v2/tags/554707682.json]
[herbnkathy.com/tag/shop/index.html]
[herbnkathy.com/tag/shop/feed/index.html]
[herbnkathy.com/wp-json/wp/v2/tags/554707681.json]
[herbnkathy.com/2019/02/02/a-great-time-in-quartzsite-mostly/feed/index.html]
[herbnkathy.com/wp-json/oembed/1.0/embed5d0a.json]
[herbnkathy.com/wp-json/oembed/1.0/embede799]
[herbnkathy.com/2019/02/02/a-great-time-in-quartzsite-mostly/index.html]
[herbnkathy.com/wp-json/wp/v2/posts/5352.json]
[herbnkathy.com/tag/boomers/index.html]
[herbnkathy.com/tag/boomers/feed/index.html]
[herbnkathy.com/wp-json/wp/v2/tags/554707668.json]
[herbnkathy.com/2019/02/02/a-great-time-in-quartzsite-mostly/index27e8.html]
[herbnkathy.com/2019/02/02/a-great-time-in-quartzsite-mostly/index6c49.html]
[herbnkathy.com/tag/escapee/feed/index.html]
[herbnkathy.com/tag/escapee/index.html]
[herbnkathy.com/wp-json/wp/v2/tags/554707533.json]
[herbnkathy.com/tag/skp/index.html]
[herbnkathy.com/tag/skp/feed/index.html]
[herbnkathy.com/wp-json/wp/v2/tags/554707320.json]
[herbnkathy.com/wp-json/oembed/1.0/embed3b01.json]
[herbnkathy.com/wp-json/oembed/1.0/embed774f]
[herbnkathy.com/2019/01/03/the-magnificent-saguaro-cactus/feed/index.html]
[herbnkathy.com/wp-json/wp/v2/posts/5296.json]
[secure.gravatar.com/avatar/e411986607d627cf609554e3aa0c953e66cccd028bb2f29881b3c11db193e892a8ba.jpeg]
[herbnkathy.com/2019/01/03/the-magnificent-saguaro-cactus/index.html]
[herbnkathy.com/tag/saguaro/index.html]
[herbnkathy.com/wp-json/wp/v2/tags/457967.json]
[herbnkathy.com/index2dd3.html]
[herbnkathy.com/2019/01/03/the-magnificent-saguaro-cactus/index9f02.html]
[herbnkathy.com/tag/saguaro/feed/index.html]
[herbnkathy.com/2019/01/03/the-magnificent-saguaro-cactus/index802f.html]
[herbnkathy.com/wp-json/oembed/1.0/embed9d1a.json]
[herbnkathy.com/2021/10/16/campground-review-encampment-wy-city-park-campground/feed/index.html]
[herbnkathy.com/wp-json/oembed/1.0/embed918a]
[herbnkathy.com/2021/10/16/campground-review-encampment-wy-city-park-campground/index.html]
[herbnkathy.com/wp-json/wp/v2/posts/8129.json]
[herbnkathy.com/tag/city-park/index.html]
[herbnkathy.com/wp-json/wp/v2/tags/554707796.json]
[herbnkathy.com/tag/city-park/feed/index.html]
[herbnkathy.com/tag/encampment/index.html]
[herbnkathy.com/wp-json/wp/v2/tags/554708083.json]
[herbnkathy.com/tag/encampment/feed/index.html]
[herbnkathy.com/tag/gem/index.html]
[herbnkathy.com/wp-json/wp/v2/tags/554708084.json]
[herbnkathy.com/tag/gem/feed/index.html]
[herbnkathy.com/tag/library/feed/index.html]
[herbnkathy.com/tag/library/index.html]
[herbnkathy.com/wp-json/wp/v2/tags/554708089.json]
[herbnkathy.com/tag/riverside/index.html]
[herbnkathy.com/wp-json/wp/v2/tags/554708086.json]
[herbnkathy.com/tag/riverside/feed/index.html]
[herbnkathy.com/tag/saratoga/feed/index.html]
[herbnkathy.com/tag/saratoga/index.html]
[herbnkathy.com/wp-json/wp/v2/tags/554708087.json]
[herbnkathy.com/tag/senior-center/index.html]
[herbnkathy.com/wp-json/wp/v2/tags/554708088.json]
[herbnkathy.com/tag/senior-center/feed/index.html]
[herbnkathy.com/tag/wifi/feed/index.html]
[herbnkathy.com/tag/wifi/index.html]
[herbnkathy.com/category/camping/page/2/index.html]
[herbnkathy.com/index8196.html]
[herbnkathy.com/wp-json/wp/v2/tags/554708090.json]
[herbnkathy.com/wp-json/oembed/1.0/embed925d.json]
[herbnkathy.com/category/camping/page/3/index.html]
[herbnkathy.com/2021/04/10/settling-in-at-dale-hollow/feed/index.html]
[herbnkathy.com/wp-json/oembed/1.0/embedad2c]
[herbnkathy.com/2021/04/10/settling-in-at-dale-hollow/index.html]
[herbnkathy.com/wp-json/wp/v2/posts/7460.json]
[herbnkathy.com/wp-json/oembed/1.0/embed18a3.json]
[herbnkathy.com/2021/04/10/settling-in-at-dale-hollow/index37ff.html]
[herbnkathy.com/2021/04/10/settling-in-at-dale-hollow/index7bb4.html]
[herbnkathy.com/2021/04/21/just-a-little-hike/feed/index.html]
[herbnkathy.com/wp-json/oembed/1.0/embedee21]
[herbnkathy.com/wp-json/wp/v2/posts/7474.json]
[herbnkathy.com/wp-content/uploads/2021/04/IMG_20210416_135316733_HDR-1.jpg]
[herbnkathy.com/2021/04/21/just-a-little-hike/index.html]
[herbnkathy.com/wp-json/oembed/1.0/embed7533.json]
[herbnkathy.com/2021/06/30/our-day-trip-to-cumberland-falls/feed/index.html]
[herbnkathy.com/wp-json/oembed/1.0/embed050f]
[herbnkathy.com/2021/06/30/our-day-trip-to-cumberland-falls/index.html]
[herbnkathy.com/2021/05/21/camp-hosting-dale-hollow-lake-state-park-kentucky/indexa7f8.html]
[herbnkathy.com/2021/05/21/camp-hosting-dale-hollow-lake-state-park-kentucky/index8693.html]
[herbnkathy.com/2021/05/21/camp-hosting-dale-hollow-lake-state-park-kentucky/index83a2.html]
[herbnkathy.com/2021/05/21/camp-hosting-dale-hollow-lake-state-park-kentucky/index7dc1.html]
[herbnkathy.com/2021/05/21/camp-hosting-dale-hollow-lake-state-park-kentucky/index109d.html]
[herbnkathy.com/2021/05/21/camp-hosting-dale-hollow-lake-state-park-kentucky/indexe42e.html]
[herbnkathy.com/wp-json/wp/v2/posts/7578.json]
[herbnkathy.com/wp-json/oembed/1.0/embed2c2f.json]
[herbnkathy.com/wp-json/oembed/1.0/embedf15f]
[herbnkathy.com/2021/09/17/our-trek-west-installment-3/feed/index.html]
[herbnkathy.com/2021/09/17/our-trek-west-installment-3/index.html]
[herbnkathy.com/wp-json/wp/v2/posts/7769.json]
[herbnkathy.com/tag/caskets/index.html]
[herbnkathy.com/wp-json/wp/v2/tags/554707988.json]
[herbnkathy.com/tag/crypts/feed/index.html]
[herbnkathy.com/tag/caskets/feed/index.html]
[herbnkathy.com/tag/crypts/index.html]
[herbnkathy.com/wp-json/wp/v2/tags/554707989.json]
[herbnkathy.com/tag/deceased/index.html]
[herbnkathy.com/wp-json/wp/v2/tags/554707991.json]
[herbnkathy.com/tag/deceased/feed/index.html]
[herbnkathy.com/tag/lees-summit/feed/index.html]
[herbnkathy.com/tag/lees-summit/index.html]
[herbnkathy.com/wp-json/wp/v2/tags/554707990.json]
[herbnkathy.com/wp-json/oembed/1.0/embed7a9f.json]
[herbnkathy.com/2019/09/01/bless-the-simple-things/feed/index.html]
[herbnkathy.com/wp-json/oembed/1.0/embed0b7e]
[herbnkathy.com/2019/09/01/bless-the-simple-things/index.html]
[herbnkathy.com/wp-json/wp/v2/posts/6156.json]
[herbnkathy.com/wp-json/oembed/1.0/embed1f08.json]
[herbnkathy.com/wp-json/oembed/1.0/embed2efb]
[herbnkathy.com/2019/07/16/our-visit-to-deadwood-and-lead/feed/index.html]
[herbnkathy.com/wp-json/wp/v2/posts/6019.json]
[herbnkathy.com/wp-content/uploads/2019/07/20190708_113945-2000x1125.jpg]
[secure.gravatar.com/avatar/84aea3c58644dd00b41fff5021a4918a5fb335a022927d29c712411b40ab3304a8ba.png]
[herbnkathy.com/2019/07/16/our-visit-to-deadwood-and-lead/index.html]
[herbnkathy.com/2019/07/16/our-visit-to-deadwood-and-lead/index6950.html]
[herbnkathy.com/tag/bridal-veil-falls/index.html]
[herbnkathy.com/wp-json/wp/v2/tags/554707789.json]
[herbnkathy.com/2019/07/16/our-visit-to-deadwood-and-lead/index75f6.html]
[herbnkathy.com/tag/bridal-veil-falls/feed/index.html]
[herbnkathy.com/tag/deadwood/index.html]
[herbnkathy.com/tag/deadwood/feed/index.html]
[herbnkathy.com/wp-json/wp/v2/tags/554707771.json]
[herbnkathy.com/tag/feeding-fish/index.html]
[herbnkathy.com/wp-json/wp/v2/tags/554707788.json]
[herbnkathy.com/tag/feeding-fish/feed/index.html]
[herbnkathy.com/tag/hatchery/feed/index.html]
[herbnkathy.com/wp-json/wp/v2/tags/1092413.json]
[herbnkathy.com/wp-content/uploads/2016/11/2016-11-22-08-41-41.jpg]
[herbnkathy.com/wp-content/uploads/2016/11/2016-11-22-08-41-41-150x150.jpg]
[herbnkathy.com/wp-content/uploads/2016/11/2016-11-22-08-54-09.jpg]
[herbnkathy.com/wp-content/uploads/2016/11/2016-11-22-08-54-09-150x150.jpg]
[herbnkathy.com/wp-content/uploads/2016/11/2016-11-22-08-57-43.jpg]
[herbnkathy.com/2016/11/23/herbirding-and-kathy-too/index.html]
[herbnkathy.com/wp-content/uploads/2016/11/2016-11-22-08-57-43-150x150.jpg]
[herbnkathy.com/wp-content/uploads/2016/11/2016-11-22-08-59-39.jpg]
[herbnkathy.com/wp-content/uploads/2016/11/2016-11-22-08-59-39-150x150.jpg]
[herbnkathy.com/wp-content/uploads/2016/11/2016-11-22-09-08-51.jpg]
[herbnkathy.com/wp-content/uploads/2016/11/2016-11-22-09-08-51-150x150.jpg]
[herbnkathy.com/wp-content/uploads/2016/11/2016-11-22-09-16-22.jpg]
[herbnkathy.com/wp-content/uploads/2016/11/2016-11-22-09-16-22-150x150.jpg]
[herbnkathy.com/wp-content/uploads/2016/11/2016-11-22-09-16-40.jpg]
[herbnkathy.com/wp-content/uploads/2016/11/2016-11-22-09-16-40-150x150.jpg]
[herbnkathy.com/wp-content/uploads/2016/11/2016-11-22-09-17-20.jpg]
[herbnkathy.com/wp-content/uploads/2016/11/2016-11-22-09-17-20-150x150.jpg]
[herbnkathy.com/wp-content/uploads/2016/11/2016-11-22-09-19-38.jpg]
[herbnkathy.com/wp-content/uploads/2016/11/2016-11-22-09-19-38-150x150.jpg]
[herbnkathy.com/wp-content/uploads/2016/11/2016-11-22-09-23-18.jpg]
[herbnkathy.com/wp-content/uploads/2016/11/2016-11-22-09-23-18-150x150.jpg]
[herbnkathy.com/wp-content/uploads/2016/11/2016-11-22-09-29-16.jpg]
[herbnkathy.com/wp-content/uploads/2016/11/2016-11-22-09-29-16-150x150.jpg]
[herbnkathy.com/wp-content/uploads/2016/11/2016-11-22-09-29-29.jpg]
[herbnkathy.com/wp-content/uploads/2016/11/2016-11-22-09-29-29-150x150.jpg]
[herbnkathy.com/wp-content/uploads/2016/11/2016-11-22-09-30-38.jpg]
[herbnkathy.com/wp-content/uploads/2016/11/2016-11-22-09-30-38-150x150.jpg]
[herbnkathy.com/wp-content/uploads/2016/11/2016-11-22-09-32-02.jpg]
[herbnkathy.com/wp-content/uploads/2016/11/2016-11-22-09-32-02-150x150.jpg]
[herbnkathy.com/wp-content/uploads/2016/11/2016-11-22-09-32-08.jpg]
[herbnkathy.com/wp-content/uploads/2016/11/2016-11-22-09-32-08-150x150.jpg]
[herbnkathy.com/wp-content/uploads/2016/11/2016-11-22-09-32-15.jpg]
[herbnkathy.com/wp-content/uploads/2016/11/2016-11-22-09-32-15-150x150.jpg]
[herbnkathy.com/wp-content/uploads/2016/11/2016-11-22-09-35-22.jpg]
[herbnkathy.com/wp-content/uploads/2016/11/2016-11-22-09-35-22-150x150.jpg]
[herbnkathy.com/wp-content/uploads/2016/11/2016-11-22-09-36-25.jpg]
[herbnkathy.com/wp-content/uploads/2016/11/2016-11-22-09-36-25-150x150.jpg]
[herbnkathy.com/wp-content/uploads/2016/11/2016-11-22-09-41-19.jpg]
[herbnkathy.com/wp-content/uploads/2016/11/2016-11-22-09-41-19-150x150.jpg]
[herbnkathy.com/wp-content/uploads/2016/11/2016-11-22-10-08-46.jpg]
[herbnkathy.com/wp-content/uploads/2016/11/2016-11-22-10-08-46-150x150.jpg]
[herbnkathy.com/wp-content/uploads/2016/11/2016-11-22-10-35-01.jpg]
[herbnkathy.com/wp-content/uploads/2016/11/2016-11-22-10-35-01-150x150.jpg]
[herbnkathy.com/tag/hatchery/index.html]
[herbnkathy.com/tag/lead/index.html]
[herbnkathy.com/tag/audubon/index.html]
[herbnkathy.com/wp-json/wp/v2/tags/554707772.json]
[herbnkathy.com/tag/lead/feed/index.html]
[herbnkathy.com/tag/cornville/index.html]
[herbnkathy.com/tag/page-springs/index.html]
[herbnkathy.com/tag/roughlock-falls/feed/index.html]
[herbnkathy.com/tag/roughlock-falls/index.html]
[herbnkathy.com/wp-json/wp/v2/tags/554707790.json]
[herbnkathy.com/tag/simple-life/index.html]
[herbnkathy.com/wp-json/wp/v2/tags/554707787.json]
[herbnkathy.com/tag/simple-life/feed/index.html]
[herbnkathy.com/tag/spearfish-canyon/index.html]
[herbnkathy.com/wp-json/wp/v2/tags/554707791.json]
[herbnkathy.com/tag/spearfish-canyon/feed/index.html]
[herbnkathy.com/wp-json/oembed/1.0/embed2c4a.json]
[herbnkathy.com/2019/09/01/bike-week-at-sturgis/feed/index.html]
[herbnkathy.com/wp-json/oembed/1.0/embedfd18]
[herbnkathy.com/2019/09/01/bike-week-at-sturgis/index.html]
[herbnkathy.com/wp-json/wp/v2/posts/6101.json]
[herbnkathy.com/2019/09/01/bike-week-at-sturgis/index8aab.html]
[herbnkathy.com/tag/bike-week/index.html]
[herbnkathy.com/wp-json/wp/v2/tags/554707785.json]
[herbnkathy.com/2019/09/01/bike-week-at-sturgis/index1233.html]
[herbnkathy.com/tag/bike-week/feed/index.html]
[herbnkathy.com/tag/drink/index.html]
[herbnkathy.com/wp-json/wp/v2/tags/554707786.json]
[herbnkathy.com/tag/drink/feed/index.html]
[herbnkathy.com/tag/motorcycle/feed/index.html]
[herbnkathy.com/tag/motorcycle/index.html]
[herbnkathy.com/wp-json/wp/v2/tags/554707369.json]
[herbnkathy.com/tag/sturgis/index.html]
[herbnkathy.com/tag/sturgis/feed/index.html]
[herbnkathy.com/wp-json/wp/v2/tags/554707784.json]
[herbnkathy.com/wp-json/oembed/1.0/embed46a4-2.json]
[herbnkathy.com/2021/04/06/a-cabelas-overnighter/feed/index.html]
[herbnkathy.com/wp-json/oembed/1.0/embede701]
[herbnkathy.com/wp-json/wp/v2/posts/7453.json]
[secure.gravatar.com/avatar/203f9294bf597c2546d2b5bd0c8a9ff52afd1946963e34fe487d9748dd85b678a8ba.png]
[herbnkathy.com/2021/04/06/a-cabelas-overnighter/index.html]
[herbnkathy.com/2021/04/06/a-cabelas-overnighter/indexf2ed.html]
[herbnkathy.com/2021/04/06/a-cabelas-overnighter/indexe592.html]
[herbnkathy.com/2021/04/06/a-cabelas-overnighter/indexd2ff.html]
[herbnkathy.com/2021/04/06/a-cabelas-overnighter/index07eb.html]
[herbnkathy.com/2021/04/06/a-cabelas-overnighter/index00bd.html]
[herbnkathy.com/2021/04/06/a-cabelas-overnighter/index5afe.html]
[herbnkathy.com/tag/2021/index.html]
[herbnkathy.com/tag/camping/page/2/index.html]
[herbnkathy.com/wp-json/wp/v2/tags/554707947.json]
[herbnkathy.com/tag/2021/feed/index.html]
[herbnkathy.com/wp-json/oembed/1.0/embedc6ac.json]
[herbnkathy.com/tag/camping/page/3/index.html]
[herbnkathy.com/2017/08/28/waterfalls-in-michigan-really/feed/index.html]
[herbnkathy.com/wp-json/oembed/1.0/embed958b]
[herbnkathy.com/2017/08/28/waterfalls-in-michigan-really/index.html]
[herbnkathy.com/wp-json/wp/v2/posts/4022.json]
[herbnkathy.com/tag/76-falls/index.html]
[herbnkathy.com/tag/76-falls/feed/index.html]
[herbnkathy.com/wp-json/wp/v2/tags/554707955.json]
[herbnkathy.com/tag/albany/feed/index.html]
[herbnkathy.com/tag/albany/index.html]
[herbnkathy.com/wp-json/wp/v2/tags/554707953.json]
[herbnkathy.com/tag/monticello/index.html]
[herbnkathy.com/tag/monticello/feed/index.html]
[herbnkathy.com/wp-json/wp/v2/tags/554707954.json]
[herbnkathy.com/tag/waterfall/index.html]
[herbnkathy.com/wp-json/wp/v2/tags/554707435.json]
[herbnkathy.com/tag/waterfall/feed/index.html]
[herbnkathy.com/tag/camp-hosting/feed/index.html]
[herbnkathy.com/tag/camp-hosting/index.html]
[herbnkathy.com/wp-json/wp/v2/tags/554707907.json]
[herbnkathy.com/tag/burkesville/index.html]
[herbnkathy.com/wp-json/wp/v2/tags/554707949.json]
[herbnkathy.com/tag/burkesville/feed/index.html]
[herbnkathy.com/tag/equine/index.html]
[herbnkathy.com/wp-json/wp/v2/tags/554707948.json]
[herbnkathy.com/tag/equine/feed/index.html]
[herbnkathy.com/wp-json/oembed/1.0/embed4f33.json]
[herbnkathy.com/wp-json/oembed/1.0/embedf71d]
[herbnkathy.com/2016/04/28/were-getting-closer/feed/index.html]
[herbnkathy.com/2016/04/28/were-getting-closer/index.html]
[herbnkathy.com/wp-json/wp/v2/posts/1064.json]
[herbnkathy.com/tag/home/index.html]
[herbnkathy.com/wp-json/wp/v2/tags/400.json]
[herbnkathy.com/tag/home/feed/index.html]
[herbnkathy.com/tag/army-corp/index.html]
[herbnkathy.com/tag/army-corp/feed/index.html]
[herbnkathy.com/wp-json/wp/v2/tags/554707754.json]
[herbnkathy.com/tag/interpretive-center/index.html]
[herbnkathy.com/wp-json/wp/v2/tags/554707757.json]
[herbnkathy.com/tag/mule/index.html]
[herbnkathy.com/tag/interpretive-center/feed/index.html]
[herbnkathy.com/tag/mule/feed/index.html]
[herbnkathy.com/wp-json/wp/v2/tags/554707755.json]
[herbnkathy.com/tag/stream/feed/index.html]
[herbnkathy.com/tag/stream/index.html]
[herbnkathy.com/wp-json/wp/v2/tags/554707306.json]
[herbnkathy.com/tag/visitor-center/index.html]
[herbnkathy.com/index5744.html]
[herbnkathy.com/2023/09/14/volunteering-at-40-mile-point-lighthouse/indexa59d.html]
[herbnkathy.com/category/volunteering/page/2/index.html]
[herbnkathy.com/index1b4a.html]
[herbnkathy.com/tag/visitor-center/feed/index.html]
[herbnkathy.com/2023/08/23/a-great-trip-back-home/indexe511.html]
[herbnkathy.com/2023/08/23/a-great-trip-back-home/index4f21.html]
[herbnkathy.com/2023/08/23/a-great-trip-back-home/indexb8e1.html]
[herbnkathy.com/2023/08/23/a-great-trip-back-home/indexaee4.html]
[herbnkathy.com/2023/08/23/a-great-trip-back-home/index9d6a.html]
[herbnkathy.com/wp-json/wp/v2/tags/554707758.json]
[herbnkathy.com/2023/08/23/a-great-trip-back-home/indexac84.html]
[herbnkathy.com/2023/08/23/a-great-trip-back-home/index7a8e.html]
[herbnkathy.com/category/volunteering/page/3/index.html]
[herbnkathy.com/wp-json/oembed/1.0/embed1061.json]
[herbnkathy.com/2018/09/25/tinkertown-what-the-heck-is-that/feed/index.html]
[herbnkathy.com/wp-json/oembed/1.0/embede0e3]
[herbnkathy.com/2018/09/25/tinkertown-what-the-heck-is-that/index.html]
[herbnkathy.com/wp-json/wp/v2/posts/5010.json]
[herbnkathy.com/2018/09/16/its-the-people-that-make-the-difference/index.html]
[herbnkathy.com/2018/09/25/tinkertown-what-the-heck-is-that/index6edb.html]
[herbnkathy.com/2018/09/25/tinkertown-what-the-heck-is-that/index6244.html]
[herbnkathy.com/tag/eclectic/feed/index.html]
[herbnkathy.com/tag/eclectic/index.html]
[herbnkathy.com/wp-json/wp/v2/tags/554707618.json]
[herbnkathy.com/tag/imagination/feed/index.html]
[herbnkathy.com/tag/imagination/index.html]
[herbnkathy.com/wp-json/wp/v2/tags/554707620.json]
[herbnkathy.com/tag/sandia-peak/index.html]
[herbnkathy.com/tag/sandia-peak/feed/index.html]
[herbnkathy.com/wp-json/wp/v2/tags/554707617.json]
[herbnkathy.com/tag/talent/index.html]
[herbnkathy.com/tag/talent/feed/index.html]
[herbnkathy.com/wp-json/wp/v2/tags/554707621.json]
[herbnkathy.com/tag/tinkertown/index.html]
[herbnkathy.com/wp-json/wp/v2/tags/554707616.json]
[herbnkathy.com/tag/tinkertown/feed/index.html]
[herbnkathy.com/tag/whimsy/index.html]
[herbnkathy.com/tag/whimsy/feed/index.html]
[herbnkathy.com/wp-json/wp/v2/tags/554707619.json]
[herbnkathy.com/wp-json/oembed/1.0/embed1c82.json]
[herbnkathy.com/2017/12/06/wow-what-a-blast-friends-weve-seen-along-the-way/feed/index.html]
[herbnkathy.com/wp-json/oembed/1.0/embed0963]
[herbnkathy.com/2017/12/06/wow-what-a-blast-friends-weve-seen-along-the-way/index.html]
[herbnkathy.com/wp-json/wp/v2/posts/4405.json]
[herbnkathy.com/2017/12/06/wow-what-a-blast-friends-weve-seen-along-the-way/index8af3.html]
[herbnkathy.com/2017/12/06/wow-what-a-blast-friends-weve-seen-along-the-way/indexe6fc.html]
[herbnkathy.com/2017/12/06/wow-what-a-blast-friends-weve-seen-along-the-way/indexa1d4.html]
[herbnkathy.com/2017/12/06/wow-what-a-blast-friends-weve-seen-along-the-way/index461a.html]
[herbnkathy.com/tag/alabama/feed/index.html]
[herbnkathy.com/tag/alabama/index.html]
[herbnkathy.com/wp-json/wp/v2/tags/554707501.json]
[herbnkathy.com/tag/buddies/index.html]
[herbnkathy.com/tag/buddies/feed/index.html]
[herbnkathy.com/wp-json/wp/v2/tags/554707502.json]
[herbnkathy.com/wp-json/oembed/1.0/embeddb2f.json]
[herbnkathy.com/wp-json/oembed/1.0/embed2d6f]
[herbnkathy.com/2017/07/01/honoring-our-veterans-at-the-park-2/feed/index.html]
[herbnkathy.com/2017/07/01/honoring-our-veterans-at-the-park-2/index.html]
[herbnkathy.com/wp-json/wp/v2/posts/3826.json]
[herbnkathy.com/wp-json/wp/v2/categories/554707389.json]
[herbnkathy.com/2017/07/01/honoring-our-veterans-at-the-park-2/indexe953.html]
[herbnkathy.com/category/veterans/feed/index.html]
[herbnkathy.com/wp-content/uploads/2017/06/2017-06-07-12.29.18.jpg]
[herbnkathy.com/wp-content/uploads/2017/06/2017-06-07-12.29.18-1024x576.jpg]
[herbnkathy.com/wp-content/uploads/2017/06/2017-06-07-12.26.25.jpg]
[herbnkathy.com/wp-content/uploads/2017/06/2017-06-07-12.26.25-1024x576.jpg]
[herbnkathy.com/wp-content/uploads/2017/06/2017-05-27-13.10.59.jpg]
[herbnkathy.com/wp-content/uploads/2017/06/2017-05-27-13.10.59-1024x576.jpg]
[herbnkathy.com/wp-content/uploads/2017/06/2017-05-27-13.10.46.jpg]
[herbnkathy.com/wp-content/uploads/2017/06/2017-05-27-13.10.46-1024x576.jpg]
[herbnkathy.com/wp-content/uploads/2017/06/2017-05-27-13.05.43.jpg]
[herbnkathy.com/wp-content/uploads/2017/06/2017-05-27-13.05.43-1024x576.jpg]
[herbnkathy.com/wp-content/uploads/2017/06/2017-05-27-13.04.35.jpg]
[herbnkathy.com/wp-content/uploads/2017/06/2017-05-27-13.04.35-1024x576.jpg]
[herbnkathy.com/wp-content/uploads/2017/06/2017-05-27-13.03.38.jpg]
[herbnkathy.com/wp-content/uploads/2017/06/2017-05-27-13.03.38-1024x576.jpg]
[herbnkathy.com/wp-content/uploads/2017/06/2017-05-27-13.01.13.jpg]
[herbnkathy.com/wp-content/uploads/2017/06/2017-05-27-13.01.13-1024x576.jpg]
[herbnkathy.com/wp-content/uploads/2017/06/2017-05-27-13.00.51.jpg]
[herbnkathy.com/wp-content/uploads/2017/06/2017-05-27-13.00.51-1024x576.jpg]
[herbnkathy.com/wp-content/uploads/2017/06/2017-05-27-17.14.56230a.mp4]
[herbnkathy.com/wp-content/uploads/2017/06/2017-05-27-17.14.56.mp4]
[herbnkathy.com/category/veterans/index.html]
[herbnkathy.com/wp-json/wp/v2/tags/554707401.json]
[herbnkathy.com/tag/children/index.html]
[herbnkathy.com/tag/flag/index.html]
[herbnkathy.com/tag/honoring/index.html]
[herbnkathy.com/tag/korea/index.html]
[herbnkathy.com/tag/memorial-day/index.html]
[herbnkathy.com/tag/veteran/index.html]
[herbnkathy.com/wp-json/wp/v2/tags/554707404.json]
[herbnkathy.com/tag/july-4th/index.html]
[herbnkathy.com/tag/children/feed/index.html]
[herbnkathy.com/tag/vietman/index.html]
[herbnkathy.com/tag/ww-ii/index.html]
[herbnkathy.com/tag/july-4th/feed/index.html]
[herbnkathy.com/tag/parade/index.html]
[herbnkathy.com/wp-json/wp/v2/tags/554707402.json]
[herbnkathy.com/tag/parade/feed/index.html]
[herbnkathy.com/tag/party/feed/index.html]
[herbnkathy.com/wp-json/wp/v2/tags/554707379.json]
[herbnkathy.com/wp-content/uploads/2017/05/2017-05-28-19.21.02.jpg]
[herbnkathy.com/wp-content/uploads/2017/05/2017-05-28-12.53.26.jpg]
[herbnkathy.com/wp-content/uploads/2017/05/2017-05-28-12.27.50.jpg]
[herbnkathy.com/wp-content/uploads/2017/05/2017-05-28-12.27.48.jpg]
[herbnkathy.com/wp-content/uploads/2017/05/2017-05-28-12.27.41.jpg]
[herbnkathy.com/wp-content/uploads/2017/05/2017-05-28-12.27.34.jpg]
[herbnkathy.com/wp-content/uploads/2017/05/2017-05-28-12.27.27.jpg]
[herbnkathy.com/wp-content/uploads/2017/05/2017-05-28-12.27.18.jpg]
[herbnkathy.com/wp-content/uploads/2017/05/2017-05-28-11.47.57.jpg]
[herbnkathy.com/wp-content/uploads/2017/05/2017-05-28-11.47.48.jpg]
[herbnkathy.com/wp-content/uploads/2017/05/2017-05-28-11.47.44.jpg]
[herbnkathy.com/wp-content/uploads/2017/05/2017-05-28-11.47.28.jpg]
[herbnkathy.com/wp-content/uploads/2017/05/2017-05-28-11.47.53.jpg]
[herbnkathy.com/tag/party/index.html]
[herbnkathy.com/wp-json/wp/v2/tags/554707403.json]
[herbnkathy.com/tag/veterans/index.html]
[herbnkathy.com/tag/bill-lee/index.html]
[herbnkathy.com/tag/dui/index.html]
[herbnkathy.com/tag/pm-oaks/index.html]
[herbnkathy.com/tag/veterans/feed/index.html]
[herbnkathy.com/2017/05/09/old-home-week-in-s-e-michigan/feed/index.html]
[herbnkathy.com/wp-json/oembed/1.0/embed1b20.json]
[herbnkathy.com/wp-json/oembed/1.0/embedc64b]
[herbnkathy.com/2017/05/09/old-home-week-in-s-e-michigan/index.html]
[herbnkathy.com/wp-json/wp/v2/posts/3673.json]
[herbnkathy.com/wp-json/oembed/1.0/embed9d79.json]
[herbnkathy.com/2017/05/02/first-day-in-michigan-proud-lake-recreation-area/feed/index.html]
[herbnkathy.com/wp-json/oembed/1.0/embedbeff]
[herbnkathy.com/wp-json/wp/v2/posts/3653.json]
[secure.gravatar.com/avatar/ea7a39ed35bc466fa54b8d54d3c0370e4e9374716b2f629300b083bfb6c9691aa8ba.png]
[herbnkathy.com/2017/05/02/first-day-in-michigan-proud-lake-recreation-area/index.html]
[herbnkathy.com/2017/03/29/a-beautiful-day-in-a-beautiful-state-park/index.html]
[herbnkathy.com/tag/delton/index.html]
[herbnkathy.com/wp-json/wp/v2/tags/554707352.json]
[herbnkathy.com/2017/05/02/first-day-in-michigan-proud-lake-recreation-area/indexfbe0.html]
[herbnkathy.com/2017/05/02/first-day-in-michigan-proud-lake-recreation-area/index31b8.html]
[herbnkathy.com/tag/delton/feed/index.html]
[herbnkathy.com/2017/05/02/first-day-in-michigan-proud-lake-recreation-area/index1679.html]
[herbnkathy.com/tag/old-friends/index.html]
[herbnkathy.com/wp-json/wp/v2/tags/554707349.json]
[herbnkathy.com/tag/old-friends/feed/index.html]
[herbnkathy.com/tag/redford-township/index.html]
[herbnkathy.com/wp-json/wp/v2/tags/554707350.json]
[herbnkathy.com/tag/spring-lake/index.html]
[herbnkathy.com/wp-json/wp/v2/tags/554707353.json]
[herbnkathy.com/tag/redford-township/feed/index.html]
[herbnkathy.com/tag/spring-lake/feed/index.html]
[herbnkathy.com/tag/wixom/index.html]
[herbnkathy.com/tag/friends/page/2/index.html]
[herbnkathy.com/tag/rv/page/2/index.html]
[herbnkathy.com/wp-json/wp/v2/tags/554707351.json]
[herbnkathy.com/tag/wixom/feed/index.html]
[herbnkathy.com/wp-json/oembed/1.0/embed031d.json]
[herbnkathy.com/2016/12/19/rv-sewer-hose-installation-and-tank-flushing-tips/index.html]
[herbnkathy.com/tag/sewer/index.html]
[herbnkathy.com/tag/sewer-hose/index.html]
[herbnkathy.com/wp-json/oembed/1.0/embed50aa]
[herbnkathy.com/2019/04/11/camping-at-school/feed/index.html]
[herbnkathy.com/2019/04/11/camping-at-school/index.html]
[herbnkathy.com/wp-json/wp/v2/posts/5626.json]
[herbnkathy.com/tag/boondockers-welcome/index.html]
[herbnkathy.com/wp-json/wp/v2/tags/554707718.json]
[herbnkathy.com/2019/04/11/camping-at-school/index0987.html]
[herbnkathy.com/2019/04/11/camping-at-school/index0c0b.html]
[herbnkathy.com/2019/04/11/camping-at-school/index148c.html]
[herbnkathy.com/tag/hinkley/index.html]
[herbnkathy.com/wp-json/wp/v2/tags/554707717.json]
[herbnkathy.com/2019/04/11/camping-at-school/indexeae2.html]
[herbnkathy.com/tag/boondockers-welcome/feed/index.html]
[herbnkathy.com/tag/hinkley/feed/index.html]
[herbnkathy.com/tag/latter-day-saints/index.html]
[herbnkathy.com/wp-json/wp/v2/tags/554707720.json]
[herbnkathy.com/tag/latter-day-saints/feed/index.html]
[herbnkathy.com/tag/lds/index.html]
[herbnkathy.com/wp-json/wp/v2/tags/554707719.json]
[herbnkathy.com/tag/lds/feed/index.html]
[herbnkathy.com/tag/mormon/feed/index.html]
[herbnkathy.com/tag/mormon/index.html]
[herbnkathy.com/wp-json/wp/v2/tags/554707721.json]
[herbnkathy.com/tag/schoolhouse/index.html]
[herbnkathy.com/wp-json/wp/v2/tags/554707716.json]
[herbnkathy.com/tag/schoolhouse/feed/index.html]
[herbnkathy.com/tag/camp/index.html]
[herbnkathy.com/tag/camp/feed/index.html]
[herbnkathy.com/wp-json/wp/v2/tags/554707346.json]
[herbnkathy.com/tag/class/index.html]
[herbnkathy.com/tag/class/feed/index.html]
[herbnkathy.com/wp-json/wp/v2/tags/6376.json]
[herbnkathy.com/tag/elementary/index.html]
[herbnkathy.com/wp-json/wp/v2/tags/554707347.json]
[herbnkathy.com/tag/elementary/feed/index.html]
[herbnkathy.com/tag/redford/index.html]
[herbnkathy.com/index408a.html]
[herbnkathy.com/2023/08/16/a-great-visit-from-family/index2020.html]
[herbnkathy.com/2023/08/16/a-great-visit-from-family/index7694.html]
[herbnkathy.com/index137a.html]
[herbnkathy.com/2023/08/02/goodbye-to-new-friends/index46cf.html]
[herbnkathy.com/2023/08/02/goodbye-to-new-friends/indexf8d1.html]
[herbnkathy.com/page/3/index.html]
[herbnkathy.com/tag/redford/feed/index.html]
[herbnkathy.com/wp-json/wp/v2/tags/554707348.json]
[herbnkathy.com/wp-json/oembed/1.0/embeda540.json]
[herbnkathy.com/page/4/index.html]
[herbnkathy.com/wp-json/oembed/1.0/embed39c9]
[herbnkathy.com/2018/08/31/storm-came-through-our-park-video/feed/index.html]
[herbnkathy.com/2018/08/31/storm-came-through-our-park-video/index.html]
[herbnkathy.com/wp-json/wp/v2/posts/4955.json]
[herbnkathy.com/tag/rain/index.html]
[herbnkathy.com/wp-json/wp/v2/tags/554707590.json]
[herbnkathy.com/2018/08/31/storm-came-through-our-park-video/indexb3d4.html]
[herbnkathy.com/2018/08/31/storm-came-through-our-park-video/indexe9d8.html]
[herbnkathy.com/2018/08/31/storm-came-through-our-park-video/indexed6e.html]
[herbnkathy.com/2018/08/31/storm-came-through-our-park-video/index4540.html]
[herbnkathy.com/tag/rain/feed/index.html]
[herbnkathy.com/tag/storm/index.html]
[herbnkathy.com/wp-json/wp/v2/tags/554707589.json]
[herbnkathy.com/tag/storm/feed/index.html]
[herbnkathy.com/tag/stormy/index.html]
[herbnkathy.com/wp-json/wp/v2/tags/554707592.json]
[herbnkathy.com/tag/stormy/feed/index.html]
[herbnkathy.com/tag/tornado/index.html]
[herbnkathy.com/wp-json/wp/v2/tags/554707593.json]
[herbnkathy.com/tag/tornado/feed/index.html]
[herbnkathy.com/tag/video/index.html]
[herbnkathy.com/wp-json/wp/v2/tags/554707594.json]
[herbnkathy.com/tag/video/feed/index.html]
[herbnkathy.com/wp-json/wp/v2/tags/42316.json]
[herbnkathy.com/wp-content/uploads/2016/04/2016-04-16-17-52-47.jpg]
[herbnkathy.com/tag/wind/feed/index.html]
[herbnkathy.com/wp-content/uploads/2016/04/2016-04-16-17-52-47-150x150.jpg]
[herbnkathy.com/wp-content/uploads/2016/04/2016-04-16-13-40-14.jpg]
[herbnkathy.com/wp-content/uploads/2016/04/2016-04-16-13-40-14-150x150.jpg]
[herbnkathy.com/wp-content/uploads/2016/04/2016-04-16-13-40-04.jpg]
[herbnkathy.com/wp-content/uploads/2016/04/2016-04-16-13-40-04-150x150.jpg]
[herbnkathy.com/wp-content/uploads/2016/04/2016-04-16-13-39-17.jpg]
[herbnkathy.com/wp-content/uploads/2016/04/2016-04-16-13-39-17-150x150.jpg]
[herbnkathy.com/wp-content/uploads/2016/04/2016-04-16-13-39-07.jpg]
[herbnkathy.com/wp-content/uploads/2016/04/2016-04-16-13-39-07-150x150.jpg]
[herbnkathy.com/wp-content/uploads/2016/04/2016-04-02-08-39-52.jpg]
[herbnkathy.com/wp-content/uploads/2016/04/20160402_200237.jpg]
[herbnkathy.com/tag/wind/index.html]
[herbnkathy.com/tag/gardens/index.html]
[herbnkathy.com/tag/umbrella/index.html]
[herbnkathy.com/2016/04/04/the-wind-patoka-lake-state-park/index.html]
[herbnkathy.com/tag/indiana/index.html]
[herbnkathy.com/tag/windy/index.html]
[herbnkathy.com/wp-json/wp/v2/tags/554707591.json]
[herbnkathy.com/tag/patoka-lake/index.html]
[herbnkathy.com/tag/windy/feed/index.html]
[herbnkathy.com/wp-json/oembed/1.0/embedc820.json]
[herbnkathy.com/2018/06/24/workamping-near-the-river-fun/feed/index.html]
[herbnkathy.com/wp-json/oembed/1.0/embede884]
[herbnkathy.com/2018/06/24/workamping-near-the-river-fun/index.html]
[herbnkathy.com/wp-json/wp/v2/posts/4853.json]
[herbnkathy.com/wp-json/oembed/1.0/embed205a.json]
[herbnkathy.com/wp-json/oembed/1.0/embed58bd]
[herbnkathy.com/2018/07/01/we-love-our-motorhome-but/index.html]
[herbnkathy.com/2017/09/23/rv-park-review-pere-marquette-oaks-rv-condo-resort-michigan/index.html]
[herbnkathy.com/wp-json/wp/v2/posts/4103.json]
[herbnkathy.com/2017/09/23/rv-park-review-pere-marquette-oaks-rv-condo-resort-michigan/feed/index.html]
[herbnkathy.com/tag/baldwin-canoe-rental/index.html]
[herbnkathy.com/wp-json/wp/v2/tags/554707580.json]
[herbnkathy.com/tag/baldwin-canoe-rental/feed/index.html]
[herbnkathy.com/2017/09/23/rv-park-review-pere-marquette-oaks-rv-condo-resort-michigan/indexbe21.html]
[herbnkathy.com/tag/canoe/index.html]
[herbnkathy.com/wp-json/wp/v2/tags/554707361.json]
[herbnkathy.com/tag/canoe/feed/index.html]
[herbnkathy.com/tag/canoeing/index.html]
[herbnkathy.com/wp-json/wp/v2/tags/554707578.json]
[herbnkathy.com/tag/canoeing/feed/index.html]
[herbnkathy.com/tag/kayak/index.html]
[herbnkathy.com/wp-json/wp/v2/tags/554707360.json]
[herbnkathy.com/tag/kayak/feed/index.html]
[herbnkathy.com/tag/lake-michigan/index.html]
[herbnkathy.com/wp-json/wp/v2/tags/554707459.json]
[herbnkathy.com/tag/rafting/index.html]
[herbnkathy.com/tag/lake-michigan/feed/index.html]
[herbnkathy.com/wp-json/wp/v2/tags/554707579.json]
[herbnkathy.com/tag/rafting/feed/index.html]
[herbnkathy.com/tag/river-rafting/index.html]
[herbnkathy.com/wp-json/wp/v2/tags/554707577.json]
[herbnkathy.com/tag/river-rafting/feed/index.html]
[herbnkathy.com/wp-json/oembed/1.0/embed1611.json]
[herbnkathy.com/2016/11/20/so-just-what-is-workamping-anyway/feed/index.html]
[herbnkathy.com/wp-json/oembed/1.0/embed3e7d]
[herbnkathy.com/wp-json/wp/v2/posts/2338.json]
[secure.gravatar.com/avatar/dc6cf4846bca3a528cda561cfdc5b25e778ca1e870f22537b8f2f879b13c608fa8ba.png]
[herbnkathy.com/2016/11/20/so-just-what-is-workamping-anyway/index.html]
[herbnkathy.com/2016/11/17/old-country-inn-pizza-to-die-for/index.html]
[herbnkathy.com/tag/bicycle/index.html]
[herbnkathy.com/wp-json/wp/v2/tags/554707432.json]
[herbnkathy.com/2016/11/20/so-just-what-is-workamping-anyway/index10e6.html]
[herbnkathy.com/tag/bicycle/feed/index.html]
[herbnkathy.com/2016/11/20/so-just-what-is-workamping-anyway/index4c69.html]
[herbnkathy.com/2016/11/20/so-just-what-is-workamping-anyway/index6b9a.html]
[herbnkathy.com/wp-json/oembed/1.0/embed7295.json]
[herbnkathy.com/2017/05/26/our-first-official-week-on-the-job/feed/index.html]
[herbnkathy.com/wp-json/oembed/1.0/embed1f8c]
[herbnkathy.com/2017/05/26/our-first-official-week-on-the-job/index.html]
[herbnkathy.com/tag/baldwin/page/2/index.html]
[herbnkathy.com/wp-json/wp/v2/posts/3717.json]
[herbnkathy.com/2017/05/26/our-first-official-week-on-the-job/indexaf71.html]
[herbnkathy.com/2017/05/26/our-first-official-week-on-the-job/indexf03b.html]
[herbnkathy.com/2017/05/26/our-first-official-week-on-the-job/index51fc.html]
[herbnkathy.com/2017/05/26/our-first-official-week-on-the-job/index8351.html]
[herbnkathy.com/2017/05/26/our-first-official-week-on-the-job/indexc771.html]
[herbnkathy.com/2017/05/26/our-first-official-week-on-the-job/indexd051.html]
[herbnkathy.com/2016/06/26/amateur-radio-field-day-june-2016/feed/index.html]
[herbnkathy.com/wp-json/oembed/1.0/embeda648.json]
[herbnkathy.com/wp-json/oembed/1.0/embede862]
[herbnkathy.com/2016/06/26/amateur-radio-field-day-june-2016/index.html]
[herbnkathy.com/wp-json/wp/v2/posts/1228.json]
[herbnkathy.com/tag/disaster/index.html]
[herbnkathy.com/wp-json/wp/v2/tags/30748.json]
[herbnkathy.com/tag/disaster/feed/index.html]
[herbnkathy.com/tag/emergency/index.html]
[herbnkathy.com/wp-json/wp/v2/tags/21647.json]
[herbnkathy.com/tag/emergency/feed/index.html]
[herbnkathy.com/tag/fun/index.html]
[herbnkathy.com/wp-json/wp/v2/tags/272.json]
[herbnkathy.com/tag/fun/feed/index.html]
[herbnkathy.com/wp-json/oembed/1.0/embedd635.json]
[herbnkathy.com/2016/06/24/solar-still-not-working-right/feed/index.html]
[herbnkathy.com/wp-json/oembed/1.0/embed4a7c]
[herbnkathy.com/2016/06/24/solar-still-not-working-right/index.html]
[herbnkathy.com/wp-json/wp/v2/posts/1221.json]
[herbnkathy.com/wp-json/oembed/1.0/embedf8fb.json]
[herbnkathy.com/wp-json/oembed/1.0/embed7097]
[herbnkathy.com/2016/06/19/solar-panels-not-working/feed/index.html]
[herbnkathy.com/2016/06/19/solar-panels-not-working/index.html]
[herbnkathy.com/wp-json/wp/v2/posts/1158.json]
[herbnkathy.com/2016/05/04/the-numbers-final-count/index.html]
[herbnkathy.com/tag/tires/feed/index.html]
[herbnkathy.com/wp-json/wp/v2/tags/537575.json]
[herbnkathy.com/wp-content/uploads/2016/09/2016-09-07-10-34-01.jpg]
[herbnkathy.com/wp-content/uploads/2016/09/2016-09-07-10-34-01-150x150.jpg]
[herbnkathy.com/wp-content/uploads/2016/09/2016-09-07-10-35-01.jpg]
[herbnkathy.com/wp-content/uploads/2016/09/2016-09-07-10-35-01-150x150.jpg]
[herbnkathy.com/2016/09/12/we-finally-made-it-out-of-ohio/index.html]
[herbnkathy.com/wp-content/uploads/2016/09/2016-09-07-10-35-14.jpg]
[herbnkathy.com/wp-content/uploads/2016/09/2016-09-07-10-35-14-150x150.jpg]
[herbnkathy.com/wp-content/uploads/2016/09/2016-09-06-10-33-15.jpg]
[herbnkathy.com/wp-content/uploads/2016/09/2016-09-06-10-33-15-150x150.jpg]
[herbnkathy.com/wp-content/uploads/2016/09/2016-09-06-12-18-39-150x150.jpg]
[herbnkathy.com/wp-content/uploads/2016/09/2016-09-06-18-48-51.jpg]
[herbnkathy.com/wp-content/uploads/2016/09/2016-09-06-18-48-51-150x150.jpg]
[herbnkathy.com/wp-content/uploads/2016/09/2016-09-06-14-12-49.jpg]
[herbnkathy.com/wp-content/uploads/2016/09/2016-09-06-14-12-49-150x150.jpg]
[herbnkathy.com/2016/09/12/we-finally-made-it-out-of-ohio/2016-09-07-10-34-01/index.html]
[herbnkathy.com/wp-content/uploads/2016/09/2016-09-06-12-18-39.jpg]
[herbnkathy.com/tag/tires/index.html]
[herbnkathy.com/wp-json/oembed/1.0/embed5a5c.json]
[herbnkathy.com/2016/09/12/we-finally-made-it-out-of-ohio/2016-09-07-10-35-01/index.html]
[herbnkathy.com/2016/09/12/we-finally-made-it-out-of-ohio/2016-09-07-10-35-14/index.html]
[herbnkathy.com/wp-json/oembed/1.0/embed5762]
[herbnkathy.com/2016/09/06/tire-trials-and-tribulations/2016-09-06-10-33-15/index.html]
[herbnkathy.com/2016/09/06/tire-trials-and-tribulations/2016-09-06-12-18-39/index.html]
[herbnkathy.com/tag/beads/index.html]
[herbnkathy.com/2021/04/05/our-first-harvest-hosts-overnighter/index.html]
[herbnkathy.com/wp-json/wp/v2/posts/7426.json]
[herbnkathy.com/2016/09/06/tire-trials-and-tribulations/index.html]
[herbnkathy.com/tag/tpms/index.html]
[herbnkathy.com/2021/04/05/our-first-harvest-hosts-overnighter/feed/index.html]
[herbnkathy.com/tag/morrow/index.html]
[herbnkathy.com/tag/morrow/feed/index.html]
[herbnkathy.com/wp-json/wp/v2/tags/554707943.json]
[herbnkathy.com/tag/valley-vineyards/index.html]
[herbnkathy.com/wp-json/wp/v2/tags/554707944.json]
[herbnkathy.com/tag/valley-vineyards/feed/index.html]
[herbnkathy.com/wp-json/oembed/1.0/embed6a85.json]
[herbnkathy.com/wp-json/oembed/1.0/embed393c]
[herbnkathy.com/2017/01/18/getting-ready-for-quartzsite/feed/index.html]
[herbnkathy.com/2017/01/18/getting-ready-for-quartzsite/index.html]
[herbnkathy.com/wp-json/wp/v2/posts/3128.json]
[herbnkathy.com/tag/arrl/index.html]
[herbnkathy.com/wp-json/wp/v2/tags/554707243.json]
[herbnkathy.com/2017/01/18/getting-ready-for-quartzsite/index4106.html]
[herbnkathy.com/tag/arrl/feed/index.html]
[herbnkathy.com/tag/rv-show/index.html]
[herbnkathy.com/wp-json/wp/v2/tags/554707245.json]
[herbnkathy.com/2017/01/18/getting-ready-for-quartzsite/index32cf.html]
[herbnkathy.com/tag/rv-show/feed/index.html]
[herbnkathy.com/wp-json/oembed/1.0/embedad11.json]
[herbnkathy.com/2016/09/12/we-didnt-know-anybody-in-kansas-past-tense/feed/index.html]
[herbnkathy.com/wp-json/oembed/1.0/embed9344]
[herbnkathy.com/2016/09/12/we-didnt-know-anybody-in-kansas-past-tense/index.html]
[herbnkathy.com/wp-json/wp/v2/posts/1621.json]
[herbnkathy.com/wp-json/oembed/1.0/embed0015.json]
[herbnkathy.com/2017/03/10/just-a-few-miles-down-the-road/feed/index.html]
[herbnkathy.com/wp-json/oembed/1.0/embedf73d]
[herbnkathy.com/2017/03/10/just-a-few-miles-down-the-road/index.html]
[herbnkathy.com/wp-json/wp/v2/posts/3451.json]
[herbnkathy.com/tag/bullpen/index.html]
[herbnkathy.com/wp-json/wp/v2/tags/554707305.json]
[herbnkathy.com/tag/bullpen/feed/index.html]
[herbnkathy.com/tag/canyon/index.html]
[herbnkathy.com/wp-json/wp/v2/tags/554707303.json]
[herbnkathy.com/tag/canyon/feed/index.html]
[herbnkathy.com/tag/clear-creek/index.html]
[herbnkathy.com/wp-json/wp/v2/tags/554707302.json]
[herbnkathy.com/tag/creek/index.html]
[herbnkathy.com/wp-json/wp/v2/tags/554707307.json]
[herbnkathy.com/tag/clear-creek/feed/index.html]
[herbnkathy.com/tag/creek/feed/index.html]
[herbnkathy.com/tag/day-use/index.html]
[herbnkathy.com/wp-json/wp/v2/tags/554707304.json]
[herbnkathy.com/tag/day-use/feed/index.html]
[herbnkathy.com/tag/mesquite/index.html]
[herbnkathy.com/wp-json/wp/v2/tags/554707309.json]
[herbnkathy.com/wp-json/oembed/1.0/embeda2a6.json]
[herbnkathy.com/tag/mesquite/feed/index.html]
[herbnkathy.com/2016/04/24/cactus-garden-the-north-ranch/feed/index.html]
[herbnkathy.com/wp-json/oembed/1.0/embed2f0a]
[herbnkathy.com/2016/04/24/cactus-garden-the-north-ranch/index.html]
[herbnkathy.com/wp-json/wp/v2/posts/838.json]
[herbnkathy.com/tag/garden/index.html]
[herbnkathy.com/wp-json/wp/v2/tags/1851.json]
[herbnkathy.com/2016/04/24/friday-with-paul-sue-sedona/index.html]
[herbnkathy.com/tag/garden/feed/index.html]
[herbnkathy.com/wp-json/oembed/1.0/embedeee0.json]
[herbnkathy.com/2016/04/24/a-few-days-rest-congress-az/feed/index.html]
[herbnkathy.com/wp-json/oembed/1.0/embed203f]
[herbnkathy.com/2016/04/24/a-few-days-rest-congress-az/index.html]
[herbnkathy.com/2016/04/23/jam-session-the-north-ranch/index.html]
[herbnkathy.com/wp-json/wp/v2/posts/781.json]
[herbnkathy.com/tag/methuselah/index.html]
[herbnkathy.com/wp-json/wp/v2/tags/847187.json]
[herbnkathy.com/wp-content/uploads/2017/01/2017-01-04-11-16-44.jpg]
[herbnkathy.com/wp-json/wp/v2/tags/486748063.json]
[herbnkathy.com/tag/nichols-west/feed/index.html]
[herbnkathy.com/tag/methuselah/feed/index.html]
[herbnkathy.com/wp-content/uploads/2017/01/2017-01-04-12-18-34.jpg]
[herbnkathy.com/wp-content/uploads/2017/01/2017-01-04-12-18-34-150x150.jpg]
[herbnkathy.com/wp-content/uploads/2017/01/2017-01-04-12-18-29.jpg]
[herbnkathy.com/wp-content/uploads/2017/01/2017-01-04-12-18-29-150x150.jpg]
[herbnkathy.com/wp-content/uploads/2017/01/2017-01-04-12-15-11.jpg]
[herbnkathy.com/wp-content/uploads/2017/01/2017-01-04-12-15-11-150x150.jpg]
[herbnkathy.com/wp-content/uploads/2017/01/2017-01-04-12-12-52.jpg]
[herbnkathy.com/wp-content/uploads/2017/01/2017-01-04-12-12-52-150x150.jpg]
[herbnkathy.com/wp-content/uploads/2017/01/2017-01-04-12-11-37.jpg]
[herbnkathy.com/wp-content/uploads/2017/01/2017-01-04-12-11-37-150x150.jpg]
[herbnkathy.com/wp-content/uploads/2017/01/2017-01-04-11-34-13.jpg]
[herbnkathy.com/wp-content/uploads/2017/01/2017-01-04-11-42-29.jpg]
[herbnkathy.com/wp-content/uploads/2017/01/2017-01-04-13-18-50.jpg]
[herbnkathy.com/wp-content/uploads/2017/01/2017-01-04-13-18-50-150x150.jpg]
[herbnkathy.com/wp-content/uploads/2017/01/2017-01-04-13-18-47.jpg]
[herbnkathy.com/wp-content/uploads/2017/01/2017-01-04-13-18-47-150x150.jpg]
[herbnkathy.com/wp-content/uploads/2017/01/2017-01-04-13-18-16.jpg]
[herbnkathy.com/wp-content/uploads/2017/01/2017-01-04-13-18-16-150x150.jpg]
[herbnkathy.com/wp-content/uploads/2017/01/2017-01-04-13-18-10.jpg]
[herbnkathy.com/wp-content/uploads/2017/01/2017-01-04-13-18-10-150x150.jpg]
[herbnkathy.com/wp-content/uploads/2017/01/2017-01-04-12-56-48.jpg]
[herbnkathy.com/wp-content/uploads/2017/01/2017-01-04-12-56-48-150x150.jpg]
[herbnkathy.com/wp-content/uploads/2017/01/2017-01-04-12-50-37.jpg]
[herbnkathy.com/wp-content/uploads/2017/01/2017-01-04-12-50-37-150x150.jpg]
[herbnkathy.com/tag/nichols-west/index.html]
[herbnkathy.com/tag/boots/index.html]
[herbnkathy.com/tag/wickenburg/index.html]
[herbnkathy.com/wp-json/wp/v2/tags/182407.json]
[herbnkathy.com/tag/wickenburg/feed/index.html]
[herbnkathy.com/tag/saddles/index.html]
[herbnkathy.com/tag/hats/index.html]
[herbnkathy.com/tag/leather/index.html]
[herbnkathy.com/wp-json/oembed/1.0/embedf95b.json]
[herbnkathy.com/2017/03/10/the-ghost-town-of-cherry-az/feed/index.html]
[herbnkathy.com/wp-json/oembed/1.0/embedd65f]
[herbnkathy.com/2017/03/10/the-ghost-town-of-cherry-az/index.html]
[herbnkathy.com/wp-json/wp/v2/posts/3469.json]
[herbnkathy.com/tag/beer/index.html]
[herbnkathy.com/tag/beer/feed/index.html]
[herbnkathy.com/wp-json/wp/v2/tags/554707313.json]
[herbnkathy.com/tag/cherry/index.html]
[herbnkathy.com/wp-json/wp/v2/tags/554707310.json]
[herbnkathy.com/tag/cherry/feed/index.html]
[herbnkathy.com/tag/ghost-town/feed/index.html]
[herbnkathy.com/wp-json/wp/v2/tags/36692.json]
[herbnkathy.com/wp-content/uploads/2016/12/2016-12-06-15-57-04.jpg]
[herbnkathy.com/wp-content/uploads/2016/12/2016-12-06-15-57-04-150x150.jpg]
[herbnkathy.com/2016/12/15/wait-back-up/index.html]
[herbnkathy.com/wp-content/uploads/2016/12/2016-12-06-15-56-59.jpg]
[herbnkathy.com/wp-content/uploads/2016/12/2016-12-06-15-56-59-150x150.jpg]
[herbnkathy.com/wp-content/uploads/2016/12/2016-12-06-15-55-25.jpg]
[herbnkathy.com/wp-content/uploads/2016/12/2016-12-06-15-55-25-150x150.jpg]
[herbnkathy.com/wp-content/uploads/2016/12/2016-12-06-15-54-26.jpg]
[herbnkathy.com/wp-content/uploads/2016/12/2016-12-06-15-54-26-150x150.jpg]
[herbnkathy.com/wp-content/uploads/2016/12/2016-12-06-15-53-05.jpg]
[herbnkathy.com/wp-content/uploads/2016/12/2016-12-06-15-53-05-150x150.jpg]
[herbnkathy.com/wp-content/uploads/2016/12/2016-12-06-15-51-36.jpg]
[herbnkathy.com/wp-content/uploads/2016/12/2016-12-06-15-51-36-150x150.jpg]
[herbnkathy.com/wp-content/uploads/2016/12/2016-12-06-15-51-11.jpg]
[herbnkathy.com/wp-content/uploads/2016/12/2016-12-06-15-51-11-150x150.jpg]
[herbnkathy.com/wp-content/uploads/2016/12/2016-12-06-15-50-41.jpg]
[herbnkathy.com/wp-content/uploads/2016/12/2016-12-06-15-50-41-150x150.jpg]
[herbnkathy.com/wp-content/uploads/2016/12/2016-12-06-15-46-27.jpg]
[herbnkathy.com/wp-content/uploads/2016/12/2016-12-06-15-46-27-150x150.jpg]
[herbnkathy.com/wp-content/uploads/2016/12/2016-12-06-14-25-06.jpg]
[herbnkathy.com/wp-content/uploads/2016/12/2016-12-06-14-25-06-150x150.jpg]
[herbnkathy.com/wp-content/uploads/2016/12/2016-12-06-14-25-00.jpg]
[herbnkathy.com/wp-content/uploads/2016/12/2016-12-06-14-25-00-150x150.jpg]
[herbnkathy.com/wp-content/uploads/2016/12/2016-12-06-14-24-57.jpg]
[herbnkathy.com/wp-content/uploads/2016/12/2016-12-06-14-24-57-150x150.jpg]
[herbnkathy.com/wp-content/uploads/2016/12/2016-12-06-14-18-15.jpg]
[herbnkathy.com/wp-content/uploads/2016/12/2016-12-06-14-18-15-150x150.jpg]
[herbnkathy.com/tag/ghost-town/index.html]
[herbnkathy.com/tag/gold/index.html]
[herbnkathy.com/wp-json/wp/v2/tags/554707311.json]
[herbnkathy.com/tag/lavender/index.html]
[herbnkathy.com/tag/gold/feed/index.html]
[herbnkathy.com/tag/lowell/index.html]
[herbnkathy.com/tag/mining/feed/index.html]
[herbnkathy.com/wp-json/wp/v2/tags/54069.json]
[herbnkathy.com/wp-content/uploads/2016/12/2016-12-06-13-24-54.jpg]
[herbnkathy.com/wp-content/uploads/2016/12/2016-12-06-13-24-54-150x150.jpg]
[herbnkathy.com/wp-content/uploads/2016/12/2016-12-06-13-11-19.jpg]
[herbnkathy.com/wp-content/uploads/2016/12/2016-12-06-13-11-19-150x150.jpg]
[herbnkathy.com/2016/12/15/i-forgot-about-bisbee-douglas/index.html]
[herbnkathy.com/wp-content/uploads/2016/12/2016-12-06-13-11-11.jpg]
[herbnkathy.com/wp-content/uploads/2016/12/2016-12-06-13-11-11-150x150.jpg]
[herbnkathy.com/wp-content/uploads/2016/12/2016-12-06-12-55-33.jpg]
[herbnkathy.com/wp-content/uploads/2016/12/2016-12-06-12-55-33-150x150.jpg]
[herbnkathy.com/wp-content/uploads/2016/12/2016-12-06-12-46-20.jpg]
[herbnkathy.com/wp-content/uploads/2016/12/2016-12-06-12-46-20-150x150.jpg]
[herbnkathy.com/wp-content/uploads/2016/12/2016-12-06-12-43-14.jpg]
[herbnkathy.com/wp-content/uploads/2016/12/2016-12-06-12-43-14-150x150.jpg]
[herbnkathy.com/wp-content/uploads/2016/12/2016-12-06-12-24-37.jpg]
[herbnkathy.com/wp-content/uploads/2016/12/2016-12-06-12-24-37-150x150.jpg]
[herbnkathy.com/wp-content/uploads/2016/12/2016-12-06-12-15-33.jpg]
[herbnkathy.com/wp-content/uploads/2016/12/2016-12-06-12-15-33-150x150.jpg]
[herbnkathy.com/wp-content/uploads/2016/12/2016-12-06-12-11-30.jpg]
[herbnkathy.com/wp-content/uploads/2016/12/2016-12-06-12-11-30-150x150.jpg]
[herbnkathy.com/wp-content/uploads/2016/12/2016-12-06-11-57-42.jpg]
[herbnkathy.com/wp-content/uploads/2016/12/2016-12-06-11-57-42-150x150.jpg]
[herbnkathy.com/wp-content/uploads/2016/12/2016-12-05-14-31-16.jpg]
[herbnkathy.com/wp-content/uploads/2016/12/2016-12-05-14-31-16-150x150.jpg]
[herbnkathy.com/tag/bisbee/index.html]
[herbnkathy.com/wp-content/uploads/2016/12/2016-12-05-14-45-34.jpg]
[herbnkathy.com/wp-content/uploads/2016/12/2016-12-05-14-45-34-150x150.jpg]
[herbnkathy.com/wp-content/uploads/2016/12/2016-12-05-14-42-43.jpg]
[herbnkathy.com/wp-content/uploads/2016/12/2016-12-05-14-42-43-150x150.jpg]
[herbnkathy.com/wp-content/uploads/2016/12/2016-12-05-14-17-23.jpg]
[herbnkathy.com/tag/silver/index.html]
[herbnkathy.com/wp-content/uploads/2016/12/2016-12-05-14-17-23-150x150.jpg]
[herbnkathy.com/wp-content/uploads/2016/12/2016-12-05-14-35-52.jpg]
[herbnkathy.com/wp-content/uploads/2016/12/2016-12-05-14-35-52-150x150.jpg]
[herbnkathy.com/wp-content/uploads/2016/12/2016-12-05-14-18-47.jpg]
[herbnkathy.com/wp-content/uploads/2016/12/2016-12-05-14-18-47-150x150.jpg]
[herbnkathy.com/wp-content/uploads/2016/12/2016-12-05-14-34-45.jpg]
[herbnkathy.com/wp-content/uploads/2016/12/2016-12-05-14-34-45-150x150.jpg]
[herbnkathy.com/wp-content/uploads/2016/12/2016-12-05-14-45-40.jpg]
[herbnkathy.com/wp-content/uploads/2016/12/2016-12-05-14-45-40-150x150.jpg]
[herbnkathy.com/wp-content/uploads/2016/12/2016-12-05-14-34-03.jpg]
[herbnkathy.com/wp-content/uploads/2016/12/2016-12-05-14-34-03-150x150.jpg]
[herbnkathy.com/wp-content/uploads/2016/12/2016-12-06-10-05-53.jpg]
[herbnkathy.com/wp-content/uploads/2016/12/2016-12-06-10-05-53-150x150.jpg]
[herbnkathy.com/wp-content/uploads/2016/12/2016-12-06-10-06-15.jpg]
[herbnkathy.com/wp-content/uploads/2016/12/2016-12-06-10-06-15-150x150.jpg]
[herbnkathy.com/wp-content/uploads/2016/12/2016-12-06-10-11-46.jpg]
[herbnkathy.com/wp-content/uploads/2016/12/2016-12-06-10-11-46-150x150.jpg]
[herbnkathy.com/wp-content/uploads/2016/12/2016-12-06-10-13-07.jpg]
[herbnkathy.com/wp-content/uploads/2016/12/2016-12-06-10-13-07-150x150.jpg]
[herbnkathy.com/wp-content/uploads/2016/12/2016-12-06-10-13-13.jpg]
[herbnkathy.com/wp-content/uploads/2016/12/2016-12-06-10-13-13-150x150.jpg]
[herbnkathy.com/wp-content/uploads/2016/12/2016-12-06-10-34-14.jpg]
[herbnkathy.com/wp-content/uploads/2016/12/2016-12-06-10-34-14-150x150.jpg]
[herbnkathy.com/wp-content/uploads/2016/12/2016-12-06-10-36-44.jpg]
[herbnkathy.com/wp-content/uploads/2016/12/2016-12-06-10-36-44-150x150.jpg]
[herbnkathy.com/wp-content/uploads/2016/12/2016-12-06-10-51-54.jpg]
[herbnkathy.com/wp-content/uploads/2016/12/2016-12-06-10-51-54-150x150.jpg]
[herbnkathy.com/wp-content/uploads/2016/12/2016-12-06-11-02-44.jpg]
[herbnkathy.com/wp-content/uploads/2016/12/2016-12-06-11-02-44-150x150.jpg]
[herbnkathy.com/wp-content/uploads/2016/10/2016-10-02-13-46-33.jpg]
[herbnkathy.com/wp-content/uploads/2016/10/2016-10-02-13-46-33-150x150.jpg]
[herbnkathy.com/tag/copper-mining/index.html]
[herbnkathy.com/wp-content/uploads/2016/10/2016-10-02-13-47-16.jpg]
[herbnkathy.com/wp-content/uploads/2016/10/2016-10-02-13-47-16-150x150.jpg]
[herbnkathy.com/wp-content/uploads/2016/10/2016-10-02-14-04-33.jpg]
[herbnkathy.com/wp-content/uploads/2016/10/2016-10-02-14-04-33-150x150.jpg]
[herbnkathy.com/tag/queen-mine/index.html]
[herbnkathy.com/wp-content/uploads/2016/10/2016-10-02-14-12-31.jpg]
[herbnkathy.com/wp-content/uploads/2016/10/2016-10-02-14-12-31-150x150.jpg]
[herbnkathy.com/wp-content/uploads/2016/10/2016-10-02-14-57-30.jpg]
[herbnkathy.com/wp-content/uploads/2016/10/2016-10-02-14-57-30-150x150.jpg]
[herbnkathy.com/tag/tombstone/index.html]
[herbnkathy.com/wp-content/uploads/2016/10/2016-10-02-15-05-55.jpg]
[herbnkathy.com/wp-content/uploads/2016/10/2016-10-02-15-05-55-150x150.jpg]
[herbnkathy.com/wp-content/uploads/2016/10/2016-10-02-15-31-43.jpg]
[herbnkathy.com/wp-content/uploads/2016/10/2016-10-02-15-31-43-150x150.jpg]
[herbnkathy.com/tag/wyatt-earp/index.html]
[herbnkathy.com/wp-content/uploads/2016/10/2016-10-02-16-28-05.jpg]
[herbnkathy.com/2016/10/04/riding-the-verde-canyon-railroad/index.html]
[herbnkathy.com/wp-content/uploads/2016/10/2016-10-02-16-28-05-150x150.jpg]
[herbnkathy.com/tag/mining/index.html]
[herbnkathy.com/tag/san-francisco-peaks/index.html]
[herbnkathy.com/wp-json/wp/v2/tags/554707314.json]
[herbnkathy.com/tag/san-francisco-peaks/feed/index.html]
[herbnkathy.com/tag/shooting/index.html]
[herbnkathy.com/wp-json/wp/v2/tags/554707312.json]
[herbnkathy.com/tag/shooting/feed/index.html]
[herbnkathy.com/tag/cold/feed/index.html]
[herbnkathy.com/tag/cold/index.html]
[herbnkathy.com/wp-json/wp/v2/tags/50656.json]
[herbnkathy.com/tag/leaves/index.html]
[herbnkathy.com/wp-json/wp/v2/tags/25549.json]
[herbnkathy.com/tag/leaves/feed/index.html]
[herbnkathy.com/tag/snow/feed/index.html]
[herbnkathy.com/tag/snow/index.html]
[herbnkathy.com/wp-json/wp/v2/tags/20341.json]
[herbnkathy.com/wp-json/oembed/1.0/embedf0b3.json]
[herbnkathy.com/wp-json/oembed/1.0/embedc259]
[herbnkathy.com/2016/11/01/lions-tigers-bears-oh-my/feed/index.html]
[herbnkathy.com/2016/11/01/lions-tigers-bears-oh-my/index.html]
[herbnkathy.com/wp-json/wp/v2/posts/2190.json]
[herbnkathy.com/tag/giraffe/index.html]
[herbnkathy.com/wp-json/wp/v2/tags/287303.json]
[herbnkathy.com/tag/giraffe/feed/index.html]
[herbnkathy.com/2016/10/20/please-dont-jump-its-not-that-bad/index.html]
[herbnkathy.com/tag/lion/index.html]
[herbnkathy.com/wp-json/wp/v2/tags/64712.json]
[herbnkathy.com/tag/lion/feed/index.html]
[herbnkathy.com/tag/out-of-africa/index.html]
[herbnkathy.com/wp-json/wp/v2/tags/1001163.json]
[herbnkathy.com/tag/out-of-africa/feed/index.html]
[herbnkathy.com/tag/tiger/index.html]
[herbnkathy.com/wp-json/wp/v2/tags/74438.json]
[herbnkathy.com/tag/tiger/feed/index.html]
[herbnkathy.com/wp-json/oembed/1.0/embed2ffd.json]
[herbnkathy.com/2016/09/16/happy-to-be-in-camp-verde/feed/index.html]
[herbnkathy.com/wp-json/oembed/1.0/embed73a5]
[herbnkathy.com/2016/09/16/happy-to-be-in-camp-verde/index.html]
[herbnkathy.com/wp-json/wp/v2/posts/1707.json]
[herbnkathy.com/2016/09/16/happy-to-be-in-camp-verde/index6a51.html]
[herbnkathy.com/2016/09/16/happy-to-be-in-camp-verde/index0843.html]
[herbnkathy.com/wp-json/oembed/1.0/embedac65.json]
[herbnkathy.com/2016/09/16/happy-to-be-in-camp-verde/indexaf49.html]
[herbnkathy.com/2016/09/16/happy-to-be-in-camp-verde/indexb147.html]
[herbnkathy.com/wp-json/oembed/1.0/embedfe9f]
[herbnkathy.com/2019/03/27/ok-so-ill-chime-in/feed/index.html]
[herbnkathy.com/wp-json/wp/v2/posts/5599.json]
[secure.gravatar.com/avatar/87c077f5d6eed60c094a925f4813de067dece02430576c21f65a0c1f8d0ce409a8ba.png]
[herbnkathy.com/2019/03/27/ok-so-ill-chime-in/index.html]
[herbnkathy.com/wp-json/wp/v2/tags/110088.json]
[herbnkathy.com/2019/03/27/ok-so-ill-chime-in/indexaecb.html]
[herbnkathy.com/2019/03/27/ok-so-ill-chime-in/indexa0fd.html]
[herbnkathy.com/wp-content/uploads/2016/04/2016-04-10-16-25-33.jpg]
[herbnkathy.com/2019/03/27/ok-so-ill-chime-in/index8a01.html]
[herbnkathy.com/2019/03/27/ok-so-ill-chime-in/indexab5f.html]
[herbnkathy.com/2019/03/27/ok-so-ill-chime-in/index1eec.html]
[herbnkathy.com/2019/03/27/ok-so-ill-chime-in/index003a.html]
[herbnkathy.com/wp-content/uploads/2016/04/2016-04-10-16-25-33-150x150.jpg]
[herbnkathy.com/tag/bbq/feed/index.html]
[herbnkathy.com/wp-content/uploads/2016/04/2016-04-10-16-48-23.jpg]
[herbnkathy.com/2016/04/11/visiting-the-alamo-dale-miller/index.html]
[herbnkathy.com/wp-content/uploads/2016/04/2016-04-10-16-48-23-150x150.jpg]
[herbnkathy.com/wp-content/uploads/2016/04/2016-04-10-19-35-53.jpg]
[herbnkathy.com/wp-content/uploads/2016/04/2016-04-10-19-35-53-150x150.jpg]
[herbnkathy.com/wp-content/uploads/2016/04/2016-04-10-19-27-46.jpg]
[herbnkathy.com/wp-content/uploads/2016/04/2016-04-10-19-27-46-150x150.jpg]
[herbnkathy.com/tag/bbq/index.html]
[herbnkathy.com/tag/alamo/index.html]
[herbnkathy.com/tag/bbq-ribs/index.html]
[herbnkathy.com/wp-json/wp/v2/tags/554707708.json]
[herbnkathy.com/tag/instant-pot/index.html]
[herbnkathy.com/wp-json/wp/v2/tags/554707707.json]
[herbnkathy.com/tag/bbq-ribs/feed/index.html]
[herbnkathy.com/tag/riverwalk/index.html]
[herbnkathy.com/tag/instant-pot/feed/index.html]
[herbnkathy.com/tag/instant-pot-cooking/index.html]
[herbnkathy.com/wp-json/wp/v2/tags/554707711.json]
[herbnkathy.com/tag/instant-pot-cooking/feed/index.html]
[herbnkathy.com/tag/ip/index.html]
[herbnkathy.com/wp-json/wp/v2/tags/554707706.json]
[herbnkathy.com/tag/ip/feed/index.html]
[herbnkathy.com/tag/kitchen-gadgets/index.html]
[herbnkathy.com/wp-json/wp/v2/tags/554707714.json]
[herbnkathy.com/tag/kitchen-gadgets/feed/index.html]
[herbnkathy.com/tag/kitchen-tools/index.html]
[herbnkathy.com/wp-json/wp/v2/tags/554707715.json]
[herbnkathy.com/tag/kitchen-tools/feed/index.html]
[herbnkathy.com/tag/meat/index.html]
[herbnkathy.com/wp-json/wp/v2/tags/554707712.json]
[herbnkathy.com/tag/motor-home-cooking/index.html]
[herbnkathy.com/wp-json/wp/v2/tags/554707709.json]
[herbnkathy.com/tag/meat/feed/index.html]
[herbnkathy.com/tag/motor-home-cooking/feed/index.html]
[herbnkathy.com/tag/rv-cooking/index.html]
[herbnkathy.com/wp-json/wp/v2/tags/554707710.json]
[herbnkathy.com/tag/rv-cooking/feed/index.html]
[herbnkathy.com/wp-json/oembed/1.0/embedeb60.json]
[herbnkathy.com/wp-json/oembed/1.0/embede7b8]
[herbnkathy.com/2017/02/01/lake-havasu-parker-dam/feed/index.html]
[herbnkathy.com/2017/02/01/lake-havasu-parker-dam/index.html]
[herbnkathy.com/wp-json/wp/v2/posts/3151.json]
[herbnkathy.com/tag/boats/index.html]
[herbnkathy.com/wp-json/wp/v2/tags/554707265.json]
[herbnkathy.com/tag/boats/feed/index.html]
[herbnkathy.com/tag/havasu/index.html]
[herbnkathy.com/tag/havasu/feed/index.html]
[herbnkathy.com/wp-json/wp/v2/tags/554707262.json]
[herbnkathy.com/wp-json/oembed/1.0/embed9fdd.json]
[herbnkathy.com/2016/09/06/what-no-can-opener/feed/index.html]
[herbnkathy.com/wp-json/oembed/1.0/embed9219]
[herbnkathy.com/wp-json/wp/v2/posts/1571.json]
[secure.gravatar.com/avatar/322727a56f0610b3b577f94990cafd31152d5452072f3727340d04c0a071be60a8ba.png]
[herbnkathy.com/2016/09/06/what-no-can-opener/index.html]
[herbnkathy.com/tag/can-opener/index.html]
[herbnkathy.com/wp-json/wp/v2/tags/1384157.json]
[herbnkathy.com/2016/09/06/what-no-can-opener/index8410.html]
[herbnkathy.com/tag/can-opener/feed/index.html]
[herbnkathy.com/wp-json/oembed/1.0/embed95a7.json]
[herbnkathy.com/2016/04/25/what-a-great-eatery-nichols-west/feed/index.html]
[herbnkathy.com/wp-json/oembed/1.0/embed6736]
[herbnkathy.com/2016/04/25/what-a-great-eatery-nichols-west/index.html]
[herbnkathy.com/wp-json/wp/v2/posts/821.json]
[herbnkathy.com/tag/eatery/index.html]
[herbnkathy.com/wp-json/wp/v2/tags/556146.json]
[herbnkathy.com/2016/04/24/our-route-home-by-may-1st/index.html]
[herbnkathy.com/tag/eatery/feed/index.html]
[herbnkathy.com/2016/04/26/amarillo-to-little-rock-tuesday/index.html]
[herbnkathy.com/2018/11/01/our-stop-at-the-home-of-the-aliens/feed/index.html]
[herbnkathy.com/wp-json/oembed/1.0/embed5308.json]
[herbnkathy.com/wp-json/oembed/1.0/embed34c3]
[herbnkathy.com/2018/11/01/our-stop-at-the-home-of-the-aliens/index.html]
[herbnkathy.com/wp-json/wp/v2/posts/5070.json]
[herbnkathy.com/tag/aliens/index.html]
[herbnkathy.com/tag/aliens/feed/index.html]
[herbnkathy.com/wp-json/wp/v2/tags/554707282.json]
[herbnkathy.com/tag/bottomless-lakes/feed/index.html]
[herbnkathy.com/tag/bottomless-lakes/index.html]
[herbnkathy.com/wp-json/wp/v2/tags/554707610.json]
[herbnkathy.com/tag/park-ranger/index.html]
[herbnkathy.com/wp-json/wp/v2/tags/554707612.json]
[herbnkathy.com/tag/roswell/index.html]
[herbnkathy.com/tag/roswell/feed/index.html]
[herbnkathy.com/wp-json/wp/v2/tags/554707318.json]
[herbnkathy.com/tag/park-ranger/feed/index.html]
[herbnkathy.com/tag/sinkholes/index.html]
[herbnkathy.com/wp-json/wp/v2/tags/554707611.json]
[herbnkathy.com/tag/sinkholes/feed/index.html]
[herbnkathy.com/tag/steak-house/index.html]
[herbnkathy.com/wp-json/wp/v2/tags/554707613.json]
[herbnkathy.com/tag/steak-house/feed/index.html]
[herbnkathy.com/tag/tent-camping/index.html]
[herbnkathy.com/wp-json/wp/v2/tags/554707615.json]
[herbnkathy.com/tag/tent-camping/feed/index.html]
[herbnkathy.com/tag/ufo/index.html]
[herbnkathy.com/wp-json/wp/v2/tags/554707614.json]
[herbnkathy.com/tag/ufo/feed/index.html]
[herbnkathy.com/wp-json/oembed/1.0/embed28ed.json]
[herbnkathy.com/2016/07/28/pooper-pumper-day/feed/index.html]
[herbnkathy.com/wp-json/oembed/1.0/embed068c]
[herbnkathy.com/2016/07/28/pooper-pumper-day/index.html]
[herbnkathy.com/wp-json/wp/v2/posts/1365.json]
[herbnkathy.com/tag/black-water/index.html]
[herbnkathy.com/wp-json/wp/v2/tags/1927812.json]
[herbnkathy.com/tag/gray-water/index.html]
[herbnkathy.com/wp-json/wp/v2/tags/2082227.json]
[herbnkathy.com/tag/black-water/feed/index.html]
[herbnkathy.com/tag/gray-water/feed/index.html]
[herbnkathy.com/tag/pumping/index.html]
[herbnkathy.com/wp-json/wp/v2/tags/257150.json]
[herbnkathy.com/wp-json/oembed/1.0/embed814c.json]
[herbnkathy.com/tag/pumping/feed/index.html]
[herbnkathy.com/wp-json/oembed/1.0/embeda0f6]
[herbnkathy.com/2016/07/25/some-pictures-from-the-escapade/feed/index.html]
[herbnkathy.com/2016/07/25/some-pictures-from-the-escapade/index.html]
[herbnkathy.com/wp-json/wp/v2/posts/1346.json]
[herbnkathy.com/wp-json/oembed/1.0/embed49a4.json]
[herbnkathy.com/2016/07/25/some-pictures-from-the-escapade/index129f.html]
[herbnkathy.com/2016/07/20/wow-adirondacks-lake-champlain/feed/index.html]
[herbnkathy.com/wp-json/oembed/1.0/embed8b49]
[herbnkathy.com/2016/07/20/wow-adirondacks-lake-champlain/index.html]
[herbnkathy.com/wp-json/wp/v2/posts/1300.json]
[herbnkathy.com/tag/vermont/index.html]
[herbnkathy.com/wp-json/wp/v2/tags/1866.json]
[herbnkathy.com/tag/vermont/feed/index.html]
[herbnkathy.com/wp-json/oembed/1.0/embed8ae2.json]
[herbnkathy.com/2016/07/20/off-to-the-escapade/feed/index.html]
[herbnkathy.com/wp-json/oembed/1.0/embedb2b9]
[herbnkathy.com/2016/07/20/off-to-the-escapade/index.html]
[herbnkathy.com/wp-json/wp/v2/posts/1267.json]
[herbnkathy.com/tag/hejamada/index.html]
[herbnkathy.com/wp-json/wp/v2/tags/519430097.json]
[herbnkathy.com/tag/hejamada/feed/index.html]
[herbnkathy.com/tag/new-york/index.html]
[herbnkathy.com/wp-json/wp/v2/tags/4614.json]
[herbnkathy.com/tag/new-york/feed/index.html]
[herbnkathy.com/wp-json/oembed/1.0/embed615d.json]
[herbnkathy.com/2016/12/20/merry-christmas-from-herb-kathy/feed/index.html]
[herbnkathy.com/wp-json/oembed/1.0/embedeeab]
[herbnkathy.com/2016/12/20/merry-christmas-from-herb-kathy/index.html]
[herbnkathy.com/wp-json/wp/v2/posts/2636.json]
[herbnkathy.com/wp-json/oembed/1.0/embed6be5.json]
[herbnkathy.com/wp-json/oembed/1.0/embed5d5a]
[herbnkathy.com/2016/12/20/merry-christmas-from-herb-kathy/index640a.html]
[herbnkathy.com/2012/08/05/baldwin-family-niagara-falls-trip-august-2012/index.html]
[herbnkathy.com/wp-json/wp/v2/posts/158.json]
[herbnkathy.com/2016/12/20/merry-christmas-from-herb-kathy/index8f35.html]
[herbnkathy.com/2016/12/20/merry-christmas-from-herb-kathy/indexe3f2.html]
[herbnkathy.com/tag/camera/index.html]
[herbnkathy.com/wp-json/wp/v2/tags/5605.json]
[herbnkathy.com/tag/niagara-falls/index.html]
[herbnkathy.com/2012/08/05/baldwin-family-niagara-falls-trip-august-2012/feed/index.html]
[herbnkathy.com/wp-json/wp/v2/tags/227262.json]
[herbnkathy.com/tag/family-2/page/2/index.html]
[herbnkathy.com/2016/12/20/merry-christmas-from-herb-kathy/index9e40.html]
[herbnkathy.com/tag/camera/feed/index.html]
[herbnkathy.com/tag/niagara-falls/feed/index.html]
[herbnkathy.com/2012/01/01/garetts-sword-fight/index.html]
[herbnkathy.com/tag/fever/feed/index.html]
[herbnkathy.com/tag/fever/index.html]
[herbnkathy.com/wp-json/wp/v2/tags/554707874.json]
[herbnkathy.com/wp-json/oembed/1.0/embede28d.json]
[herbnkathy.com/2020/03/03/making-progress/feed/index.html]
[herbnkathy.com/wp-json/oembed/1.0/embedc479]
[herbnkathy.com/2020/03/03/making-progress/index.html]
[herbnkathy.com/wp-json/wp/v2/posts/7018.json]
[herbnkathy.com/tag/fort-stockton/index.html]
[herbnkathy.com/wp-json/wp/v2/tags/554707863.json]
[herbnkathy.com/tag/fort-stockton/feed/index.html]
[herbnkathy.com/tag/i-10/index.html]
[herbnkathy.com/wp-json/wp/v2/tags/554707861.json]
[herbnkathy.com/tag/i-10/feed/index.html]
[herbnkathy.com/tag/sonora/index.html]
[herbnkathy.com/wp-json/wp/v2/tags/554707862.json]
[herbnkathy.com/tag/sonora/feed/index.html]
[herbnkathy.com/wp-json/oembed/1.0/embedd938.json]
[herbnkathy.com/wp-json/oembed/1.0/embeddda7]
[herbnkathy.com/2016/12/01/how-well-is-our-fridge-working/feed/index.html]
[herbnkathy.com/2016/12/01/how-well-is-our-fridge-working/index.html]
[herbnkathy.com/wp-json/wp/v2/posts/2431.json]
[herbnkathy.com/tag/cool/index.html]
[herbnkathy.com/wp-json/wp/v2/tags/140.json]
[herbnkathy.com/2016/12/01/how-well-is-our-fridge-working/index7c3f.html]
[herbnkathy.com/2016/12/01/how-well-is-our-fridge-working/index9ac4.html]
[herbnkathy.com/tag/freeze/index.html]
[herbnkathy.com/wp-json/wp/v2/tags/92769.json]
[herbnkathy.com/tag/cool/feed/index.html]
[herbnkathy.com/tag/freeze/feed/index.html]
[herbnkathy.com/tag/refrigerator/feed/index.html]
[herbnkathy.com/tag/refrigerator/index.html]
[herbnkathy.com/wp-json/wp/v2/tags/141652.json]
[herbnkathy.com/tag/temperature/index.html]
[herbnkathy.com/wp-json/wp/v2/tags/245764.json]
[herbnkathy.com/tag/temperature/feed/index.html]
[herbnkathy.com/tag/badlands/index.html]
[herbnkathy.com/tag/badlands/feed/index.html]
[herbnkathy.com/wp-json/wp/v2/tags/554707764.json]
[herbnkathy.com/tag/black-hills/index.html]
[herbnkathy.com/wp-json/wp/v2/tags/554707765.json]
[herbnkathy.com/tag/black-hills/feed/index.html]
[herbnkathy.com/tag/booth-house/index.html]
[herbnkathy.com/tag/booth-house/feed/index.html]
[herbnkathy.com/wp-json/wp/v2/tags/554707766.json]
[herbnkathy.com/tag/fish/index.html]
[herbnkathy.com/tag/fish/feed/index.html]
[herbnkathy.com/wp-json/wp/v2/tags/5995.json]
[herbnkathy.com/tag/fish-car/index.html]
[herbnkathy.com/tag/fish-car/feed/index.html]
[herbnkathy.com/wp-json/wp/v2/tags/554707768.json]
[herbnkathy.com/tag/rail-car/feed/index.html]
[herbnkathy.com/tag/rail-car/index.html]
[herbnkathy.com/wp-json/wp/v2/tags/554707767.json]
[herbnkathy.com/tag/teaching/feed/index.html]
[herbnkathy.com/tag/teaching/index.html]
[herbnkathy.com/wp-json/wp/v2/tags/554707763.json]
[herbnkathy.com/tag/tourism/index.html]
[herbnkathy.com/tag/tourism/feed/index.html]
[herbnkathy.com/wp-json/wp/v2/tags/554707762.json]
[herbnkathy.com/tag/trout/feed/index.html]
[herbnkathy.com/tag/trout/index.html]
[herbnkathy.com/wp-json/wp/v2/tags/554707357.json]
[herbnkathy.com/wp-json/oembed/1.0/embed4494.json]
[herbnkathy.com/wp-json/oembed/1.0/embed32c8]
[herbnkathy.com/2017/10/06/review-lake-vandalia-campground/feed/index.html]
[herbnkathy.com/2017/10/06/review-lake-vandalia-campground/index.html]
[herbnkathy.com/wp-json/wp/v2/posts/4259.json]
[herbnkathy.com/tag/bratwurst/index.html]
[herbnkathy.com/wp-json/wp/v2/tags/554707475.json]
[herbnkathy.com/tag/bratwurst/feed/index.html]
[herbnkathy.com/2017/10/06/review-lake-vandalia-campground/index5972.html]
[herbnkathy.com/tag/squash/index.html]
[herbnkathy.com/wp-json/wp/v2/tags/554707472.json]
[herbnkathy.com/tag/squash/feed/index.html]
[herbnkathy.com/tag/vandalia/index.html]
[herbnkathy.com/wp-json/wp/v2/tags/554707473.json]
[herbnkathy.com/tag/vandalia/feed/index.html]
[herbnkathy.com/wp-json/oembed/1.0/embed0f38.json]
[herbnkathy.com/wp-json/oembed/1.0/embedd8fe]
[herbnkathy.com/2017/08/20/riding-a-cable-ferry-at-lake-charlevoix/feed/index.html]
[herbnkathy.com/2017/08/20/riding-a-cable-ferry-at-lake-charlevoix/index.html]
[herbnkathy.com/wp-json/wp/v2/posts/4010.json]
[herbnkathy.com/tag/ironton/index.html]
[herbnkathy.com/wp-json/wp/v2/tags/554707434.json]
[herbnkathy.com/tag/ironton/feed/index.html]
[herbnkathy.com/wp-json/oembed/1.0/embedf669.json]
[herbnkathy.com/2017/02/06/bill-williams-river-wildlife-refuge-lake-havasu-az/feed/index.html]
[herbnkathy.com/wp-json/oembed/1.0/embed53f1]
[herbnkathy.com/2017/02/06/bill-williams-river-wildlife-refuge-lake-havasu-az/index.html]
[herbnkathy.com/wp-json/wp/v2/posts/3188.json]
[herbnkathy.com/tag/binoculars/index.html]
[herbnkathy.com/wp-json/wp/v2/tags/554707268.json]
[herbnkathy.com/tag/binoculars/feed/index.html]
[herbnkathy.com/tag/birds/index.html]
[herbnkathy.com/wp-json/wp/v2/tags/554707269.json]
[herbnkathy.com/tag/birds/feed/index.html]
[herbnkathy.com/wp-json/oembed/1.0/embed0618.json]
[herbnkathy.com/2016/04/28/found-a-great-little-park-yuma-tn/feed/index.html]
[herbnkathy.com/wp-json/oembed/1.0/embed3677]
[herbnkathy.com/2016/04/28/found-a-great-little-park-yuma-tn/index.html]
[herbnkathy.com/wp-json/wp/v2/posts/1029.json]
[herbnkathy.com/tag/rv-park/index.html]
[herbnkathy.com/wp-json/wp/v2/tags/1406528.json]
[herbnkathy.com/tag/rv-park/feed/index.html]
[herbnkathy.com/tag/storms/index.html]
[herbnkathy.com/wp-json/wp/v2/tags/21395.json]
[herbnkathy.com/tag/storms/feed/index.html]
[herbnkathy.com/tag/brown-trout/index.html]
[herbnkathy.com/wp-json/wp/v2/tags/554707358.json]
[herbnkathy.com/tag/brown-trout/feed/index.html]
[herbnkathy.com/tag/hamlin-lake/feed/index.html]
[herbnkathy.com/tag/hamlin-lake/index.html]
[herbnkathy.com/wp-json/wp/v2/tags/554707362.json]
[herbnkathy.com/tag/sable-river/index.html]
[herbnkathy.com/wp-json/wp/v2/tags/554707363.json]
[herbnkathy.com/tag/sable-river/feed/index.html]
[herbnkathy.com/tag/steelhead/index.html]
[herbnkathy.com/wp-json/wp/v2/tags/554707359.json]
[herbnkathy.com/tag/steelhead/feed/index.html]
[herbnkathy.com/wp-json/oembed/1.0/embed2206.json]
[herbnkathy.com/2020/02/15/mexico-day-one/feed/index.html]
[herbnkathy.com/wp-json/oembed/1.0/embedd15f]
[herbnkathy.com/2020/02/15/mexico-day-one/index.html]
[herbnkathy.com/wp-json/wp/v2/posts/6761.json]
[herbnkathy.com/wp-json/oembed/1.0/embed2784.json]
[herbnkathy.com/2016/12/15/the-fence-wall-border/feed/index.html]
[herbnkathy.com/wp-json/oembed/1.0/embeda112]
[herbnkathy.com/2016/12/15/the-fence-wall-border/index.html]
[herbnkathy.com/wp-json/wp/v2/posts/2606.json]
[herbnkathy.com/tag/douglas/index.html]
[herbnkathy.com/wp-json/wp/v2/tags/281536.json]
[herbnkathy.com/tag/douglas/feed/index.html]
[herbnkathy.com/tag/fence/feed/index.html]
[herbnkathy.com/tag/fence/index.html]
[herbnkathy.com/wp-json/wp/v2/tags/214239.json]
[herbnkathy.com/tag/gadsden/index.html]
[herbnkathy.com/wp-json/wp/v2/tags/3267005.json]
[herbnkathy.com/tag/gadsden/feed/index.html]
[herbnkathy.com/tag/wall/index.html]
[herbnkathy.com/wp-json/wp/v2/tags/29947.json]
[herbnkathy.com/tag/wall/feed/index.html]
[herbnkathy.com/wp-json/oembed/1.0/embedf35f.json]
[herbnkathy.com/2019/05/04/its-worth-saving/feed/index.html]
[herbnkathy.com/wp-json/oembed/1.0/embed6c86]
[herbnkathy.com/2019/05/04/its-worth-saving/index.html]
[herbnkathy.com/wp-json/wp/v2/posts/5817.json]
[herbnkathy.com/tag/environment/index.html]
[herbnkathy.com/wp-json/wp/v2/tags/554707736.json]
[herbnkathy.com/tag/environment/feed/index.html]
[herbnkathy.com/tag/nature/index.html]
[herbnkathy.com/wp-json/wp/v2/tags/554707737.json]
[herbnkathy.com/tag/nature/feed/index.html]
[herbnkathy.com/tag/tree/feed/index.html]
[herbnkathy.com/tag/tree/index.html]
[herbnkathy.com/wp-json/wp/v2/tags/554707734.json]
[herbnkathy.com/wp-json/oembed/1.0/embed5f3e.json]
[herbnkathy.com/wp-json/oembed/1.0/embeda5b9]
[herbnkathy.com/2017/10/15/our-visit-to-hot-springs-bath-house-row-scary/feed/index.html]
[herbnkathy.com/2017/10/15/our-visit-to-hot-springs-bath-house-row-scary/index.html]
[herbnkathy.com/wp-json/wp/v2/posts/4278.json]
[herbnkathy.com/tag/bath-house/index.html]
[herbnkathy.com/tag/bath-house/feed/index.html]
[herbnkathy.com/wp-json/wp/v2/tags/554707479.json]
[herbnkathy.com/tag/gift-shop/index.html]
[herbnkathy.com/tag/gift-shop/feed/index.html]
[herbnkathy.com/wp-json/wp/v2/tags/554707482.json]
[herbnkathy.com/tag/lake-catherine/feed/index.html]
[herbnkathy.com/tag/lake-catherine/index.html]
[herbnkathy.com/wp-json/wp/v2/tags/554707481.json]
[herbnkathy.com/wp-content/uploads/2016/04/2016-04-25-08-08-42.jpg]
[herbnkathy.com/tag/little-rock/feed/index.html]
[herbnkathy.com/wp-json/wp/v2/tags/626256.json]
[herbnkathy.com/wp-content/uploads/2016/04/2016-04-26-20-02-01.jpg]
[herbnkathy.com/tag/little-rock/index.html]
[herbnkathy.com/tag/amarillo/index.html]
[herbnkathy.com/tag/promenade/index.html]
[herbnkathy.com/tag/promenade/feed/index.html]
[herbnkathy.com/wp-json/wp/v2/tags/554707483.json]
[herbnkathy.com/tag/grants/index.html]
[herbnkathy.com/wp-json/oembed/1.0/embed0e81.json]
[herbnkathy.com/2016/10/04/the-importance-of-copper-in-our-lives/feed/index.html]
[herbnkathy.com/wp-json/oembed/1.0/embed696c]
[herbnkathy.com/2016/10/04/the-importance-of-copper-in-our-lives/index.html]
[herbnkathy.com/wp-json/wp/v2/posts/1976.json]
[herbnkathy.com/wp-json/wp/v2/tags/9111910.json]
[herbnkathy.com/2016/10/04/our-trip-to-ghostown-jerome/index.html]
[herbnkathy.com/tag/clarkdale/index.html]
[herbnkathy.com/tag/clarkdale/feed/index.html]
[herbnkathy.com/wp-json/wp/v2/tags/20797.json]
[herbnkathy.com/tag/copper/feed/index.html]
[herbnkathy.com/tag/copper/index.html]
[herbnkathy.com/tag/picnic/index.html]
[herbnkathy.com/wp-json/wp/v2/tags/554707454.json]
[herbnkathy.com/tag/picnic/feed/index.html]
[herbnkathy.com/tag/pmo/index.html]
[herbnkathy.com/tag/pmo/feed/index.html]
[herbnkathy.com/wp-json/wp/v2/tags/554707453.json]
[herbnkathy.com/tag/swimming/index.html]
[herbnkathy.com/tag/swimming/feed/index.html]
[herbnkathy.com/wp-json/wp/v2/tags/14120.json]
[herbnkathy.com/wp-json/oembed/1.0/embed6837.json]
[herbnkathy.com/wp-json/oembed/1.0/embed3cf3]
[herbnkathy.com/2019/12/14/herbnkathy-solar-install/feed/index.html]
[herbnkathy.com/2019/12/14/herbnkathy-solar-install/index.html]
[herbnkathy.com/wp-json/wp/v2/posts/6623.json]
[herbnkathy.com/tag/200w/index.html]
[herbnkathy.com/wp-json/wp/v2/tags/554707821.json]
[herbnkathy.com/2019/12/14/herbnkathy-solar-install/index1545.html]
[herbnkathy.com/tag/200w/feed/index.html]
[herbnkathy.com/2019/12/14/herbnkathy-solar-install/index3ade.html]
[herbnkathy.com/tag/brian-boone/index.html]
[herbnkathy.com/tag/brian-boone/feed/index.html]
[herbnkathy.com/wp-json/wp/v2/tags/554707817.json]
[herbnkathy.com/tag/solar-panels/index.html]
[herbnkathy.com/tag/solar-panels/feed/index.html]
[herbnkathy.com/wp-json/wp/v2/tags/554707819.json]
[herbnkathy.com/wp-json/oembed/1.0/embed365a.json]
[herbnkathy.com/2017/02/08/kathys-visit-to-readers-oasis-aka-the-naked-bookseller/feed/index.html]
[herbnkathy.com/wp-json/oembed/1.0/embed7c82]
[herbnkathy.com/2017/02/08/kathys-visit-to-readers-oasis-aka-the-naked-bookseller/index.html]
[herbnkathy.com/wp-json/wp/v2/posts/3251.json]
[herbnkathy.com/tag/authors/index.html]
[herbnkathy.com/wp-json/wp/v2/tags/554707273.json]
[herbnkathy.com/tag/authors/feed/index.html]
[herbnkathy.com/tag/books/index.html]
[herbnkathy.com/wp-json/wp/v2/tags/554707271.json]
[herbnkathy.com/tag/books/feed/index.html]
[herbnkathy.com/tag/naked/feed/index.html]
[herbnkathy.com/tag/naked/index.html]
[herbnkathy.com/wp-json/wp/v2/tags/554707272.json]
[herbnkathy.com/tag/paul-winer/index.html]
[herbnkathy.com/wp-json/wp/v2/tags/554707277.json]
[herbnkathy.com/tag/paul-winer/feed/index.html]
[herbnkathy.com/tag/piano/feed/index.html]
[herbnkathy.com/tag/piano/index.html]
[herbnkathy.com/wp-json/wp/v2/tags/554707276.json]
[herbnkathy.com/tag/readers-oasis/index.html]
[herbnkathy.com/wp-json/wp/v2/tags/554707278.json]
[herbnkathy.com/tag/readers-oasis/feed/index.html]
[herbnkathy.com/tag/writing/index.html]
[herbnkathy.com/wp-json/wp/v2/tags/554707274.json]
[herbnkathy.com/tag/writing/feed/index.html]
[herbnkathy.com/wp-json/oembed/1.0/embed5076.json]
[herbnkathy.com/2017/01/31/quartzfest-ham-radio-convention-in-the-sanoran-desert/feed/index.html]
[herbnkathy.com/wp-json/oembed/1.0/embed1c0a]
[herbnkathy.com/wp-json/wp/v2/posts/3204.json]
[secure.gravatar.com/avatar/515721357f577a1dcbd8720d1f63e8b9522a09ef0c9d2964891066b4e09f1a52a8ba.png]
[herbnkathy.com/2017/01/31/quartzfest-ham-radio-convention-in-the-sanoran-desert/index.html]
[herbnkathy.com/tag/amateur-radio/index.html]
[herbnkathy.com/wp-json/wp/v2/tags/554707256.json]
[herbnkathy.com/2017/01/31/quartzfest-ham-radio-convention-in-the-sanoran-desert/indexcc4b.html]
[herbnkathy.com/2017/01/31/quartzfest-ham-radio-convention-in-the-sanoran-desert/indexba76.html]
[herbnkathy.com/tag/amateur-radio/feed/index.html]
[herbnkathy.com/2017/01/31/quartzfest-ham-radio-convention-in-the-sanoran-desert/index71ae.html]
[herbnkathy.com/tag/antennas/index.html]
[herbnkathy.com/tag/antennas/feed/index.html]
[herbnkathy.com/wp-json/wp/v2/tags/554707257.json]
[herbnkathy.com/tag/learning/index.html]
[herbnkathy.com/wp-json/wp/v2/tags/554707258.json]
[herbnkathy.com/tag/learning/feed/index.html]
[herbnkathy.com/tag/quartzfest/index.html]
[herbnkathy.com/tag/quartzfest/feed/index.html]
[herbnkathy.com/wp-json/wp/v2/tags/554707255.json]
[herbnkathy.com/tag/sunrise/index.html]
[herbnkathy.com/wp-json/wp/v2/tags/554707259.json]
[herbnkathy.com/tag/sunrise/feed/index.html]
[herbnkathy.com/tag/sunset/index.html]
[herbnkathy.com/wp-json/wp/v2/tags/554707260.json]
[herbnkathy.com/tag/sunset/feed/index.html]
[herbnkathy.com/tag/calamity-jane/index.html]
[herbnkathy.com/tag/calamity-jane/feed/index.html]
[herbnkathy.com/wp-json/wp/v2/tags/554707773.json]
[herbnkathy.com/tag/cemetery/index.html]
[herbnkathy.com/wp-json/wp/v2/tags/554707775.json]
[herbnkathy.com/tag/cemetery/feed/index.html]
[herbnkathy.com/tag/hiking/index.html]
[herbnkathy.com/tag/hiking/feed/index.html]
[herbnkathy.com/wp-json/wp/v2/tags/554707247.json]
[herbnkathy.com/tag/mount-moriah/feed/index.html]
[herbnkathy.com/tag/mount-moriah/index.html]
[herbnkathy.com/wp-json/wp/v2/tags/554707776.json]
[herbnkathy.com/tag/mount-roosevelt/feed/index.html]
[herbnkathy.com/tag/mount-roosevelt/index.html]
[herbnkathy.com/wp-json/wp/v2/tags/554707777.json]
[herbnkathy.com/tag/walking/index.html]
[herbnkathy.com/tag/walking/feed/index.html]
[herbnkathy.com/wp-json/wp/v2/tags/554707778.json]
[herbnkathy.com/tag/wild-bill-hickok/index.html]
[herbnkathy.com/tag/south-dakota/page/2/index.html]
[herbnkathy.com/wp-json/wp/v2/tags/554707774.json]
[herbnkathy.com/tag/wild-bill-hickok/feed/index.html]
[herbnkathy.com/wp-json/oembed/1.0/embed707f.json]
[herbnkathy.com/2019/09/05/fun-for-all-ages-spearfish/feed/index.html]
[herbnkathy.com/wp-json/oembed/1.0/embed9f06]
[herbnkathy.com/2019/09/05/fun-for-all-ages-spearfish/index.html]
[herbnkathy.com/wp-json/wp/v2/posts/6166.json]
[herbnkathy.com/tag/bike-race/index.html]
[herbnkathy.com/wp-json/wp/v2/tags/554707793.json]
[herbnkathy.com/tag/bike-race/feed/index.html]
[herbnkathy.com/tag/boat-race/index.html]
[herbnkathy.com/wp-json/wp/v2/tags/554707794.json]
[herbnkathy.com/tag/boat-race/feed/index.html]
[herbnkathy.com/tag/dakota-five-0/index.html]
[herbnkathy.com/wp-json/wp/v2/tags/554707792.json]
[herbnkathy.com/tag/dakota-five-0/feed/index.html]
[herbnkathy.com/tag/spearfish-campground/index.html]
[herbnkathy.com/wp-json/wp/v2/tags/554707795.json]
[herbnkathy.com/wp-json/oembed/1.0/embed0abf.json]
[herbnkathy.com/tag/spearfish-campground/feed/index.html]
[herbnkathy.com/wp-json/oembed/1.0/embed097a]
[herbnkathy.com/wp-json/wp/v2/posts/7020.json]
[herbnkathy.com/wp-content/uploads/2020/03/IMG_20200307_142649-2000x1500.jpg]
[herbnkathy.com/2020/03/08/only-a-couple-hiccups/index.html]
[herbnkathy.com/tag/blackwater/index.html]
[herbnkathy.com/wp-json/wp/v2/tags/554707870.json]
[herbnkathy.com/tag/blackwater/feed/index.html]
[herbnkathy.com/tag/crestview/index.html]
[herbnkathy.com/tag/crestview/feed/index.html]
[herbnkathy.com/wp-json/wp/v2/tags/554707338.json]
[herbnkathy.com/tag/dave/index.html]
[herbnkathy.com/wp-json/wp/v2/tags/554707867.json]
[herbnkathy.com/tag/dave/feed/index.html]
[herbnkathy.com/tag/driving/index.html]
[herbnkathy.com/wp-json/wp/v2/tags/554707869.json]
[herbnkathy.com/tag/driving/feed/index.html]
[herbnkathy.com/tag/festival/index.html]
[herbnkathy.com/wp-json/wp/v2/tags/554707864.json]
[herbnkathy.com/tag/hayden/index.html]
[herbnkathy.com/wp-json/wp/v2/tags/554707866.json]
[herbnkathy.com/tag/festival/feed/index.html]
[herbnkathy.com/tag/hayden/feed/index.html]
[herbnkathy.com/tag/holt/index.html]
[herbnkathy.com/tag/holt/feed/index.html]
[herbnkathy.com/wp-json/wp/v2/tags/554707337.json]
[herbnkathy.com/tag/milton/index.html]
[herbnkathy.com/wp-json/wp/v2/tags/554707865.json]
[herbnkathy.com/tag/milton/feed/index.html]
[herbnkathy.com/tag/robyn/index.html]
[herbnkathy.com/wp-json/wp/v2/tags/554707868.json]
[herbnkathy.com/tag/robyn/feed/index.html]
[herbnkathy.com/wp-json/oembed/1.0/embed158c.json]
[herbnkathy.com/wp-json/oembed/1.0/embed34bd]
[herbnkathy.com/2017/09/26/our-trip-home-the-long-way/feed/index.html]
[herbnkathy.com/2017/09/26/our-trip-home-the-long-way/index.html]
[herbnkathy.com/wp-json/wp/v2/posts/4139.json]
[herbnkathy.com/tag/breakwater/index.html]
[herbnkathy.com/tag/breakwater/feed/index.html]
[herbnkathy.com/wp-json/wp/v2/tags/554707461.json]
[herbnkathy.com/tag/brockway-mountain/index.html]
[herbnkathy.com/wp-json/wp/v2/tags/554707465.json]
[herbnkathy.com/tag/da-yooper-trap/index.html]
[herbnkathy.com/tag/brockway-mountain/feed/index.html]
[herbnkathy.com/tag/da-yooper-trap/feed/index.html]
[herbnkathy.com/wp-json/wp/v2/tags/554707457.json]
[herbnkathy.com/tag/eagle-river/index.html]
[herbnkathy.com/wp-json/wp/v2/tags/554707467.json]
[herbnkathy.com/tag/eagle-river/feed/index.html]
[herbnkathy.com/tag/elkhart/index.html]
[herbnkathy.com/tag/elkhart/feed/index.html]
[herbnkathy.com/wp-json/wp/v2/tags/554707469.json]
[herbnkathy.com/tag/fort-wilkins/index.html]
[herbnkathy.com/tag/fort-wilkins/feed/index.html]
[herbnkathy.com/wp-json/wp/v2/tags/554707462.json]
[herbnkathy.com/tag/hall-of-fame/index.html]
[herbnkathy.com/wp-json/wp/v2/tags/554707470.json]
[herbnkathy.com/tag/hall-of-fame/feed/index.html]
[herbnkathy.com/tag/jetty/index.html]
[herbnkathy.com/tag/jetty/feed/index.html]
[herbnkathy.com/wp-json/wp/v2/tags/554707458.json]
[herbnkathy.com/tag/lake-manganese/index.html]
[herbnkathy.com/wp-json/wp/v2/tags/554707464.json]
[herbnkathy.com/tag/lake-superior/index.html]
[herbnkathy.com/tag/lake-manganese/feed/index.html]
[herbnkathy.com/wp-json/wp/v2/tags/554707463.json]
[herbnkathy.com/tag/manistique/index.html]
[herbnkathy.com/tag/lake-superior/feed/index.html]
[herbnkathy.com/wp-json/wp/v2/tags/554707441.json]
[herbnkathy.com/tag/manistique-river/index.html]
[herbnkathy.com/tag/manistique/feed/index.html]
[herbnkathy.com/wp-json/wp/v2/tags/554707460.json]
[herbnkathy.com/tag/manistique-river/feed/index.html]
[herbnkathy.com/tag/the-jam-pot/index.html]
[herbnkathy.com/tag/the-jam-pot/feed/index.html]
[herbnkathy.com/wp-json/wp/v2/tags/554707468.json]
[herbnkathy.com/tag/up/index.html]
[herbnkathy.com/tag/up/feed/index.html]
[herbnkathy.com/wp-json/wp/v2/tags/554707455.json]
[herbnkathy.com/tag/waffle-cones/index.html]
[herbnkathy.com/tag/waffle-cones/feed/index.html]
[herbnkathy.com/wp-json/wp/v2/tags/554707466.json]
[herbnkathy.com/tag/yooper/feed/index.html]
[herbnkathy.com/tag/yooper/index.html]
[herbnkathy.com/wp-json/wp/v2/tags/554707456.json]
[herbnkathy.com/tag/chuck/index.html]
[herbnkathy.com/tag/chuck/feed/index.html]
[herbnkathy.com/wp-json/wp/v2/tags/554707438.json]
[herbnkathy.com/tag/escanaba/index.html]
[herbnkathy.com/tag/escanaba/feed/index.html]
[herbnkathy.com/wp-json/wp/v2/tags/554707442.json]
[herbnkathy.com/tag/grand-marais/index.html]
[herbnkathy.com/tag/grand-marais/feed/index.html]
[herbnkathy.com/wp-json/wp/v2/tags/554707445.json]
[herbnkathy.com/tag/joanne/index.html]
[herbnkathy.com/tag/joanne/feed/index.html]
[herbnkathy.com/wp-json/wp/v2/tags/554707439.json]
[herbnkathy.com/tag/munising/index.html]
[herbnkathy.com/tag/munising/feed/index.html]
[herbnkathy.com/wp-json/wp/v2/tags/554707440.json]
[herbnkathy.com/tag/pond/feed/index.html]
[herbnkathy.com/tag/pond/index.html]
[herbnkathy.com/wp-json/wp/v2/tags/554707436.json]
[herbnkathy.com/tag/sault-st-marie/index.html]
[herbnkathy.com/tag/sault-st-marie/feed/index.html]
[herbnkathy.com/wp-json/wp/v2/tags/554707444.json]
[herbnkathy.com/tag/st-ignace/feed/index.html]
[herbnkathy.com/tag/st-ignace/index.html]
[herbnkathy.com/wp-json/wp/v2/tags/554707443.json]
[herbnkathy.com/wp-json/oembed/1.0/embed9c50.json]
[herbnkathy.com/2018/03/25/were-ready-for-something-different-whatll-it-be/feed/index.html]
[herbnkathy.com/wp-json/oembed/1.0/embed49aa]
[herbnkathy.com/wp-json/wp/v2/posts/4692.json]
[secure.gravatar.com/avatar/49168b74d71204fbbda73d99f740c854526fb9042d8ccc92bf90471a35826aefa8ba.jpeg]
[herbnkathy.com/2018/03/25/were-ready-for-something-different-whatll-it-be/index.html]
[herbnkathy.com/2018/03/25/were-ready-for-something-different-whatll-it-be/indexb600.html]
[herbnkathy.com/2018/03/25/were-ready-for-something-different-whatll-it-be/index00b2.html]
[herbnkathy.com/2018/03/25/were-ready-for-something-different-whatll-it-be/index8a4a.html]
[herbnkathy.com/2018/03/25/were-ready-for-something-different-whatll-it-be/index62de.html]
[herbnkathy.com/2018/03/25/were-ready-for-something-different-whatll-it-be/index4cf3.html]
[herbnkathy.com/2018/03/25/were-ready-for-something-different-whatll-it-be/index7714.html]
[herbnkathy.com/tag/christian/feed/index.html]
[herbnkathy.com/tag/christian/index.html]
[herbnkathy.com/wp-json/wp/v2/tags/554707546.json]
[herbnkathy.com/tag/church/index.html]
[herbnkathy.com/wp-json/wp/v2/tags/554707547.json]
[herbnkathy.com/tag/church/feed/index.html]
[herbnkathy.com/tag/fellowship/index.html]
[herbnkathy.com/wp-json/wp/v2/tags/554707549.json]
[herbnkathy.com/tag/fellowship/feed/index.html]
[herbnkathy.com/tag/piney-woods/index.html]
[herbnkathy.com/wp-json/wp/v2/tags/554707545.json]
[herbnkathy.com/tag/piney-woods/feed/index.html]
[herbnkathy.com/tag/rvics/index.html]
[herbnkathy.com/wp-json/wp/v2/tags/554707552.json]
[herbnkathy.com/tag/rvics/feed/index.html]
[herbnkathy.com/tag/sowers/feed/index.html]
[herbnkathy.com/tag/sowers/index.html]
[herbnkathy.com/wp-json/wp/v2/tags/554707553.json]
[herbnkathy.com/tag/volunteer-christian-builders/index.html]
[herbnkathy.com/wp-json/wp/v2/tags/554707550.json]
[herbnkathy.com/tag/volunteer-christian-builders/feed/index.html]
[herbnkathy.com/tag/woodlake/index.html]
[herbnkathy.com/wp-json/wp/v2/tags/554707554.json]
[herbnkathy.com/tag/woodlake/feed/index.html]
[herbnkathy.com/tag/worship/feed/index.html]
[herbnkathy.com/tag/worship/index.html]
[herbnkathy.com/wp-json/wp/v2/tags/554707548.json]
[herbnkathy.com/tag/rainbows-end/index.html]
[herbnkathy.com/wp-json/wp/v2/tags/1951014.json]
[herbnkathy.com/tag/rainbows-end/feed/index.html]
[herbnkathy.com/wp-json/oembed/1.0/embedb55f.json]
[herbnkathy.com/2018/10/20/volunteering-at-albuquerque-international-balloon-fiesta-aibf/feed/index.html]
[herbnkathy.com/wp-json/oembed/1.0/embedb529]
[herbnkathy.com/2018/10/20/volunteering-at-albuquerque-international-balloon-fiesta-aibf/index.html]
[herbnkathy.com/wp-json/wp/v2/posts/5015.json]
[herbnkathy.com/2018/10/20/volunteering-at-albuquerque-international-balloon-fiesta-aibf/index7f1f.html]
[herbnkathy.com/2018/10/20/volunteering-at-albuquerque-international-balloon-fiesta-aibf/index5b38.html]
[herbnkathy.com/2018/10/20/volunteering-at-albuquerque-international-balloon-fiesta-aibf/index1abf.html]
[herbnkathy.com/2018/10/20/volunteering-at-albuquerque-international-balloon-fiesta-aibf/index8e31.html]
[herbnkathy.com/2018/10/20/volunteering-at-albuquerque-international-balloon-fiesta-aibf/index4705.html]
[herbnkathy.com/tag/balloon/index.html]
[herbnkathy.com/tag/balloon/feed/index.html]
[herbnkathy.com/wp-json/wp/v2/tags/554707603.json]
[herbnkathy.com/tag/balloon-museum/index.html]
[herbnkathy.com/tag/balloon-museum/feed/index.html]
[herbnkathy.com/wp-json/wp/v2/tags/554707605.json]
[herbnkathy.com/tag/dieter/index.html]
[herbnkathy.com/wp-json/wp/v2/tags/554707609.json]
[herbnkathy.com/tag/dieter/feed/index.html]
[herbnkathy.com/tag/fiesta/index.html]
[herbnkathy.com/tag/fiesta/feed/index.html]
[herbnkathy.com/wp-json/wp/v2/tags/554707604.json]
[herbnkathy.com/tag/glowdeo/index.html]
[herbnkathy.com/tag/glowdeo/feed/index.html]
[herbnkathy.com/wp-json/wp/v2/tags/554707606.json]
[herbnkathy.com/tag/mass-ascension/index.html]
[herbnkathy.com/tag/mass-ascension/feed/index.html]
[herbnkathy.com/wp-json/wp/v2/tags/554707607.json]
[herbnkathy.com/tag/sam/index.html]
[herbnkathy.com/tag/sam/feed/index.html]
[herbnkathy.com/wp-json/wp/v2/tags/554707608.json]
[herbnkathy.com/wp-json/oembed/1.0/embeddb62.json]
[herbnkathy.com/wp-json/oembed/1.0/embed6500]
[herbnkathy.com/2018/12/20/arizona-cotton-farm-tour/feed/index.html]
[herbnkathy.com/2018/12/20/arizona-cotton-farm-tour/index.html]
[herbnkathy.com/wp-json/wp/v2/posts/5197.json]
[herbnkathy.com/tag/bale/index.html]
[herbnkathy.com/wp-json/wp/v2/tags/554707643.json]
[herbnkathy.com/2018/12/20/arizona-cotton-farm-tour/index987c.html]
[herbnkathy.com/tag/bale/feed/index.html]
[herbnkathy.com/2018/12/20/arizona-cotton-farm-tour/index17a4.html]
[herbnkathy.com/tag/brushes/feed/index.html]
[herbnkathy.com/tag/brushes/index.html]
[herbnkathy.com/wp-json/wp/v2/tags/554707638.json]
[herbnkathy.com/tag/builder/index.html]
[herbnkathy.com/tag/builder/feed/index.html]
[herbnkathy.com/wp-json/wp/v2/tags/554707645.json]
[herbnkathy.com/tag/caywood/index.html]
[herbnkathy.com/wp-json/wp/v2/tags/554707635.json]
[herbnkathy.com/tag/cotton/index.html]
[herbnkathy.com/tag/caywood/feed/index.html]
[herbnkathy.com/wp-json/wp/v2/tags/554707634.json]
[herbnkathy.com/tag/cotton/feed/index.html]
[herbnkathy.com/tag/cotton-bale/index.html]
[herbnkathy.com/wp-json/wp/v2/tags/554707650.json]
[herbnkathy.com/tag/cotton-bale/feed/index.html]
[herbnkathy.com/tag/cotton-boll/index.html]
[herbnkathy.com/wp-json/wp/v2/tags/554707648.json]
[herbnkathy.com/tag/cotton-flower/index.html]
[herbnkathy.com/tag/cotton-boll/feed/index.html]
[herbnkathy.com/wp-json/wp/v2/tags/554707649.json]
[herbnkathy.com/tag/cotton-flower/feed/index.html]
[herbnkathy.com/tag/cotton-gin/index.html]
[herbnkathy.com/wp-json/wp/v2/tags/554707652.json]
[herbnkathy.com/tag/cotton-picker/index.html]
[herbnkathy.com/tag/cotton-gin/feed/index.html]
[herbnkathy.com/wp-json/wp/v2/tags/554707636.json]
[herbnkathy.com/tag/cotton-picker/feed/index.html]
[herbnkathy.com/tag/cotton-seed/index.html]
[herbnkathy.com/wp-json/wp/v2/tags/554707647.json]
[herbnkathy.com/tag/cotton-truck/index.html]
[herbnkathy.com/tag/cotton-seed/feed/index.html]
[herbnkathy.com/wp-json/wp/v2/tags/554707651.json]
[herbnkathy.com/tag/ginning/index.html]
[herbnkathy.com/tag/cotton-truck/feed/index.html]
[herbnkathy.com/tag/ginning/feed/index.html]
[herbnkathy.com/wp-json/wp/v2/tags/554707654.json]
[herbnkathy.com/tag/ginning-process/index.html]
[herbnkathy.com/wp-json/wp/v2/tags/554707653.json]
[herbnkathy.com/tag/ginning-process/feed/index.html]
[herbnkathy.com/tag/hay/index.html]
[herbnkathy.com/tag/hay/feed/index.html]
[herbnkathy.com/wp-json/wp/v2/tags/554707639.json]
[herbnkathy.com/tag/lint/index.html]
[herbnkathy.com/tag/lint/feed/index.html]
[herbnkathy.com/wp-json/wp/v2/tags/554707641.json]
[herbnkathy.com/tag/linter/feed/index.html]
[herbnkathy.com/tag/linter/index.html]
[herbnkathy.com/wp-json/wp/v2/tags/554707642.json]
[herbnkathy.com/tag/module/index.html]
[herbnkathy.com/wp-json/wp/v2/tags/554707644.json]
[herbnkathy.com/tag/module/feed/index.html]
[herbnkathy.com/tag/module-builder/index.html]
[herbnkathy.com/wp-json/wp/v2/tags/554707646.json]
[herbnkathy.com/tag/spindles/index.html]
[herbnkathy.com/tag/module-builder/feed/index.html]
[herbnkathy.com/tag/spindles/feed/index.html]
[herbnkathy.com/wp-json/wp/v2/tags/554707637.json]
[herbnkathy.com/tag/wagon/feed/index.html]
[herbnkathy.com/tag/wagon/index.html]
[herbnkathy.com/wp-json/wp/v2/tags/554707640.json]
[herbnkathy.com/wp-json/oembed/1.0/embed8a6d.json]
[herbnkathy.com/wp-json/oembed/1.0/embed4f1b]
[herbnkathy.com/2017/03/18/a-little-gem-in-central-texas/feed/index.html]
[herbnkathy.com/2017/03/18/a-little-gem-in-central-texas/index.html]
[herbnkathy.com/wp-json/wp/v2/posts/3515.json]
[herbnkathy.com/tag/junction/index.html]
[herbnkathy.com/wp-json/wp/v2/tags/554707327.json]
[herbnkathy.com/2017/03/19/not-a-place-wed-come-back-to/index.html]
[herbnkathy.com/tag/junction/feed/index.html]
[herbnkathy.com/2017/03/18/a-little-gem-in-central-texas/index51f2.html]
[herbnkathy.com/tag/llamo-river/index.html]
[herbnkathy.com/wp-json/wp/v2/tags/554707326.json]
[herbnkathy.com/tag/llamo-river/feed/index.html]
[herbnkathy.com/tag/peaceful/index.html]
[herbnkathy.com/wp-json/wp/v2/tags/554707328.json]
[herbnkathy.com/tag/peaceful/feed/index.html]
[herbnkathy.com/tag/pecan-valley/index.html]
[herbnkathy.com/wp-json/wp/v2/tags/554707325.json]
[herbnkathy.com/tag/pecan-valley/feed/index.html]
[herbnkathy.com/wp-json/oembed/1.0/embed0ea4.json]
[herbnkathy.com/2017/03/16/oooops-didnt-make-it-to-roswell/feed/index.html]
[herbnkathy.com/wp-json/oembed/1.0/embed596d]
[herbnkathy.com/2017/03/16/oooops-didnt-make-it-to-roswell/index.html]
[herbnkathy.com/wp-json/wp/v2/posts/3497.json]
[herbnkathy.com/tag/carlsbad/index.html]
[herbnkathy.com/wp-json/wp/v2/tags/554707323.json]
[herbnkathy.com/tag/carlsbad/feed/index.html]
[herbnkathy.com/tag/falls/index.html]
[herbnkathy.com/wp-json/wp/v2/tags/554707324.json]
[herbnkathy.com/tag/falls/feed/index.html]
[herbnkathy.com/tag/sitting-bull/feed/index.html]
[herbnkathy.com/tag/sitting-bull/index.html]
[herbnkathy.com/wp-json/wp/v2/tags/554707322.json]
[herbnkathy.com/wp-json/oembed/1.0/embed8eeb.json]
[herbnkathy.com/2016/06/19/disinfecting-the-fresh-water-system/feed/index.html]
[herbnkathy.com/wp-json/oembed/1.0/embed1b44]
[herbnkathy.com/2016/06/19/disinfecting-the-fresh-water-system/index.html]
[herbnkathy.com/wp-json/wp/v2/posts/1191.json]
[herbnkathy.com/tag/bleach/index.html]
[herbnkathy.com/wp-json/wp/v2/tags/20548.json]
[herbnkathy.com/tag/bleach/feed/index.html]
[herbnkathy.com/tag/disinfect/index.html]
[herbnkathy.com/wp-json/wp/v2/tags/198285.json]
[herbnkathy.com/tag/disinfect/feed/index.html]
[herbnkathy.com/tag/fresh-water/index.html]
[herbnkathy.com/wp-json/wp/v2/tags/159279.json]
[herbnkathy.com/tag/fresh-water/feed/index.html]
[herbnkathy.com/wp-json/oembed/1.0/embedd79d.json]
[herbnkathy.com/wp-json/oembed/1.0/embedc136]
[herbnkathy.com/2019/05/08/just-a-sleepy-little-town/feed/index.html]
[herbnkathy.com/2019/05/08/just-a-sleepy-little-town/index.html]
[herbnkathy.com/wp-json/wp/v2/posts/5754.json]
[herbnkathy.com/tag/bronc/index.html]
[herbnkathy.com/tag/bronc/feed/index.html]
[herbnkathy.com/wp-json/wp/v2/tags/554707729.json]
[herbnkathy.com/tag/horse/index.html]
[herbnkathy.com/tag/horse/feed/index.html]
[herbnkathy.com/wp-json/wp/v2/tags/554707249.json]
[herbnkathy.com/tag/kaycee/index.html]
[herbnkathy.com/tag/kaycee/feed/index.html]
[herbnkathy.com/wp-json/wp/v2/tags/554707730.json]
[herbnkathy.com/tag/laundry/index.html]
[herbnkathy.com/tag/laundry/feed/index.html]
[herbnkathy.com/wp-json/wp/v2/tags/554707733.json]
[herbnkathy.com/tag/ledoux/index.html]
[herbnkathy.com/wp-json/wp/v2/tags/554707732.json]
[herbnkathy.com/tag/ledoux/feed/index.html]
[herbnkathy.com/tag/parrot/index.html]
[herbnkathy.com/wp-json/wp/v2/tags/554707852.json]
[herbnkathy.com/tag/parrot/feed/index.html]
[herbnkathy.com/tag/puma/index.html]
[herbnkathy.com/tag/puma/feed/index.html]
[herbnkathy.com/wp-json/wp/v2/tags/554707851.json]
[herbnkathy.com/tag/reptile/feed/index.html]
[herbnkathy.com/tag/reptile/index.html]
[herbnkathy.com/wp-json/wp/v2/tags/554707853.json]
[herbnkathy.com/tag/wine-country/index.html]
[herbnkathy.com/wp-json/wp/v2/tags/554707850.json]
[herbnkathy.com/tag/wine-country/feed/index.html]
[herbnkathy.com/wp-json/oembed/1.0/embed034b.json]
[herbnkathy.com/2017/03/28/familiar-faces-in-new-places/feed/index.html]
[herbnkathy.com/wp-json/oembed/1.0/embedcc19]
[herbnkathy.com/2017/03/28/familiar-faces-in-new-places/index.html]
[herbnkathy.com/wp-json/wp/v2/posts/3575.json]
[herbnkathy.com/tag/destin/index.html]
[herbnkathy.com/tag/destin/feed/index.html]
[herbnkathy.com/wp-json/wp/v2/tags/554707335.json]
[herbnkathy.com/2017/03/28/familiar-faces-in-new-places/index20e7.html]
[herbnkathy.com/tag/dolphins/index.html]
[herbnkathy.com/tag/dolphins/feed/index.html]
[herbnkathy.com/wp-json/wp/v2/tags/554707340.json]
[herbnkathy.com/tag/gulf-shores/index.html]
[herbnkathy.com/tag/gulf-shores/feed/index.html]
[herbnkathy.com/wp-json/wp/v2/tags/554707336.json]
[herbnkathy.com/tag/jacksonville/index.html]
[herbnkathy.com/wp-json/wp/v2/tags/554707339.json]
[herbnkathy.com/tag/summerdale/feed/index.html]
[herbnkathy.com/tag/jacksonville/feed/index.html]
[herbnkathy.com/tag/summerdale/index.html]
[herbnkathy.com/wp-json/wp/v2/tags/554707333.json]
[herbnkathy.com/wp-json/oembed/1.0/embede15a.json]
[herbnkathy.com/2016/04/08/the-oklahoma-city-zoo/feed/index.html]
[herbnkathy.com/wp-json/oembed/1.0/embed1666]
[herbnkathy.com/2016/04/08/the-oklahoma-city-zoo/index.html]
[herbnkathy.com/wp-json/wp/v2/posts/504.json]
[herbnkathy.com/tag/lemonade/index.html]
[herbnkathy.com/wp-content/themes/karuna-wpcom/assets/fonts/genericons/genericons/Genericons.svg]
[herbnkathy.com/index5295.html]
[herbnkathy.com/wp-json/wp/v2/tags/176075.json]
[herbnkathy.com/tag/lemonade/feed/index.html]
[herbnkathy.com/wp-json/oembed/1.0/embedcb24.json]
[herbnkathy.com/2016/03/19/generator-clunk/feed/index.html]
[herbnkathy.com/wp-json/oembed/1.0/embedf1a9]
[herbnkathy.com/2016/03/19/generator-clunk/index.html]
[herbnkathy.com/2016/03/16/our-home-on-the-road/index189f.html]
[herbnkathy.com/2016/03/16/our-home-on-the-road/index6b62.html]
[herbnkathy.com/2016/04/28/welcome-to-herb-kathys-travel-blog/index.html]
[herbnkathy.com/2016/03/16/our-home-on-the-road/indexf73b.html]
[herbnkathy.com/author/herbbaldwin/page/3/index.html]
[herbnkathy.com/wp-includes/js/mediaelement/mejs-controls.svg]
[herbnkathy.com/indexa00f.html]
[herbnkathy.com/2019/06/24/glacier-national-park/indexbfe1.html]
[herbnkathy.com/2019/06/24/glacier-national-park/indexdaed.html]
[herbnkathy.com/wp-json/wp/v2/posts/290.json]
[herbnkathy.com/author/herbbaldwin/page/4/index.html]
[herbnkathy.com/wp-json/oembed/1.0/embedd23c.json]
[herbnkathy.com/2019/12/10/bodie-california-ghost-town/feed/index.html]
[herbnkathy.com/wp-json/oembed/1.0/embede939]
[herbnkathy.com/wp-json/wp/v2/posts/6268.json]
[secure.gravatar.com/avatar/1d6b5670c9a2e7faa24df8eabd7bd1686f8f92a8e4a7d9b15f6d2a9519247571a8ba.png]
[herbnkathy.com/2019/12/10/bodie-california-ghost-town/index.html]
[herbnkathy.com/tag/bodie/index.html]
[herbnkathy.com/wp-json/wp/v2/tags/554707802.json]
[herbnkathy.com/2019/12/10/bodie-california-ghost-town/index02d2.html]
[herbnkathy.com/2019/12/10/bodie-california-ghost-town/indexb39e.html]
[herbnkathy.com/2019/12/10/bodie-california-ghost-town/index1c6b.html]
[herbnkathy.com/2019/12/10/bodie-california-ghost-town/indexa3aa.html]
[herbnkathy.com/tag/bodie/feed/index.html]
[herbnkathy.com/tag/boom-town/index.html]
[herbnkathy.com/tag/boom-town/feed/index.html]
[herbnkathy.com/wp-json/wp/v2/tags/554707810.json]
[herbnkathy.com/tag/boomtown/feed/index.html]
[herbnkathy.com/tag/boomtown/index.html]
[herbnkathy.com/wp-json/wp/v2/tags/554707809.json]
[herbnkathy.com/tag/gold-mine/feed/index.html]
[herbnkathy.com/tag/gold-mine/index.html]
[herbnkathy.com/wp-json/wp/v2/tags/554707807.json]
[herbnkathy.com/tag/gold-mining/index.html]
[herbnkathy.com/tag/gold-mining/feed/index.html]
[herbnkathy.com/wp-json/wp/v2/tags/554707808.json]
[herbnkathy.com/tag/lee-vining/index.html]
[herbnkathy.com/tag/lee-vining/feed/index.html]
[herbnkathy.com/wp-json/wp/v2/tags/554707803.json]
[herbnkathy.com/tag/mono-lake/feed/index.html]
[herbnkathy.com/tag/mono-lake/index.html]
[herbnkathy.com/wp-json/wp/v2/tags/554707806.json]
[herbnkathy.com/tag/yosemite/feed/index.html]
[herbnkathy.com/tag/yosemite/index.html]
[herbnkathy.com/wp-json/wp/v2/tags/554707805.json]
[herbnkathy.com/wp-json/oembed/1.0/embed8a03.json]
[herbnkathy.com/2017/11/25/where-weve-been/feed/index.html]
[herbnkathy.com/wp-json/oembed/1.0/embeded35]
[herbnkathy.com/2017/11/25/where-weve-been/index.html]
[herbnkathy.com/wp-json/wp/v2/posts/4356.json]
[herbnkathy.com/tag/bagpipe/index.html]
[herbnkathy.com/wp-json/wp/v2/tags/554707489.json]
[herbnkathy.com/2017/11/25/where-weve-been/index9b66.html]
[herbnkathy.com/2017/11/25/where-weve-been/index223d.html]
[herbnkathy.com/tag/bagpipe/feed/index.html]
[herbnkathy.com/wp-json/oembed/1.0/embed296a.json]
[herbnkathy.com/2016/11/22/amphibious-motor-home/feed/index.html]
[herbnkathy.com/wp-json/oembed/1.0/embed118a]
[herbnkathy.com/wp-json/wp/v2/posts/2363.json]
[secure.gravatar.com/avatar/cea5d68ce8d073f404af532dae2c3404271523ec4d604a0720cfbf3ec70b9f0ea8ba.jpeg]
[herbnkathy.com/2016/11/22/amphibious-motor-home/index.html]
[herbnkathy.com/2016/11/22/amphibious-motor-home/indexfbcf.html]
[herbnkathy.com/tag/amphibious/index.html]
[herbnkathy.com/wp-json/wp/v2/tags/1851407.json]
[herbnkathy.com/tag/amphibious/feed/index.html]
[herbnkathy.com/tag/water-coach/index.html]
[herbnkathy.com/wp-json/wp/v2/tags/470781818.json]
[herbnkathy.com/tag/water-coach/feed/index.html]
[herbnkathy.com/wp-json/oembed/1.0/embed5f24.json]
[herbnkathy.com/wp-json/oembed/1.0/embed4d26]
[herbnkathy.com/2016/04/15/facebook-and-rvillage/feed/index.html]
[herbnkathy.com/2016/04/15/facebook-and-rvillage/index.html]
[herbnkathy.com/wp-json/wp/v2/posts/710.json]
[herbnkathy.com/tag/facebook/index.html]
[herbnkathy.com/indexb354.html]
[herbnkathy.com/2017/11/03/what-happens-when-we-cant-travel-anymore/indexe972.html]
[herbnkathy.com/2017/11/03/what-happens-when-we-cant-travel-anymore/index10ce.html]
[herbnkathy.com/2017/11/03/what-happens-when-we-cant-travel-anymore/index446c.html]
[herbnkathy.com/2017/11/03/what-happens-when-we-cant-travel-anymore/indexfa02.html]
[herbnkathy.com/wp-json/wp/v2/tags/81819.json]
[herbnkathy.com/tag/facebook/feed/index.html]
[herbnkathy.com/wp-json/oembed/1.0/embed0ad6.json]
[herbnkathy.com/2017/01/01/youre-going-to-do-what/feed/index.html]
[herbnkathy.com/wp-json/oembed/1.0/embedd835]
[herbnkathy.com/wp-json/wp/v2/posts/2644.json]
[secure.gravatar.com/avatar/14a164134da90ceebd4ae5273e3327eccb952354079ce0286ad26461794976d5a8ba.png]
[secure.gravatar.com/avatar/1c7df091b497b4be774a17a1a9d2a0a04b1bf0c9c8492303cc01edff866620a0a8ba.png]
[secure.gravatar.com/avatar/b046eb169c75bc975a3f1cdcdbe8e83abb89bb789ee8665bc32b444e2feea9c3a8ba.png]
[secure.gravatar.com/avatar/9b8a7e52f804c222fc65c13bc657c1b285806b82f2fa530dc8abc6286708b571a8ba.png]
[herbnkathy.com/2017/01/01/youre-going-to-do-what/index.html]
[herbnkathy.com/wp-json/oembed/1.0/embed4cf0.json]
[herbnkathy.com/2017/01/01/youre-going-to-do-what/index39ee.html]
[herbnkathy.com/2017/01/01/youre-going-to-do-what/indexc358.html]
[herbnkathy.com/2017/01/01/youre-going-to-do-what/index0bbd.html]
[herbnkathy.com/2017/01/01/youre-going-to-do-what/index3db2.html]
[herbnkathy.com/wp-json/oembed/1.0/embed8651]
[herbnkathy.com/2017/01/01/youre-going-to-do-what/indexef25.html]
[herbnkathy.com/2017/01/01/youre-going-to-do-what/indexca59.html]
[herbnkathy.com/2017/01/01/youre-going-to-do-what/index1884.html]
[herbnkathy.com/2017/01/01/youre-going-to-do-what/index816f.html]
[herbnkathy.com/2016/04/18/super-windy-at-judy-bobs/index.html]
[herbnkathy.com/wp-json/wp/v2/posts/767.json]
[herbnkathy.com/2017/01/01/youre-going-to-do-what/indexa518.html]
[herbnkathy.com/2016/04/18/super-windy-at-judy-bobs/feed/index.html]
[herbnkathy.com/tag/update/index.html]
[herbnkathy.com/index9ce9.html]
[herbnkathy.com/2017/10/07/care-feeding-deep-cycle-lead-acid-batteries/indexaef1.html]
[herbnkathy.com/2017/10/07/care-feeding-deep-cycle-lead-acid-batteries/index7a35.html]
[herbnkathy.com/indexd2bf.html]
[herbnkathy.com/index0fd2.html]
[herbnkathy.com/2017/07/24/workampers-northwest-michigan-road-trip/index9ac6.html]
[herbnkathy.com/index256a.html]
[herbnkathy.com/2017/05/13/our-day-trip-to-ludington-state-park/index013a.html]
[herbnkathy.com/2017/05/13/our-day-trip-to-ludington-state-park/index9191.html]
[herbnkathy.com/index4600.html]
[herbnkathy.com/indexb6f3.html]
[herbnkathy.com/wp-json/wp/v2/tags/3251.json]
[herbnkathy.com/2016/04/23/quilts-at-the-north-ranch/index.html]
[herbnkathy.com/tag/update/feed/index.html]
[herbnkathy.com/tag/african-american/index.html]
[herbnkathy.com/wp-json/wp/v2/tags/554707374.json]
[herbnkathy.com/tag/african-american/feed/index.html]
[herbnkathy.com/tag/bar/index.html]
[herbnkathy.com/wp-json/wp/v2/tags/554707376.json]
[herbnkathy.com/tag/bar/feed/index.html]
[herbnkathy.com/tag/black/index.html]
[herbnkathy.com/wp-json/wp/v2/tags/554707373.json]
[herbnkathy.com/tag/black/feed/index.html]
[herbnkathy.com/tag/civil-rights/index.html]
[herbnkathy.com/wp-json/wp/v2/tags/554707377.json]
[herbnkathy.com/tag/civil-rights/feed/index.html]
[herbnkathy.com/tag/dancing/index.html]
[herbnkathy.com/wp-json/wp/v2/tags/554707375.json]
[herbnkathy.com/tag/dancing/feed/index.html]
[herbnkathy.com/tag/idlewild/index.html]
[herbnkathy.com/wp-json/wp/v2/tags/554707371.json]
[herbnkathy.com/tag/idlewild/feed/index.html]
[herbnkathy.com/tag/integration/index.html]
[herbnkathy.com/wp-json/wp/v2/tags/554707378.json]
[herbnkathy.com/tag/integration/feed/index.html]
[herbnkathy.com/tag/segregation/index.html]
[herbnkathy.com/wp-json/wp/v2/tags/554707372.json]
[herbnkathy.com/tag/segregation/feed/index.html]
[herbnkathy.com/tag/tavern/index.html]
[herbnkathy.com/wp-json/wp/v2/tags/554707365.json]
[herbnkathy.com/tag/tavern/feed/index.html]
[herbnkathy.com/wp-json/oembed/1.0/embed4776.json]
[herbnkathy.com/2017/05/31/they-certainly-know-how-to-party/feed/index.html]
[herbnkathy.com/wp-json/oembed/1.0/embedb828]
[herbnkathy.com/2017/05/31/they-certainly-know-how-to-party/index.html]
[herbnkathy.com/index33ee.html]
[herbnkathy.com/wp-json/wp/v2/posts/3776.json]
[herbnkathy.com/2017/06/01/how-to-get-rid-of-the-varmint/index.html]
[herbnkathy.com/tag/bitely/index.html]
[herbnkathy.com/wp-json/wp/v2/tags/554707364.json]
[herbnkathy.com/2017/05/31/they-certainly-know-how-to-party/index4f67.html]
[herbnkathy.com/2017/05/31/they-certainly-know-how-to-party/indexa629.html]
[herbnkathy.com/2017/05/31/they-certainly-know-how-to-party/index4c3e.html]
[herbnkathy.com/tag/burgers/index.html]
[herbnkathy.com/wp-json/wp/v2/tags/554707368.json]
[herbnkathy.com/tag/burgers/feed/index.html]
[herbnkathy.com/tag/bitely/feed/index.html]
[herbnkathy.com/tag/harley/index.html]
[herbnkathy.com/wp-json/wp/v2/tags/554707370.json]
[herbnkathy.com/tag/harley/feed/index.html]
[herbnkathy.com/tag/newaygo/index.html]
[herbnkathy.com/wp-json/wp/v2/tags/554707366.json]
[herbnkathy.com/wp-content/uploads/2016/11/2016-11-17-13-33-35.jpg]
[herbnkathy.com/tag/pizza/feed/index.html]
[herbnkathy.com/wp-json/wp/v2/tags/18655.json]
[herbnkathy.com/wp-content/uploads/2016/11/2016-11-17-13-08-52.jpg]
[herbnkathy.com/tag/newaygo/feed/index.html]
[herbnkathy.com/wp-content/uploads/2016/11/2016-11-17-13-12-40.jpg]
[herbnkathy.com/wp-content/uploads/2016/11/2016-11-17-13-29-19.jpg]
[herbnkathy.com/wp-content/uploads/2016/11/2016-11-17-13-35-15.jpg]
[herbnkathy.com/wp-content/uploads/2016/11/2016-11-17-13-30-511.jpg]
[herbnkathy.com/tag/pizza/index.html]
[herbnkathy.com/index65cc.html]
[herbnkathy.com/wp-json/oembed/1.0/embedbf98.json]
[herbnkathy.com/tag/old-country-inn/index.html]
[herbnkathy.com/tag/pine/index.html]
[herbnkathy.com/2017/03/11/things-to-see-and-do-near-rancho-verde-rv-park/feed/index.html]
[herbnkathy.com/wp-json/oembed/1.0/embed3a89]
[herbnkathy.com/wp-json/wp/v2/posts/3427.json]
[herbnkathy.com/wp-content/uploads/2016/10/2016-10-17-15-12-07.jpg]
[herbnkathy.com/2017/03/11/things-to-see-and-do-near-rancho-verde-rv-park/index.html]
[herbnkathy.com/wp-json/oembed/1.0/embedcf94.json]
[herbnkathy.com/wp-json/oembed/1.0/embed4073]
[herbnkathy.com/2017/03/14/roswell-here-we-come/feed/index.html]
[herbnkathy.com/2017/03/14/roswell-here-we-come/index.html]
[herbnkathy.com/2017/03/13/goodbye-arizona/indexd21f.html]
[herbnkathy.com/2017/03/13/goodbye-arizona/index4bde.html]
[herbnkathy.com/2017/03/13/goodbye-arizona/index9095.html]
[herbnkathy.com/2017/03/13/goodbye-arizona/index8dd1.html]
[herbnkathy.com/2017/03/13/goodbye-arizona/index8074.html]
[herbnkathy.com/index5bb8.html]
[herbnkathy.com/wp-json/wp/v2/posts/3491.json]
[herbnkathy.com/wp-json/oembed/1.0/embed70e6.json]
[herbnkathy.com/wp-json/oembed/1.0/embed2a93]
[herbnkathy.com/2017/01/10/and-now-for-the-rest-of-the-story/feed/index.html]
[herbnkathy.com/wp-json/wp/v2/posts/2954.json]
[secure.gravatar.com/avatar/d6a6a38ee5f5fcbc049a408c76cb0c4c1d7e8c6b04905e9e2c43cd361333725ba8ba.jpeg]
[herbnkathy.com/2017/01/10/and-now-for-the-rest-of-the-story/index.html]
[herbnkathy.com/wp-json/oembed/1.0/embedd3ba.json]
[herbnkathy.com/2017/01/10/and-now-for-the-rest-of-the-story/index21fc.html]
[herbnkathy.com/2017/01/10/and-now-for-the-rest-of-the-story/index78d9.html]
[herbnkathy.com/2017/01/10/and-now-for-the-rest-of-the-story/index749e.html]
[herbnkathy.com/wp-json/oembed/1.0/embed3cac]
[herbnkathy.com/2017/01/10/and-now-for-the-rest-of-the-story/index42c3.html]
[herbnkathy.com/2017/01/10/and-now-for-the-rest-of-the-story/index46e3.html]
[herbnkathy.com/2016/04/24/tragedy-on-the-highway/index.html]
[herbnkathy.com/wp-json/wp/v2/posts/986.json]
[herbnkathy.com/2017/01/10/and-now-for-the-rest-of-the-story/index74ab.html]
[herbnkathy.com/2016/04/24/tragedy-on-the-highway/feed/index.html]
[herbnkathy.com/tag/fire/index.html]
[herbnkathy.com/wp-json/wp/v2/tags/34756.json]
[herbnkathy.com/tag/fire/feed/index.html]
[herbnkathy.com/tag/traffic-jam/feed/index.html]
[herbnkathy.com/tag/traffic-jam/index.html]
[herbnkathy.com/index543d.html]
[herbnkathy.com/2016/09/23/the-north-rim-is-amazing/indexcb29.html]
[herbnkathy.com/wp-json/wp/v2/tags/538614.json]
[herbnkathy.com/wp-json/oembed/1.0/embed7455.json]
[herbnkathy.com/2016/04/23/tuesday-to-the-grand-canyon/feed/index.html]
[herbnkathy.com/wp-json/oembed/1.0/embed3d96]
[herbnkathy.com/2016/04/23/tuesday-to-the-grand-canyon/index.html]
[herbnkathy.com/wp-json/wp/v2/posts/824.json]
[herbnkathy.com/tag/train/feed/index.html]
[herbnkathy.com/wp-json/wp/v2/tags/79934.json]
[herbnkathy.com/tag/train/index.html]
[herbnkathy.com/tag/williams/index.html]
[herbnkathy.com/index1c9c.html]
[herbnkathy.com/2016/09/17/keeping-busy-learning-the-ropes-video/indexbde5.html]
[herbnkathy.com/wp-json/wp/v2/tags/15573.json]
[herbnkathy.com/tag/williams/feed/index.html]
[herbnkathy.com/wp-json/oembed/1.0/embed861f.json]
[herbnkathy.com/2016/08/31/time-for-new-windshield-more/feed/index.html]
[herbnkathy.com/wp-json/oembed/1.0/embed97af]
[herbnkathy.com/2016/08/31/time-for-new-windshield-more/index.html]
[herbnkathy.com/2016/08/02/oil-creek-family-campground/index.html]
[herbnkathy.com/wp-json/wp/v2/posts/1436.json]
[herbnkathy.com/wp-json/oembed/1.0/embedc281.json]
[herbnkathy.com/2016/07/24/sorry-no-photos-yet/feed/index.html]
[herbnkathy.com/wp-json/oembed/1.0/embed12ba]
[herbnkathy.com/2016/07/24/sorry-no-photos-yet/index.html]
[herbnkathy.com/wp-json/wp/v2/posts/1313.json]
[herbnkathy.com/tag/seminar/index.html]
[herbnkathy.com/wp-json/wp/v2/tags/63884.json]
[herbnkathy.com/tag/seminar/feed/index.html]
[herbnkathy.com/wp-json/oembed/1.0/embed98df.json]
[herbnkathy.com/2016/04/29/30-days-7000-miles-who-knows-how-much/feed/index.html]
[herbnkathy.com/wp-json/oembed/1.0/embed740a]
[herbnkathy.com/2016/04/29/30-days-7000-miles-who-knows-how-much/index.html]
[herbnkathy.com/2016/04/18/a-beautiful-day-in-san-diego/index.html]
[herbnkathy.com/wp-json/wp/v2/posts/1103.json]
[herbnkathy.com/tag/sticky/index.html]
[herbnkathy.com/wp-json/wp/v2/tags/21547.json]
[herbnkathy.com/tag/sticky/feed/index.html]
[herbnkathy.com/tag/welcome/index.html]
[herbnkathy.com/wp-json/wp/v2/tags/4264.json]
[herbnkathy.com/tag/welcome/feed/index.html]
[herbnkathy.com/wp-json/oembed/1.0/embed03fd.json]
[herbnkathy.com/2011/10/03/94th-annual-gymanfu-ganu-homer-ohio/feed/index.html]
[herbnkathy.com/wp-json/oembed/1.0/embed64a2]
[herbnkathy.com/2011/10/03/94th-annual-gymanfu-ganu-homer-ohio/index.html]
[herbnkathy.com/wp-json/wp/v2/posts/76.json]
[herbnkathy.com/tag/gomer/index.html]
[herbnkathy.com/wp-json/wp/v2/tags/2769649.json]
[herbnkathy.com/2011/09/23/back-and-forth/index.html]
[herbnkathy.com/2011/11/22/thanksmisgiving/index.html]
[herbnkathy.com/tag/gomer/feed/index.html]
[herbnkathy.com/tag/songfest/index.html]
[herbnkathy.com/wp-json/wp/v2/tags/2312737.json]
[herbnkathy.com/tag/songfest/feed/index.html]
[rlv.zcache.com/poop_back_and_forth_forever_t_shirt-p235156601158048162qjha_400.jpg]
[herbnkathy.com/category/blogging/page/3/index.html]
[herbnkathy.com/index7e66.html]
[herbnkathy.com/2023/07/27/back-to-northern-michigan/indexf679.html]
[herbnkathy.com/2023/07/27/back-to-northern-michigan/index6209.html]
[herbnkathy.com/2023/07/27/back-to-northern-michigan/index3bf4.html]
[herbnkathy.com/2023/07/27/back-to-northern-michigan/index9b43.html]
[herbnkathy.com/indexb833.html]
[herbnkathy.com/2023/03/16/summer-camping-in-michigan-with-friends-and-family/index6e5e.html]
[herbnkathy.com/2023/03/16/summer-camping-in-michigan-with-friends-and-family/indexf83e.html]
[herbnkathy.com/2023/03/16/summer-camping-in-michigan-with-friends-and-family/index9698.html]
[herbnkathy.com/2023/03/16/summer-camping-in-michigan-with-friends-and-family/index2955.html]
[herbnkathy.com/2023/03/16/summer-camping-in-michigan-with-friends-and-family/indexf60d.html]
[herbnkathy.com/2023/03/16/summer-camping-in-michigan-with-friends-and-family/indexc43d.html]
[herbnkathy.com/indexb97b.html]
[herbnkathy.com/2021/12/28/uh-oh-transmission-slips/index5fd6.html]
[herbnkathy.com/2021/12/28/uh-oh-transmission-slips/index45d9.html]
[herbnkathy.com/wp-json/oembed/1.0/embede5b0.json]
[herbnkathy.com/2016/04/08/water-pumps-installed/feed/index.html]
[herbnkathy.com/wp-json/oembed/1.0/embed20e3]
[herbnkathy.com/2016/04/08/water-pumps-installed/index.html]
[herbnkathy.com/wp-json/wp/v2/posts/526.json]
[herbnkathy.com/wp-json/wp/v2/tags/856481.json]
[herbnkathy.com/tag/water-pump/feed/index.html]
[herbnkathy.com/wp-content/uploads/2016/04/20160406_151559.jpg]
[herbnkathy.com/2016/04/06/low-water-alarm/index.html]
[herbnkathy.com/wp-content/uploads/2016/04/20160406_151559-150x150.jpg]
[herbnkathy.com/wp-content/uploads/2016/04/20160406_141055.jpg]
[herbnkathy.com/wp-content/uploads/2016/04/20160406_141055-150x150.jpg]
[herbnkathy.com/wp-content/uploads/2016/04/20160406_143232.jpg]
[herbnkathy.com/wp-content/uploads/2016/04/20160406_143232-150x150.jpg]
[herbnkathy.com/wp-content/uploads/2016/04/20160406_152357.jpg]
[herbnkathy.com/wp-content/uploads/2016/04/20160406_152357-150x150.jpg]
[herbnkathy.com/wp-content/uploads/2016/04/20160406_144033.jpg]
[herbnkathy.com/wp-content/uploads/2016/04/20160406_144033-150x150.jpg]
[herbnkathy.com/wp-content/uploads/2016/04/20160406_143202.jpg]
[herbnkathy.com/wp-content/uploads/2016/04/20160406_143202-150x150.jpg]
[herbnkathy.com/wp-content/uploads/2016/04/20160406_140749.jpg]
[herbnkathy.com/wp-content/uploads/2016/04/20160406_140749-150x150.jpg]
[herbnkathy.com/wp-content/uploads/2016/04/20160406_142846.jpg]
[herbnkathy.com/wp-content/uploads/2016/04/20160406_142846-150x150.jpg]
[herbnkathy.com/wp-content/uploads/2016/04/20160406_150528.jpg]
[herbnkathy.com/wp-content/uploads/2016/04/20160406_150528-150x150.jpg]
[herbnkathy.com/wp-content/uploads/2016/04/20160406_150556.jpg]
[herbnkathy.com/wp-content/uploads/2016/04/20160406_150556-150x150.jpg]
[herbnkathy.com/tag/water-pump/index.html]
[herbnkathy.com/tag/bricktown/index.html]
[herbnkathy.com/wp-json/oembed/1.0/embedc97a.json]
[herbnkathy.com/tag/okc/index.html]
[herbnkathy.com/tag/river-walk/index.html]
[herbnkathy.com/wp-json/oembed/1.0/embedcca3]
[herbnkathy.com/2016/04/09/fuse-pullings-a-pain/feed/index.html]
[herbnkathy.com/2016/04/09/fuse-pullings-a-pain/index.html]
[herbnkathy.com/wp-json/wp/v2/posts/573.json]
[herbnkathy.com/tag/fuse/index.html]
[herbnkathy.com/wp-json/wp/v2/tags/251711.json]
[herbnkathy.com/tag/fuse/feed/index.html]
[herbnkathy.com/2016/04/09/fuse-pullings-a-pain/indexdefb.html]
[herbnkathy.com/2016/04/09/fuse-pullings-a-pain/indexec27.html]
[herbnkathy.com/tag/saturn/index.html]
[herbnkathy.com/indexf777.html]
[herbnkathy.com/index32bc.html]
[herbnkathy.com/2021/09/27/what-no-power-in-the-rv/index8683.html]
[herbnkathy.com/2021/09/27/what-no-power-in-the-rv/index1cf9.html]
[herbnkathy.com/wp-json/wp/v2/tags/222.json]
[herbnkathy.com/tag/saturn/feed/index.html]
[herbnkathy.com/tag/noise/feed/index.html]
[herbnkathy.com/tag/noise/index.html]
[herbnkathy.com/wp-json/wp/v2/tags/1398.json]
[herbnkathy.com/tag/onan/index.html]
[herbnkathy.com/index0f8e.html]
[herbnkathy.com/2021/11/29/replacing-our-motorhome-windshield-again/index4a9e.html]
[herbnkathy.com/2021/11/29/replacing-our-motorhome-windshield-again/indexb1be.html]
[herbnkathy.com/2021/11/29/replacing-our-motorhome-windshield-again/index8f20.html]
[herbnkathy.com/wp-json/wp/v2/tags/2394414.json]
[herbnkathy.com/tag/onan/feed/index.html]
[herbnkathy.com/wp-json/oembed/1.0/embed5e0f.json]
[herbnkathy.com/2016/09/05/readying-to-hit-the-road/feed/index.html]
[herbnkathy.com/wp-json/oembed/1.0/embed9566]
[herbnkathy.com/2016/09/05/readying-to-hit-the-road/index.html]
[herbnkathy.com/wp-json/wp/v2/posts/1522.json]
[herbnkathy.com/tag/luxury-coach/index.html]
[herbnkathy.com/tag/luxury-coach/feed/index.html]
[herbnkathy.com/wp-json/wp/v2/tags/12619279.json]
[herbnkathy.com/indexb0f2.html]
[herbnkathy.com/2021/09/28/just-a-little-burp-with-the-car-and-the-computer/indexe327.html]
[herbnkathy.com/2021/09/28/just-a-little-burp-with-the-car-and-the-computer/index2c9d.html]
[herbnkathy.com/2021/09/28/just-a-little-burp-with-the-car-and-the-computer/indexd879.html]
[herbnkathy.com/2021/09/28/just-a-little-burp-with-the-car-and-the-computer/indexafdb.html]
[herbnkathy.com/2021/09/28/just-a-little-burp-with-the-car-and-the-computer/indexefb1.html]
[herbnkathy.com/2021/09/28/just-a-little-burp-with-the-car-and-the-computer/index356a.html]
[herbnkathy.com/2016/09/05/readying-to-hit-the-road/index027c.html]
[herbnkathy.com/2016/09/05/readying-to-hit-the-road/index3171.html]
[herbnkathy.com/2016/09/05/readying-to-hit-the-road/index3ed4.html]
[herbnkathy.com/2017/01/10/honey-shouldnt-we-get-those-toad-brakes-installed/feed/index.html]
[herbnkathy.com/wp-json/oembed/1.0/embedbac9.json]
[herbnkathy.com/wp-json/oembed/1.0/embed09a1]
[herbnkathy.com/2017/01/10/honey-shouldnt-we-get-those-toad-brakes-installed/index.html]
[herbnkathy.com/wp-json/wp/v2/posts/2904.json]
[herbnkathy.com/tag/braking-system/index.html]
[herbnkathy.com/wp-json/wp/v2/tags/14210392.json]
[herbnkathy.com/tag/little-dealer/index.html]
[herbnkathy.com/wp-json/wp/v2/tags/554707226.json]
[herbnkathy.com/tag/braking-system/feed/index.html]
[herbnkathy.com/tag/little-dealer/feed/index.html]
[herbnkathy.com/2017/01/10/honey-shouldnt-we-get-those-toad-brakes-installed/indexd732.html]
[herbnkathy.com/2017/01/10/honey-shouldnt-we-get-those-toad-brakes-installed/indexeb13.html]
[herbnkathy.com/tag/prescott-valley/index.html]
[herbnkathy.com/wp-json/wp/v2/tags/5814266.json]
[herbnkathy.com/tag/prescott-valley/feed/index.html]
[herbnkathy.com/wp-json/wp/v2/tags/1098501.json]
[herbnkathy.com/wp-content/uploads/2017/12/2016-04-22-09.17.28.jpg]
[herbnkathy.com/tag/roadmaster/feed/index.html]
[herbnkathy.com/wp-content/uploads/2017/12/2016-04-22-09.17.28-300x169.jpg]
[herbnkathy.com/wp-content/uploads/2017/12/2017-12-21-10.21.14.jpg]
[herbnkathy.com/wp-content/uploads/2017/12/2017-12-21-10.21.14-300x169.jpg]
[herbnkathy.com/wp-content/uploads/2017/12/2017-12-21-13.00.05-300x169.jpg]
[herbnkathy.com/wp-content/uploads/2017/12/SuperSteer.jpg]
[herbnkathy.com/wp-content/uploads/2017/12/SuperSteer-300x169.jpg]
[herbnkathy.com/wp-content/uploads/2017/12/2017-11-27-13.51.47.jpg]
[herbnkathy.com/wp-content/uploads/2017/12/2017-11-27-13.51.47-300x169.jpg]
[herbnkathy.com/wp-content/uploads/2017/12/2017-11-27-13.52.22.jpg]
[herbnkathy.com/wp-content/uploads/2017/12/2017-11-27-13.52.22-300x169.jpg]
[herbnkathy.com/wp-content/uploads/2017/12/2017-11-27-13.52.35.jpg]
[herbnkathy.com/wp-content/uploads/2017/12/2017-11-27-13.52.35-300x169.jpg]
[herbnkathy.com/wp-content/uploads/2017/12/SwayBar.jpg]
[herbnkathy.com/wp-content/uploads/2017/12/SwayBar-300x236.jpg]
[herbnkathy.com/wp-content/uploads/2017/12/2017-12-21-13.10.17.jpg]
[herbnkathy.com/wp-content/uploads/2017/12/2017-12-21-13.10.17-300x169.jpg]
[herbnkathy.com/tag/roadmaster/index.html]
[herbnkathy.com/tag/rv-service/index.html]
[herbnkathy.com/wp-json/wp/v2/tags/5682756.json]
[herbnkathy.com/tag/air-bags/index.html]
[herbnkathy.com/tag/anti-sway-bar/index.html]
[herbnkathy.com/tag/bell-crank/index.html]
[herbnkathy.com/tag/motion-control-valves/index.html]
[herbnkathy.com/tag/porposing/index.html]
[herbnkathy.com/tag/safe-t-steer/index.html]
[herbnkathy.com/tag/rocking/index.html]
[herbnkathy.com/tag/steering-stabilizer/index.html]
[herbnkathy.com/tag/rv-service/feed/index.html]
[herbnkathy.com/tag/super-steer/index.html]
[herbnkathy.com/tag/brakemaster/index.html]
[herbnkathy.com/wp-json/wp/v2/tags/108671337.json]
[herbnkathy.com/tag/brakemaster/feed/index.html]
[herbnkathy.com/tag/safety/index.html]
[herbnkathy.com/wp-json/wp/v2/tags/14812.json]
[herbnkathy.com/tag/safety/feed/index.html]
[herbnkathy.com/tag/saturn-vue/index.html]
[herbnkathy.com/wp-json/wp/v2/tags/5296344.json]
[herbnkathy.com/tag/saturn-vue/feed/index.html]
[herbnkathy.com/tag/stop/index.html]
[herbnkathy.com/wp-json/wp/v2/tags/145146.json]
[herbnkathy.com/tag/stop/feed/index.html]
[herbnkathy.com/tag/stopping-distance/index.html]
[herbnkathy.com/wp-json/wp/v2/tags/6371840.json]
[herbnkathy.com/tag/stopping-distance/feed/index.html]
[herbnkathy.com/tag/supplemental-braking-system/index.html]
[herbnkathy.com/wp-json/wp/v2/tags/60464846.json]
[herbnkathy.com/tag/supplemental-braking-system/feed/index.html]
[herbnkathy.com/tag/toad/index.html]
[herbnkathy.com/wp-json/wp/v2/tags/171513.json]
[herbnkathy.com/tag/toad/feed/index.html]
[herbnkathy.com/wp-json/oembed/1.0/embed660d.json]
[herbnkathy.com/wp-json/oembed/1.0/embedd641]
[herbnkathy.com/2016/03/21/now-its-the-brakes/feed/index.html]
[herbnkathy.com/2016/03/21/now-its-the-brakes/index.html]
[herbnkathy.com/wp-json/wp/v2/posts/304.json]
[herbnkathy.com/tag/midway/index.html]
[herbnkathy.com/indexf869.html]
[herbnkathy.com/index8a88.html]
[herbnkathy.com/wp-json/wp/v2/tags/155145.json]
[herbnkathy.com/2016/03/21/now-its-the-brakes/index1dff.html]
[herbnkathy.com/tag/midway/feed/index.html]
[herbnkathy.com/wp-json/oembed/1.0/embedfd39.json]
[herbnkathy.com/2020/11/25/our-covid-thanksgiving/feed/index.html]
[herbnkathy.com/wp-json/oembed/1.0/embed1306]
[herbnkathy.com/2020/11/25/our-covid-thanksgiving/index.html]
[herbnkathy.com/2020/11/18/really-unlimited-streaming-for-only-25-mo/indexbd75.html]
[herbnkathy.com/wp-json/wp/v2/posts/7326.json]
[herbnkathy.com/2020/12/12/herb-kathys-christmas-greeting/index.html]
[herbnkathy.com/2020/11/25/our-covid-thanksgiving/index9d80.html]
[herbnkathy.com/2020/11/25/our-covid-thanksgiving/indexb565.html]
[herbnkathy.com/wp-json/oembed/1.0/embed13e6.json]
[herbnkathy.com/2019/12/11/holiday-greetings-from-herb-kathy-on-the-road/feed/index.html]
[herbnkathy.com/wp-json/oembed/1.0/embed4e25]
[herbnkathy.com/2019/12/11/holiday-greetings-from-herb-kathy-on-the-road/index.html]
[herbnkathy.com/wp-json/wp/v2/posts/6381.json]
[herbnkathy.com/2019/12/11/holiday-greetings-from-herb-kathy-on-the-road/index4cac.html]
[herbnkathy.com/tag/elk/feed/index.html]
[herbnkathy.com/tag/elk/index.html]
[herbnkathy.com/wp-json/wp/v2/tags/554707814.json]
[herbnkathy.com/2019/12/11/holiday-greetings-from-herb-kathy-on-the-road/indexd6d3.html]
[herbnkathy.com/tag/ely/index.html]
[herbnkathy.com/tag/ely/feed/index.html]
[herbnkathy.com/wp-json/wp/v2/tags/554707816.json]
[herbnkathy.com/tag/teton/index.html]
[herbnkathy.com/tag/teton/feed/index.html]
[herbnkathy.com/wp-json/wp/v2/tags/554707813.json]
[herbnkathy.com/tag/yellowstone/index.html]
[herbnkathy.com/tag/yellowstone/feed/index.html]
[herbnkathy.com/wp-json/wp/v2/tags/554707811.json]
[herbnkathy.com/tag/efs/index.html]
[herbnkathy.com/wp-json/wp/v2/tags/554707888.json]
[herbnkathy.com/tag/efs/feed/index.html]
[herbnkathy.com/tag/gallon/index.html]
[herbnkathy.com/wp-json/wp/v2/tags/554707889.json]
[herbnkathy.com/tag/gallon/feed/index.html]
[herbnkathy.com/tag/logistics/index.html]
[herbnkathy.com/wp-json/wp/v2/tags/554707887.json]
[herbnkathy.com/tag/logistics/feed/index.html]
[herbnkathy.com/tag/per-gallon/index.html]
[herbnkathy.com/category/equipment/page/3/index.html]
[herbnkathy.com/indexaf4c.html]
[herbnkathy.com/2021/10/18/tourist-review-wyoming-territorial-prison-state-historic-site/indexd5b1.html]
[herbnkathy.com/wp-json/wp/v2/tags/554707890.json]
[herbnkathy.com/2021/10/18/tourist-review-wyoming-territorial-prison-state-historic-site/index0c0c.html]
[herbnkathy.com/tag/animal/index.html]
[herbnkathy.com/tag/drowning/index.html]
[herbnkathy.com/tag/chipmunk/index.html]
[herbnkathy.com/indexa2e6.html]
[herbnkathy.com/tag/per-gallon/feed/index.html]
[herbnkathy.com/category/equipment/page/4/index.html]
[herbnkathy.com/category/animals/page/2/index.html]
[herbnkathy.com/2018/09/15/repost-the-day-our-heartland-rv-left-us-homeless/index.html]
[herbnkathy.com/tag/pest/index.html]
[herbnkathy.com/tag/poison/index.html]
[herbnkathy.com/tag/varmint/index.html]
[herbnkathy.com/wp-json/oembed/1.0/embedb37e.json]
[herbnkathy.com/2017/02/12/the-pony-express-very-impressive/feed/index.html]
[herbnkathy.com/wp-json/oembed/1.0/embed7bcb]
[herbnkathy.com/2017/02/12/the-pony-express-very-impressive/index.html]
[herbnkathy.com/wp-json/wp/v2/posts/3264.json]
[herbnkathy.com/tag/bears/index.html]
[herbnkathy.com/tag/bears/feed/index.html]
[herbnkathy.com/wp-json/wp/v2/tags/554707283.json]
[herbnkathy.com/tag/chaps/index.html]
[herbnkathy.com/wp-json/wp/v2/tags/554707292.json]
[herbnkathy.com/tag/chaps/feed/index.html]
[herbnkathy.com/tag/cowboy/index.html]
[herbnkathy.com/wp-json/wp/v2/tags/554707290.json]
[herbnkathy.com/tag/cowboy-boots/index.html]
[herbnkathy.com/tag/cowboy/feed/index.html]
[herbnkathy.com/wp-json/wp/v2/tags/554707293.json]
[herbnkathy.com/tag/cowboy-boots/feed/index.html]
[herbnkathy.com/tag/ducks/index.html]
[herbnkathy.com/wp-json/wp/v2/tags/554707251.json]
[herbnkathy.com/tag/ducks/feed/index.html]
[herbnkathy.com/tag/geese/index.html]
[herbnkathy.com/wp-json/wp/v2/tags/554707288.json]
[herbnkathy.com/tag/geese/feed/index.html]
[herbnkathy.com/tag/marsh/index.html]
[herbnkathy.com/tag/marsh/feed/index.html]
[herbnkathy.com/wp-json/wp/v2/tags/554707286.json]
[herbnkathy.com/wp-json/wp/v2/tags/404643.json]
[herbnkathy.com/wp-content/uploads/2016/10/2016-10-05-12-37-16-150x150.jpg]
[herbnkathy.com/tag/payson/feed/index.html]
[herbnkathy.com/wp-content/uploads/2016/10/2016-10-05-12-39-47-150x150.jpg]
[herbnkathy.com/wp-content/uploads/2016/10/2016-10-05-12-37-37-150x150.jpg]
[herbnkathy.com/2016/10/10/the-road-to-and-from-payson/index.html]
[herbnkathy.com/wp-content/uploads/2016/10/2016-10-05-13-27-59-150x150.jpg]
[herbnkathy.com/2016/10/10/the-road-to-and-from-payson/2016-10-05-12-37-16/index.html]
[herbnkathy.com/wp-content/uploads/2016/10/2016-10-05-13-27-56-150x150.jpg]
[herbnkathy.com/wp-content/uploads/2016/10/2016-10-05-13-16-21-150x150.jpg]
[herbnkathy.com/2016/10/10/the-road-to-and-from-payson/2016-10-05-12-39-47/index.html]
[herbnkathy.com/wp-content/uploads/2016/10/2016-10-05-14-42-04.jpg]
[herbnkathy.com/wp-content/uploads/2016/10/2016-10-05-16-07-06.jpg]
[herbnkathy.com/tag/payson/index.html]
[herbnkathy.com/2016-10-05-12-37-37/index.html]
[herbnkathy.com/2016/10/10/the-road-to-and-from-payson/2016-10-05-13-27-56/index.html]
[herbnkathy.com/2016/10/10/the-road-to-and-from-payson/2016-10-05-13-27-59/index.html]
[herbnkathy.com/tag/crash/index.html]
[herbnkathy.com/2016/10/10/the-road-to-and-from-payson/2016-10-05-13-16-21/index.html]
[herbnkathy.com/tag/pony-express/index.html]
[herbnkathy.com/tag/pony-express/feed/index.html]
[herbnkathy.com/wp-json/wp/v2/tags/554707285.json]
[herbnkathy.com/tag/natural-bridge/index.html]
[herbnkathy.com/tag/rustic-furniture/feed/index.html]
[herbnkathy.com/tag/tonto/index.html]
[herbnkathy.com/tag/rustic-furniture/index.html]
[herbnkathy.com/wp-json/wp/v2/tags/554707294.json]
[herbnkathy.com/tag/show-low/index.html]
[herbnkathy.com/wp-json/wp/v2/tags/554707280.json]
[herbnkathy.com/tag/show-low/feed/index.html]
[herbnkathy.com/tag/snowflake/index.html]
[herbnkathy.com/tag/snowflake/feed/index.html]
[herbnkathy.com/wp-json/wp/v2/tags/554707281.json]
[herbnkathy.com/tag/water-fowl/index.html]
[herbnkathy.com/tag/water-fowl/feed/index.html]
[herbnkathy.com/wp-json/wp/v2/tags/554707289.json]
[herbnkathy.com/tag/wildlife-area/index.html]
[herbnkathy.com/index6fae.html]
[herbnkathy.com/2021/09/26/kc-to-spearfish-and-beyond-installment-4/index0705.html]
[herbnkathy.com/2021/09/26/kc-to-spearfish-and-beyond-installment-4/index2c65.html]
[herbnkathy.com/indexd2d1.html]
[herbnkathy.com/2019/06/17/camp-hosting-at-fort-peck-montana/index4110.html]
[herbnkathy.com/2019/06/17/camp-hosting-at-fort-peck-montana/index8cff.html]
[herbnkathy.com/2019/06/17/camp-hosting-at-fort-peck-montana/index6a93.html]
[herbnkathy.com/tag/wildlife-area/feed/index.html]
[herbnkathy.com/2019/06/17/camp-hosting-at-fort-peck-montana/index1bb7.html]
[herbnkathy.com/indexae30.html]
[herbnkathy.com/2021/09/03/our-trek-west-installment-2/index73ff.html]
[herbnkathy.com/2021/09/03/our-trek-west-installment-2/index0e28.html]
[herbnkathy.com/index63fa.html]
[herbnkathy.com/wp-json/wp/v2/tags/554707287.json]
[herbnkathy.com/wp-json/oembed/1.0/embed5bc0.json]
[herbnkathy.com/2016/04/04/onondaga-cave-state-park-leasville-mo/feed/index.html]
[herbnkathy.com/wp-json/oembed/1.0/embedb692]
[herbnkathy.com/2016/04/04/onondaga-cave-state-park-leasville-mo/index.html]
[herbnkathy.com/wp-json/wp/v2/posts/392.json]
[herbnkathy.com/2016/04/04/tow-bar-troubles-the-continuing-saga-of-our-trip-west/index.html]
[herbnkathy.com/2016/04/06/tow-bar-update/index.html]
[herbnkathy.com/tag/bats/index.html]
[herbnkathy.com/wp-json/wp/v2/tags/45089.json]
[herbnkathy.com/tag/bats/feed/index.html]
[herbnkathy.com/2016/04/04/onondaga-cave-state-park-leasville-mo/index094c.html]
[herbnkathy.com/tag/cave/index.html]
[herbnkathy.com/wp-json/wp/v2/tags/207282.json]
[herbnkathy.com/tag/cave/feed/index.html]
[herbnkathy.com/tag/onondaga/index.html]
[herbnkathy.com/indexacc1.html]
[herbnkathy.com/2020/02/16/mexico-day-three/index45a3.html]
[herbnkathy.com/2020/02/16/mexico-day-three/index7380.html]
[herbnkathy.com/wp-json/wp/v2/tags/130879.json]
[herbnkathy.com/tag/onondaga/feed/index.html]
[herbnkathy.com/wp-json/oembed/1.0/embeda721.json]
[herbnkathy.com/2016/10/16/can-you-see-it/feed/index.html]
[herbnkathy.com/wp-json/oembed/1.0/embed0c80]
[herbnkathy.com/2016/10/16/can-you-see-it/index.html]
[herbnkathy.com/wp-json/wp/v2/posts/2071.json]
[herbnkathy.com/2016/10/16/can-you-see-it/index3e91.html]
[herbnkathy.com/2016/10/16/can-you-see-it/index4d29.html]
[herbnkathy.com/tag/valley/feed/index.html]
[herbnkathy.com/tag/valley/index.html]
[herbnkathy.com/wp-json/wp/v2/tags/97400.json]
[herbnkathy.com/tag/vineyard/feed/index.html]
[herbnkathy.com/tag/vineyard/index.html]
[herbnkathy.com/index1601.html]
[herbnkathy.com/2020/02/15/mexico-day-two/indexc9ff.html]
[herbnkathy.com/2020/02/15/mexico-day-two/index2e27.html]
[herbnkathy.com/2020/02/15/mexico-day-two/index33d3.html]
[herbnkathy.com/index0f36.html]
[herbnkathy.com/2020/02/11/stopover-at-potrero/indexc155.html]
[herbnkathy.com/2020/02/11/stopover-at-potrero/indexac5a.html]
[herbnkathy.com/2020/02/11/stopover-at-potrero/index46fe.html]
[herbnkathy.com/category/learning/page/3/index.html]
[herbnkathy.com/indexdecb.html]
[herbnkathy.com/2022/12/05/going-under-the-knife-and-robot/indexe1e1.html]
[herbnkathy.com/2022/12/05/going-under-the-knife-and-robot/index48c9.html]
[herbnkathy.com/2022/12/05/going-under-the-knife-and-robot/indexf420.html]
[herbnkathy.com/2022/12/05/going-under-the-knife-and-robot/index7a27.html]
[herbnkathy.com/2022/12/05/going-under-the-knife-and-robot/index152c.html]
[herbnkathy.com/index7164.html]
[herbnkathy.com/2023/07/30/we-made-it-to-the-light/index9483.html]
[herbnkathy.com/2023/07/30/we-made-it-to-the-light/index94ca.html]
[herbnkathy.com/category/rving/page/3/index.html]
[herbnkathy.com/indexfe1c.html]
[herbnkathy.com/wp-json/wp/v2/tags/74363.json]
[herbnkathy.com/2022/12/03/gotta-keep-from-getting-bored/indexdab5.html]
[herbnkathy.com/2022/12/03/gotta-keep-from-getting-bored/index9814.html]
[herbnkathy.com/2022/12/03/gotta-keep-from-getting-bored/index52df.html]
[herbnkathy.com/2022/12/03/gotta-keep-from-getting-bored/indexd54d.html]
[herbnkathy.com/2022/12/03/gotta-keep-from-getting-bored/indexf7ae.html]
[herbnkathy.com/2022/12/03/gotta-keep-from-getting-bored/index9682.html]
[herbnkathy.com/category/ham-radio/page/2/index.html]
[herbnkathy.com/index63e1.html]
[herbnkathy.com/index7dde.html]
[herbnkathy.com/index64d8.html]
[herbnkathy.com/category/learning/page/4/index.html]
[herbnkathy.com/wp-json/oembed/1.0/embed21db.json]
[herbnkathy.com/2020/02/08/boomerville-winding-down/feed/index.html]
[herbnkathy.com/wp-json/oembed/1.0/embed3d5f]
[herbnkathy.com/wp-json/wp/v2/posts/6740.json]
[herbnkathy.com/wp-content/uploads/2020/01/IMG_20200123_084443-scaled.jpg]
[herbnkathy.com/wp-content/uploads/2020/01/IMG_20200123_075321-1024x485.jpg]
[herbnkathy.com/wp-content/uploads/2020/01/IMG_20200123_114938-1024x485.jpg]
[herbnkathy.com/2020/02/08/boomerville-winding-down/index.html]
[herbnkathy.com/2020/02/08/on-our-way-to-mexico/indexd469.html]
[herbnkathy.com/2020/02/08/on-our-way-to-mexico/index0785.html]
[herbnkathy.com/indexf876.html]
[herbnkathy.com/2019/12/15/whats-our-engine-thinking/index799c.html]
[herbnkathy.com/2019/12/15/whats-our-engine-thinking/indexfa01.html]
[herbnkathy.com/indexae03.html]
[herbnkathy.com/2022/11/28/hip-replacement-time-again/index5762.html]
[herbnkathy.com/2022/11/28/hip-replacement-time-again/index30a1.html]
[herbnkathy.com/2022/11/28/hip-replacement-time-again/indexc4e7.html]
[herbnkathy.com/2022/11/28/hip-replacement-time-again/index819c.html]
[herbnkathy.com/2022/11/28/hip-replacement-time-again/indexffb1.html]
[herbnkathy.com/index6514.html]
[herbnkathy.com/2021/10/15/tourist-review-dead-horse-point-state-park-se-utah/index733c.html]
[herbnkathy.com/2021/10/15/tourist-review-dead-horse-point-state-park-se-utah/index085a.html]
[herbnkathy.com/wp-json/oembed/1.0/embeded63.json]
[herbnkathy.com/2016/09/10/all-is-well-in-colorado/feed/index.html]
[herbnkathy.com/wp-json/oembed/1.0/embedcad1]
[herbnkathy.com/2016/09/10/all-is-well-in-colorado/index.html]
[herbnkathy.com/wp-json/wp/v2/posts/1587.json]
[herbnkathy.com/2016/09/10/all-is-well-in-colorado/indexdb5d.html]
[herbnkathy.com/tag/casinos/index.html]
[herbnkathy.com/wp-json/wp/v2/tags/38400.json]
[herbnkathy.com/tag/casinos/feed/index.html]
[herbnkathy.com/wp-json/oembed/1.0/embedf94c.json]
[herbnkathy.com/2017/01/19/our-trip-to-dead-horse-ranch-state-park-cottonwood-az/feed/index.html]
[herbnkathy.com/wp-json/oembed/1.0/embeded8a]
[herbnkathy.com/2017/01/19/our-trip-to-dead-horse-ranch-state-park-cottonwood-az/index.html]
[herbnkathy.com/wp-json/wp/v2/posts/3135.json]
[herbnkathy.com/tag/birding/index.html]
[herbnkathy.com/wp-json/wp/v2/tags/149836.json]
[herbnkathy.com/tag/birding/feed/index.html]
[herbnkathy.com/tag/hawk/index.html]
[herbnkathy.com/wp-json/wp/v2/tags/554707252.json]
[herbnkathy.com/tag/hawk/feed/index.html]
[herbnkathy.com/tag/horseback/index.html]
[herbnkathy.com/wp-json/wp/v2/tags/554707248.json]
[herbnkathy.com/tag/horseback/feed/index.html]
[herbnkathy.com/tag/swainson-hawk/index.html]
[herbnkathy.com/wp-json/wp/v2/tags/554707253.json]
[herbnkathy.com/tag/swainson-hawk/feed/index.html]
[herbnkathy.com/wp-json/oembed/1.0/embed7170.json]
[herbnkathy.com/wp-json/oembed/1.0/embedaae7]
[herbnkathy.com/2016/04/12/a-good-day-for-travel/feed/index.html]
[herbnkathy.com/2016/04/12/a-good-day-for-travel/index.html]
[herbnkathy.com/wp-json/wp/v2/posts/641.json]
[herbnkathy.com/wp-json/oembed/1.0/embedb70b.json]
[herbnkathy.com/wp-json/oembed/1.0/embed2d0b]
[herbnkathy.com/2016/11/10/road-trip-to-arches-national-park/feed/index.html]
[herbnkathy.com/2016/11/10/road-trip-to-arches-national-park/index.html]
[herbnkathy.com/wp-json/wp/v2/posts/2231.json]
[herbnkathy.com/tag/arches/index.html]
[herbnkathy.com/wp-json/wp/v2/tags/190767.json]
[herbnkathy.com/tag/arches/feed/index.html]
[herbnkathy.com/tag/canyon-de-chelles/index.html]
[herbnkathy.com/wp-json/wp/v2/tags/543957314.json]
[herbnkathy.com/tag/canyon-de-chelles/feed/index.html]
[herbnkathy.com/tag/canyonland/index.html]
[herbnkathy.com/wp-json/wp/v2/tags/4913507.json]
[herbnkathy.com/tag/canyonland/feed/index.html]
[herbnkathy.com/tag/four-corners/index.html]
[herbnkathy.com/indexfeb3.html]
[herbnkathy.com/2021/08/12/time-to-hit-the-road-again/index80c7.html]
[herbnkathy.com/2021/08/12/time-to-hit-the-road-again/index9b4f.html]
[herbnkathy.com/2021/08/12/time-to-hit-the-road-again/index0073.html]
[herbnkathy.com/2021/08/12/time-to-hit-the-road-again/indexf93c.html]
[herbnkathy.com/2021/08/12/time-to-hit-the-road-again/indexcfd9.html]
[herbnkathy.com/index4724.html]
[herbnkathy.com/index9d4a.html]
[herbnkathy.com/wp-json/wp/v2/tags/432489.json]
[herbnkathy.com/tag/four-corners/feed/index.html]
[herbnkathy.com/wp-json/oembed/1.0/embed1d8f.json]
[herbnkathy.com/2018/03/18/great-february-in-florida/feed/index.html]
[herbnkathy.com/wp-json/oembed/1.0/embed0129]
[herbnkathy.com/2018/03/18/great-february-in-florida/index.html]
[herbnkathy.com/2018/01/11/workamping-fun-at-rainbows-end-rv-park-livingston-tx/index78b4.html]
[herbnkathy.com/2018/01/11/workamping-fun-at-rainbows-end-rv-park-livingston-tx/indexe29b.html]
[herbnkathy.com/indexb124.html]
[herbnkathy.com/2019/06/24/volunteering-at-d-c-booth-fish-hatchery/index02e3.html]
[herbnkathy.com/2019/06/24/volunteering-at-d-c-booth-fish-hatchery/index6e16.html]
[herbnkathy.com/index6e05.html]
[herbnkathy.com/wp-json/wp/v2/posts/4533.json]
[herbnkathy.com/2018/03/19/our-visit-to-the-orlando-hamcation/index.html]
[herbnkathy.com/tag/bus/index.html]
[herbnkathy.com/wp-json/wp/v2/tags/554707927.json]
[herbnkathy.com/tag/bus/feed/index.html]
[herbnkathy.com/tag/celebrate/index.html]
[herbnkathy.com/wp-json/wp/v2/tags/554707930.json]
[herbnkathy.com/tag/celebrate/feed/index.html]
[herbnkathy.com/tag/celebrating/index.html]
[herbnkathy.com/wp-json/wp/v2/tags/554707931.json]
[herbnkathy.com/tag/celebrating/feed/index.html]
[herbnkathy.com/tag/election/index.html]
[herbnkathy.com/wp-json/wp/v2/tags/554707929.json]
[herbnkathy.com/tag/election/feed/index.html]
[herbnkathy.com/tag/president/index.html]
[herbnkathy.com/tag/president/feed/index.html]
[herbnkathy.com/wp-json/wp/v2/tags/554707581.json]
[herbnkathy.com/tag/thankful/index.html]
[herbnkathy.com/category/working/page/3/index.html]
[herbnkathy.com/indexfe59.html]
[herbnkathy.com/2020/01/12/readying-for-our-trip-to-q/index2e1b.html]
[herbnkathy.com/2020/01/12/readying-for-our-trip-to-q/indexfd85.html]
[herbnkathy.com/2020/01/12/readying-for-our-trip-to-q/index6561.html]
[herbnkathy.com/2020/01/12/readying-for-our-trip-to-q/index0fb5.html]
[herbnkathy.com/indexf911.html]
[herbnkathy.com/wp-json/wp/v2/tags/554707928.json]
[herbnkathy.com/category/working/page/4/index.html]
[herbnkathy.com/tag/thankful/feed/index.html]
[herbnkathy.com/wp-json/oembed/1.0/embed4f1e.json]
[herbnkathy.com/2017/01/05/artisans-at-work-amazing/feed/index.html]
[herbnkathy.com/wp-json/oembed/1.0/embed5ef8]
[herbnkathy.com/2017/01/05/artisans-at-work-amazing/index.html]
[herbnkathy.com/2017/01/01/our-adventure-to-quartzsite/index1ba8.html]
[herbnkathy.com/wp-json/wp/v2/posts/2785.json]
[herbnkathy.com/2017/01/01/our-adventure-to-quartzsite/index6126.html]
[herbnkathy.com/2017/01/05/artisans-at-work-amazing/index24ba.html]
[herbnkathy.com/2017/01/05/artisans-at-work-amazing/indexc024.html]
[herbnkathy.com/2017/01/05/artisans-at-work-amazing/indexb993.html]
[herbnkathy.com/2017/01/01/our-adventure-to-quartzsite/indexd44c.html]
[herbnkathy.com/index5517.html]
[herbnkathy.com/2017/12/12/interior-remodel-of-our-airstream-motorhome/index7e81.html]
[herbnkathy.com/2017/12/12/interior-remodel-of-our-airstream-motorhome/indexa764.html]
[herbnkathy.com/2017/01/05/artisans-at-work-amazing/index610f.html]
[herbnkathy.com/2017/01/05/artisans-at-work-amazing/index6994.html]
[herbnkathy.com/wp-json/oembed/1.0/embed4542.json]
[herbnkathy.com/2016/04/09/those-pesky-little-things-and-big-fingers/feed/index.html]
[herbnkathy.com/wp-json/oembed/1.0/embedffa3]
[herbnkathy.com/2016/04/09/those-pesky-little-things-and-big-fingers/index.html]
[herbnkathy.com/wp-json/wp/v2/posts/557.json]
[herbnkathy.com/tag/connector/index.html]
[herbnkathy.com/wp-json/wp/v2/tags/30369.json]
[herbnkathy.com/tag/lost/index.html]
[herbnkathy.com/wp-json/wp/v2/tags/425.json]
[herbnkathy.com/2016/04/09/those-pesky-little-things-and-big-fingers/index7c98.html]
[herbnkathy.com/2016/04/09/those-pesky-little-things-and-big-fingers/index06b6.html]
[herbnkathy.com/tag/connector/feed/index.html]
[herbnkathy.com/tag/lost/feed/index.html]
[herbnkathy.com/tag/screw/feed/index.html]
[herbnkathy.com/tag/screw/index.html]
[herbnkathy.com/indexfa6a.html]
[herbnkathy.com/2022/12/18/now-its-her-turn/indexce6f.html]
[herbnkathy.com/2022/12/18/now-its-her-turn/index3492.html]
[herbnkathy.com/2022/12/18/now-its-her-turn/index6b9b.html]
[herbnkathy.com/2022/12/18/now-its-her-turn/indexa664.html]
[herbnkathy.com/wp-json/wp/v2/tags/1049352.json]
[herbnkathy.com/wp-json/oembed/1.0/embed2ed7.json]
[herbnkathy.com/wp-json/oembed/1.0/embedf2e5]
[herbnkathy.com/2017/09/06/what-we-do-about-health-care/feed/index.html]
[herbnkathy.com/wp-json/wp/v2/posts/4082.json]
[secure.gravatar.com/avatar/0179712e78d5ef2e65d649ea8ce755eb70ca182985d9c1475b74e68b3bfe0f89a8ba.jpeg]
[herbnkathy.com/2017/09/06/what-we-do-about-health-care/index.html]
[herbnkathy.com/2017/09/06/what-we-do-about-health-care/indexf61c.html]
[herbnkathy.com/2017/09/06/what-we-do-about-health-care/indexe543.html]
[herbnkathy.com/2017/09/06/what-we-do-about-health-care/indexba62.html]
[herbnkathy.com/tag/cancer/feed/index.html]
[herbnkathy.com/tag/cancer/index.html]
[herbnkathy.com/wp-json/wp/v2/tags/554707447.json]
[herbnkathy.com/tag/cost/feed/index.html]
[herbnkathy.com/wp-content/uploads/2016/05/numbers-on-board.jpg]
[herbnkathy.com/tag/cost/index.html]
[herbnkathy.com/wp-json/wp/v2/tags/153324.json]
[herbnkathy.com/tag/insurance/index.html]
[herbnkathy.com/tag/insurance/feed/index.html]
[herbnkathy.com/wp-json/wp/v2/tags/554707450.json]
[herbnkathy.com/tag/budget/index.html]
[herbnkathy.com/tag/daily-expense/index.html]
[herbnkathy.com/tag/medical-cost-sharing/feed/index.html]
[herbnkathy.com/tag/medical-cost-sharing/index.html]
[herbnkathy.com/wp-json/wp/v2/tags/554707451.json]
[herbnkathy.com/tag/prescription/index.html]
[herbnkathy.com/index1899.html]
[herbnkathy.com/tag/prescription/feed/index.html]
[herbnkathy.com/wp-json/wp/v2/tags/554707452.json]
[herbnkathy.com/wp-json/oembed/1.0/embed8542.json]
[herbnkathy.com/2017/12/23/merry-christmas/feed/index.html]
[herbnkathy.com/wp-json/oembed/1.0/embed9f62]
[herbnkathy.com/wp-json/wp/v2/posts/4475.json]
[secure.gravatar.com/avatar/a42512b70f10508dfa56aeb83359fa842b9f90baeca3f609ee78c9803f6e02bca8ba.png]
[herbnkathy.com/2017/12/23/merry-christmas/index.html]
[herbnkathy.com/tag/happy/index.html]
[herbnkathy.com/wp-json/wp/v2/tags/554707515.json]
[herbnkathy.com/2017/12/23/merry-christmas/index7810.html]
[herbnkathy.com/2017/12/23/merry-christmas/index8ba8.html]
[herbnkathy.com/2017/12/23/merry-christmas/indexfd0a.html]
[herbnkathy.com/2017/12/23/merry-christmas/index1390.html]
[herbnkathy.com/tag/happy/feed/index.html]
[herbnkathy.com/tag/holidays/feed/index.html]
[herbnkathy.com/tag/holidays/index.html]
[herbnkathy.com/wp-json/wp/v2/tags/4325.json]
[herbnkathy.com/tag/wishes/index.html]
[herbnkathy.com/wp-json/wp/v2/tags/554707516.json]
[herbnkathy.com/tag/stress/index.html]
[herbnkathy.com/tag/wishes/feed/index.html]
[herbnkathy.com/wp-json/oembed/1.0/embedf5bc.json]
[herbnkathy.com/2021/01/06/remember-when/feed/index.html]
[herbnkathy.com/wp-json/oembed/1.0/embedad24]
[herbnkathy.com/2021/01/06/remember-when/index.html]
[herbnkathy.com/wp-json/wp/v2/posts/7380.json]
[herbnkathy.com/tag/american-flyer/index.html]
[herbnkathy.com/wp-json/wp/v2/tags/554707934.json]
[herbnkathy.com/tag/american-flyer/feed/index.html]
[herbnkathy.com/tag/childhood/feed/index.html]
[herbnkathy.com/tag/childhood/index.html]
[herbnkathy.com/wp-json/wp/v2/tags/554707935.json]
[herbnkathy.com/tag/erector-set/index.html]
[herbnkathy.com/wp-json/wp/v2/tags/554707933.json]
[herbnkathy.com/tag/erector-set/feed/index.html]
[herbnkathy.com/tag/rvtravel/index.html]
[herbnkathy.com/wp-json/wp/v2/tags/554707936.json]
[herbnkathy.com/tag/rvtravel/feed/index.html]
[herbnkathy.com/tag/toys/index.html]
[herbnkathy.com/wp-json/wp/v2/tags/554707932.json]
[herbnkathy.com/tag/toys/feed/index.html]
[herbnkathy.com/tag/woodbury/index.html]
[herbnkathy.com/category/family/page/3/index.html]
[herbnkathy.com/indexc09b.html]
[herbnkathy.com/2021/12/31/christmas-in-mexico/index4c9b.html]
[herbnkathy.com/2021/12/31/christmas-in-mexico/index9020.html]
[herbnkathy.com/2021/12/31/christmas-in-mexico/index5547.html]
[herbnkathy.com/2021/12/31/christmas-in-mexico/index54d7.html]
[herbnkathy.com/category/friends/page/3/index.html]
[herbnkathy.com/wp-json/wp/v2/tags/554707937.json]
[herbnkathy.com/category/traveling/page/3/index.html]
[herbnkathy.com/index1eb6.html]
[herbnkathy.com/category/family/page/4/index.html]
[herbnkathy.com/category/friends/page/4/index.html]
[herbnkathy.com/category/traveling/page/4/index.html]
[herbnkathy.com/tag/woodbury/feed/index.html]
[herbnkathy.com/2017/06/18/honoring-our-veterans-at-the-park/feed/index.html]
[herbnkathy.com/wp-json/oembed/1.0/embed3a1d.json]
[herbnkathy.com/wp-json/oembed/1.0/embeda1b2]
[herbnkathy.com/2017/06/18/honoring-our-veterans-at-the-park/index.html]
[herbnkathy.com/index8eda.html]
[herbnkathy.com/index15a0.html]
[herbnkathy.com/2019/07/28/is-it-the-places-or-the-people/index216e.html]
[herbnkathy.com/2019/07/28/is-it-the-places-or-the-people/index8e8d.html]
[herbnkathy.com/2019/07/28/is-it-the-places-or-the-people/index547b.html]
[herbnkathy.com/2019/07/28/is-it-the-places-or-the-people/indexc62c.html]
[herbnkathy.com/2019/07/28/is-it-the-places-or-the-people/index9731.html]
[herbnkathy.com/2019/07/28/is-it-the-places-or-the-people/index3e86.html]
[herbnkathy.com/2019/07/28/is-it-the-places-or-the-people/indexbb17.html]
[herbnkathy.com/2019/07/28/is-it-the-places-or-the-people/index38f1.html]
[herbnkathy.com/2019/07/28/is-it-the-places-or-the-people/index0695.html]
[herbnkathy.com/2019/07/28/is-it-the-places-or-the-people/index4138.html]
[herbnkathy.com/2019/07/28/is-it-the-places-or-the-people/index9b41.html]
[herbnkathy.com/2019/07/28/is-it-the-places-or-the-people/index5c7b.html]
[herbnkathy.com/2019/07/28/is-it-the-places-or-the-people/index5832.html]
[herbnkathy.com/indexc8b6.html]
[herbnkathy.com/wp-json/wp/v2/posts/3798.json]
[herbnkathy.com/wp-json/oembed/1.0/embed5625.json]
[herbnkathy.com/2016/12/11/our-trip-to-the-border/feed/index.html]
[herbnkathy.com/wp-json/oembed/1.0/embed4352]
[herbnkathy.com/2016/12/11/our-trip-to-the-border/index.html]
[herbnkathy.com/index1446.html]
[herbnkathy.com/wp-json/wp/v2/posts/2452.json]
[herbnkathy.com/wp-json/oembed/1.0/embed6fa8.json]
[herbnkathy.com/2016/12/11/our-trip-to-the-border/index544e.html]
[herbnkathy.com/2016/12/11/our-trip-to-the-border/index5eb7.html]
[herbnkathy.com/wp-json/oembed/1.0/embed215e]
[herbnkathy.com/2019/05/02/rodeo-pool-cues-really/feed/index.html]
[herbnkathy.com/wp-json/wp/v2/posts/5769.json]
[i1.wp.com/herbnkathy.com/wp-content/uploads/2019/04/20190410_0840097ff4.jpg]
[i0.wp.com/herbnkathy.com/wp-content/uploads/2019/04/20190409143902211e.jpg]
[i2.wp.com/herbnkathy.com/wp-content/uploads/2019/04/Big-White-Flakes7ff4.jpg]
[herbnkathy.com/wp-content/uploads/2019/04/20190409_163857.mp4]
[i1.wp.com/herbnkathy.com/wp-content/uploads/2019/04/20190412_1129407ff4.jpg]
[i2.wp.com/herbnkathy.com/wp-content/uploads/2019/04/20190412_1128457ff4.jpg]
[herbnkathy.com/wp-content/uploads/2019/04/20190412_103204.mp4]
[herbnkathy.com/wp-content/uploads/2019/05/20190412_104236.mp4]
[i1.wp.com/herbnkathy.com/wp-content/uploads/2019/04/20190412_1008257ff4.jpg]
[i0.wp.com/herbnkathy.com/wp-content/uploads/2019/04/20190411_113313-17ff4.jpg]
[i2.wp.com/herbnkathy.com/wp-content/uploads/2019/04/20190411_1247477ff4.jpg]
[i0.wp.com/herbnkathy.com/wp-content/uploads/2019/04/20190411_1415467ff4.jpg]
[i2.wp.com/herbnkathy.com/wp-content/uploads/2019/04/20190411_1425217ff4.jpg]
[i0.wp.com/herbnkathy.com/wp-content/uploads/2019/04/20190411104918211e.jpg]
[i0.wp.com/herbnkathy.com/wp-content/uploads/2019/04/20190411105333211e.jpg]
[i1.wp.com/herbnkathy.com/wp-content/uploads/2019/04/20190411112956211e.jpg]
[i1.wp.com/herbnkathy.com/wp-content/uploads/2019/04/20190411115416211e.jpg]
[i1.wp.com/herbnkathy.com/wp-content/uploads/2019/04/20190411115428-1211e.jpg]
[i2.wp.com/herbnkathy.com/wp-content/uploads/2019/04/20190411135037211e.jpg]
[i1.wp.com/herbnkathy.com/wp-content/uploads/2019/05/RawlinsWYMap17d9.jpg]
[i2.wp.com/herbnkathy.com/wp-content/uploads/2019/05/20190413_1237227ff4.jpg]
[secure.gravatar.com/avatar/f501404259d1f278e08c2e75f8c55aefd7c5ceaf1bff42b48f5ca7ac4f9afab8a8ba.png]
[secure.gravatar.com/avatar/ebf6f8d7b9f6da638035e8c0099799de98a2f8b152ec50051c4ddbad9b4cfe8ea8ba.png]
[herbnkathy.com/2019/05/02/rodeo-pool-cues-really/index.html]
[herbnkathy.com/2019/04/28/the-landscape-keeps-changing/index1ee2.html]
[herbnkathy.com/2019/04/28/the-landscape-keeps-changing/index055f.html]
[herbnkathy.com/2019/04/28/the-landscape-keeps-changing/indexc299.html]
[herbnkathy.com/2019/04/28/the-landscape-keeps-changing/indexb5e4.html]
[herbnkathy.com/2019/05/02/rodeo-pool-cues-really/index3753.html]
[herbnkathy.com/2019/05/02/rodeo-pool-cues-really/index2b88.html]
[herbnkathy.com/2019/05/02/rodeo-pool-cues-really/index60b3.html]
[herbnkathy.com/2019/04/28/the-landscape-keeps-changing/indexa406.html]
[herbnkathy.com/2019/05/02/rodeo-pool-cues-really/index7824.html]
[herbnkathy.com/2019/05/02/rodeo-pool-cues-really/indexda97.html]
[herbnkathy.com/2019/05/02/rodeo-pool-cues-really/index9712.html]
[herbnkathy.com/2019/05/02/rodeo-pool-cues-really/index3ad4.html]
[herbnkathy.com/2019/05/02/rodeo-pool-cues-really/index54f0.html]
[herbnkathy.com/2019/04/28/the-landscape-keeps-changing/index63d8.html]
[herbnkathy.com/2019/05/02/rodeo-pool-cues-really/index4b20.html]
[herbnkathy.com/2019/05/02/rodeo-pool-cues-really/index0519.html]
[herbnkathy.com/2019/04/28/the-landscape-keeps-changing/indexdcd9.html]
[herbnkathy.com/index3486.html]
[herbnkathy.com/2019/03/23/great-time-at-escapade-19/index5a95.html]
[herbnkathy.com/2019/03/23/great-time-at-escapade-19/indexcb78.html]
[herbnkathy.com/2019/05/02/rodeo-pool-cues-really/index6e7b.html]
[herbnkathy.com/tag/arizona/page/3/index.html]
[herbnkathy.com/index130d.html]
[herbnkathy.com/2019/05/02/rodeo-pool-cues-really/indexfcf1.html]
[herbnkathy.com/2019/05/02/rodeo-pool-cues-really/index7ddb.html]
[herbnkathy.com/tag/arizona/page/4/index.html]
[herbnkathy.com/2018/09/14/so-what-day-is-it/feed/index.html]
[herbnkathy.com/wp-json/oembed/1.0/embedbe70.json]
[herbnkathy.com/wp-json/oembed/1.0/embed84e3]
[herbnkathy.com/wp-json/wp/v2/posts/4977.json]
[herbnkathy.com/wp-content/uploads/2018/09/20180912_1553252745562360871901648.jpg]
[herbnkathy.com/wp-content/uploads/2018/09/20180912_1618102174578648734155289.jpg]
[herbnkathy.com/wp-content/uploads/2018/09/20180912_162740852209369174964796.jpg]
[herbnkathy.com/wp-content/uploads/2018/09/20180914_0657461388152169897144470.jpg]
[herbnkathy.com/wp-content/uploads/2018/09/20180912_1849135395718842610943052.jpg]
[herbnkathy.com/2018/09/14/so-what-day-is-it/index.html]
[herbnkathy.com/2018/09/11/where-were-headed-next/index87d0.html]
[herbnkathy.com/2018/09/11/where-were-headed-next/indexaefa.html]
[herbnkathy.com/2018/09/11/where-were-headed-next/indexb328.html]
[herbnkathy.com/2018/09/14/a-different-nights-stay/index.html]
[herbnkathy.com/wp-json/oembed/1.0/embed1eef.json]
[herbnkathy.com/2016/09/15/look-kath-we-can-see-the-whole-thing/feed/index.html]
[herbnkathy.com/wp-json/oembed/1.0/embed4a42]
[herbnkathy.com/wp-json/wp/v2/posts/1661.json]
[secure.gravatar.com/avatar/b123bd49dfc52c1646f135660839db19844823c89dd267df6d826b9420a4f225a8ba.png]
[herbnkathy.com/2016/09/15/look-kath-we-can-see-the-whole-thing/index.html]
[herbnkathy.com/tag/el-rancho/index.html]
[herbnkathy.com/wp-json/wp/v2/tags/2916155.json]
[herbnkathy.com/2016/09/15/look-kath-we-can-see-the-whole-thing/index118b.html]
[herbnkathy.com/2016/09/15/look-kath-we-can-see-the-whole-thing/index71fb.html]
[herbnkathy.com/tag/el-rancho/feed/index.html]
[herbnkathy.com/tag/gallup/feed/index.html]
[herbnkathy.com/tag/gallup/index.html]
[herbnkathy.com/wp-json/wp/v2/tags/993097.json]
[herbnkathy.com/tag/rainbow/feed/index.html]
[herbnkathy.com/tag/rainbow/index.html]
[herbnkathy.com/wp-json/wp/v2/tags/154049.json]
[herbnkathy.com/tag/lakewood/index.html]
[herbnkathy.com/index18de.html]
[herbnkathy.com/2018/08/31/workampers-needed-in-nw-michigan/index327a.html]
[herbnkathy.com/wp-json/wp/v2/tags/554707321.json]
[herbnkathy.com/tag/lakewood/feed/index.html]
[herbnkathy.com/wp-json/oembed/1.0/embedd5a4.json]
[herbnkathy.com/wp-json/oembed/1.0/embed8a81]
[herbnkathy.com/2018/08/17/our-visit-to-the-gerald-r-ford-presidential-museum/feed/index.html]
[herbnkathy.com/2018/08/17/our-visit-to-the-gerald-r-ford-presidential-museum/index.html]
[herbnkathy.com/wp-json/wp/v2/posts/4923.json]
[herbnkathy.com/tag/betty-ford/index.html]
[herbnkathy.com/wp-json/wp/v2/tags/554707586.json]
[herbnkathy.com/tag/burial-site/index.html]
[herbnkathy.com/wp-json/wp/v2/tags/554707588.json]
[herbnkathy.com/tag/betty-ford/feed/index.html]
[herbnkathy.com/tag/congress/index.html]
[herbnkathy.com/wp-json/wp/v2/tags/554707587.json]
[herbnkathy.com/tag/burial-site/feed/index.html]
[herbnkathy.com/tag/congress/feed/index.html]
[herbnkathy.com/tag/gerald-r-ford/index.html]
[herbnkathy.com/wp-json/wp/v2/tags/554707582.json]
[herbnkathy.com/tag/grand-rapids/index.html]
[herbnkathy.com/wp-json/wp/v2/tags/554707585.json]
[herbnkathy.com/tag/gerald-r-ford/feed/index.html]
[herbnkathy.com/tag/grand-rapids/feed/index.html]
[herbnkathy.com/tag/presidency/index.html]
[herbnkathy.com/wp-json/wp/v2/tags/554707584.json]
[herbnkathy.com/tag/united-states/index.html]
[herbnkathy.com/tag/michigan/page/3/index.html]
[herbnkathy.com/indexd819.html]
[herbnkathy.com/wp-json/wp/v2/tags/554707583.json]
[herbnkathy.com/tag/united-states/feed/index.html]
[herbnkathy.com/tag/presidency/feed/index.html]
[herbnkathy.com/wp-json/oembed/1.0/embed9cdf.json]
[herbnkathy.com/2017/01/09/im-a-dudeist-priest/feed/index.html]
[herbnkathy.com/wp-json/oembed/1.0/embedaad4]
[herbnkathy.com/2017/01/09/im-a-dudeist-priest/index.html]
[herbnkathy.com/wp-json/wp/v2/posts/2883.json]
[herbnkathy.com/tag/ceremony/index.html]
[herbnkathy.com/wp-json/wp/v2/tags/86902.json]
[herbnkathy.com/tag/ceremony/feed/index.html]
[herbnkathy.com/2017/01/09/im-a-dudeist-priest/indexb61b.html]
[herbnkathy.com/2017/01/09/im-a-dudeist-priest/indexe1d3.html]
[herbnkathy.com/tag/dudeist/feed/index.html]
[herbnkathy.com/tag/dudeist/index.html]
[herbnkathy.com/wp-json/wp/v2/tags/63123537.json]
[herbnkathy.com/tag/funeral/index.html]
[herbnkathy.com/wp-json/wp/v2/tags/117859.json]
[herbnkathy.com/tag/funeral/feed/index.html]
[herbnkathy.com/tag/priest/index.html]
[herbnkathy.com/indexaedf.html]
[herbnkathy.com/2021/07/09/motorhome-dead/index019a.html]
[herbnkathy.com/2021/07/09/motorhome-dead/index5d30.html]
[herbnkathy.com/2021/07/09/motorhome-dead/indexdc80.html]
[herbnkathy.com/2021/07/09/motorhome-dead/indexffe1.html]
[herbnkathy.com/2021/07/09/motorhome-dead/index3a51.html]
[herbnkathy.com/2021/07/09/motorhome-dead/indexd622.html]
[herbnkathy.com/index2389.html]
[herbnkathy.com/page/2/index4891.html]
[herbnkathy.com/index1033.html]
[herbnkathy.com/wp-json/wp/v2/tags/162894.json]
[herbnkathy.com/tag/priest/feed/index.html]
[herbnkathy.com/wp-json/oembed/1.0/embed6954.json]
[herbnkathy.com/page/3/index4891.html]
[herbnkathy.com/2020/02/22/movin-on-south/feed/index.html]
[herbnkathy.com/wp-json/oembed/1.0/embed8fcb]
[herbnkathy.com/wp-json/wp/v2/posts/6924.json]
[i0.wp.com/herbnkathy.com/wp-content/uploads/2020/02/PotreroToLaJolla-Mapda19.jpg]
[i1.wp.com/herbnkathy.com/wp-content/uploads/2020/02/IMG_4375-scaled211e.jpg]
[i0.wp.com/herbnkathy.com/wp-content/uploads/2020/02/IMG_4366-scaled211e.jpg]
[i0.wp.com/herbnkathy.com/wp-content/uploads/2020/02/IMG_20200219_185341-scaled0c9f.jpg]
[i1.wp.com/herbnkathy.com/wp-content/uploads/2020/02/IMG_20200219_180054-scaled0c9f.jpg]
[i0.wp.com/herbnkathy.com/wp-content/uploads/2020/02/IMG_20200219_182849-scaled0c9f.jpg]
[i1.wp.com/herbnkathy.com/wp-content/uploads/2020/02/IMG_20200221_101712-scaled0c9f.jpg]
[i2.wp.com/herbnkathy.com/wp-content/uploads/2020/02/IMG_20200221_101642-scaled0c9f.jpg]
[i0.wp.com/herbnkathy.com/wp-content/uploads/2020/02/IMG_20200221_095112-scaled0c9f.jpg]
[herbnkathy.com/2020/02/22/movin-on-south/index.html]
[herbnkathy.com/indexbba1.html]
[herbnkathy.com/2020/08/15/thinking-about-full-time-rving/indexfe66.html]
[herbnkathy.com/page/2/index6e9f.html]
[herbnkathy.com/index49d1.html]
[herbnkathy.com/2020/04/07/home-safe-in-ohio/index0341.html]
[herbnkathy.com/2020/04/07/home-safe-in-ohio/index7bd2.html]
[herbnkathy.com/2020/04/07/home-safe-in-ohio/indexfe64.html]
[herbnkathy.com/2020/04/07/home-safe-in-ohio/indexec70.html]
[herbnkathy.com/2020/04/07/home-safe-in-ohio/indexc31e.html]
[herbnkathy.com/2020/04/07/home-safe-in-ohio/indexed51.html]
[herbnkathy.com/2020/04/07/home-safe-in-ohio/indexbd8a.html]
[herbnkathy.com/2020/04/07/home-safe-in-ohio/index1e14.html]
[herbnkathy.com/2020/04/07/home-safe-in-ohio/indexe0e9.html]
[herbnkathy.com/2020/04/07/home-safe-in-ohio/index131a.html]
[herbnkathy.com/page/3/index6e9f.html]
[herbnkathy.com/tag/ocala/index.html]
[herbnkathy.com/tag/ocala/feed/index.html]
[herbnkathy.com/wp-json/wp/v2/tags/554707536.json]
[herbnkathy.com/tag/orlando/index.html]
[herbnkathy.com/wp-json/wp/v2/tags/554707534.json]
[herbnkathy.com/tag/orlando/feed/index.html]
[herbnkathy.com/tag/polk-city/index.html]
[herbnkathy.com/tag/polk-city/feed/index.html]
[herbnkathy.com/wp-json/wp/v2/tags/554707537.json]
[herbnkathy.com/tag/sebring/feed/index.html]
[herbnkathy.com/tag/sebring/index.html]
[herbnkathy.com/wp-json/wp/v2/tags/554707535.json]
[herbnkathy.com/tag/webster/index.html]
[herbnkathy.com/index7140.html]
[herbnkathy.com/2020/03/02/heading-east-night-1/indexb573.html]
[herbnkathy.com/tag/webster/feed/index.html]
[herbnkathy.com/2020/03/02/heading-east-night-1/index94ea.html]
[herbnkathy.com/2020/03/02/heading-east-night-1/indexd1c1.html]
[herbnkathy.com/2020/03/02/heading-east-night-1/indexbf11.html]
[herbnkathy.com/indexc0dd.html]
[herbnkathy.com/wp-json/wp/v2/tags/554707538.json]
[herbnkathy.com/wp-json/oembed/1.0/embede21e.json]
[herbnkathy.com/2016/03/31/so-exasperating/feed/index.html]
[herbnkathy.com/wp-json/oembed/1.0/embedb175]
[herbnkathy.com/2016/03/31/so-exasperating/index.html]
[herbnkathy.com/wp-json/wp/v2/posts/351.json]
[herbnkathy.com/tag/extender/index.html]
[herbnkathy.com/wp-json/wp/v2/tags/658332.json]
[herbnkathy.com/tag/extender/feed/index.html]
[herbnkathy.com/tag/frustration/index.html]
[herbnkathy.com/wp-json/wp/v2/tags/10849.json]
[herbnkathy.com/tag/frustration/feed/index.html]
[herbnkathy.com/tag/valve-stem/index.html]
[herbnkathy.com/index3b93.html]
[herbnkathy.com/2021/04/01/time-to-move-on/indexd212.html]
[herbnkathy.com/2021/04/01/time-to-move-on/indexf711.html]
[herbnkathy.com/2021/04/01/time-to-move-on/index1563.html]
[herbnkathy.com/2021/04/01/time-to-move-on/index65a6.html]
[herbnkathy.com/indexfc47.html]
[herbnkathy.com/2020/11/10/off-the-road-during-covid/indexa14a.html]
[herbnkathy.com/2020/11/10/off-the-road-during-covid/index1949.html]
[herbnkathy.com/2020/11/10/off-the-road-during-covid/index0b14.html]
[herbnkathy.com/2020/11/10/off-the-road-during-covid/indexfc9a.html]
[herbnkathy.com/2020/11/10/off-the-road-during-covid/indexf9b4.html]
[herbnkathy.com/indexc381.html]
[herbnkathy.com/2020/02/18/mexico-day-4-more-zoo-wine/indexad30.html]
[herbnkathy.com/2020/02/18/mexico-day-4-more-zoo-wine/indexa8c6.html]
[herbnkathy.com/index78c4.html]
[herbnkathy.com/index0a6d.html]
[herbnkathy.com/2020/03/21/our-time-in-florida-and-covid-19/index0e14.html]
[herbnkathy.com/2020/03/21/our-time-in-florida-and-covid-19/index7260.html]
[herbnkathy.com/index08c3.html]
[herbnkathy.com/2020/05/09/day-43-of-isolation-for-full-time-rvers/index8d90.html]
[herbnkathy.com/wp-json/wp/v2/tags/6545177.json]
[herbnkathy.com/2020/05/09/day-43-of-isolation-for-full-time-rvers/index3a58.html]
[herbnkathy.com/2020/05/09/day-43-of-isolation-for-full-time-rvers/indexb7e6.html]
[herbnkathy.com/2020/05/09/day-43-of-isolation-for-full-time-rvers/index53fa.html]
[herbnkathy.com/indexcde5.html]
[herbnkathy.com/2016/09/01/wonderful-life-in-morrow-county/indexea0c.html]
[herbnkathy.com/2016/09/01/wonderful-life-in-morrow-county/index3583.html]
[herbnkathy.com/2016/09/01/wonderful-life-in-morrow-county/index46e3.html]
[herbnkathy.com/2016/09/01/wonderful-life-in-morrow-county/indexd61b.html]
[herbnkathy.com/2016/09/01/wonderful-life-in-morrow-county/indexdb9d.html]
[herbnkathy.com/2016/09/01/wonderful-life-in-morrow-county/index616c.html]
[herbnkathy.com/2016/09/01/wonderful-life-in-morrow-county/indexfdcf.html]
[herbnkathy.com/2016/09/01/wonderful-life-in-morrow-county/indexdcee.html]
[herbnkathy.com/2016/09/01/wonderful-life-in-morrow-county/index5602.html]
[herbnkathy.com/2016/09/01/wonderful-life-in-morrow-county/indexa129.html]
[herbnkathy.com/2016/09/01/wonderful-life-in-morrow-county/index1b7b.html]
[herbnkathy.com/2016/09/01/wonderful-life-in-morrow-county/index504c.html]
[herbnkathy.com/2016/09/01/wonderful-life-in-morrow-county/index0c48.html]
[herbnkathy.com/2016/09/01/wonderful-life-in-morrow-county/index2096.html]
[herbnkathy.com/2016/09/01/wonderful-life-in-morrow-county/indexa2b6.html]
[herbnkathy.com/2016/09/01/wonderful-life-in-morrow-county/index7653.html]
[herbnkathy.com/2016/09/01/wonderful-life-in-morrow-county/indexa3c0.html]
[herbnkathy.com/2016/09/01/wonderful-life-in-morrow-county/index7935.html]
[herbnkathy.com/2016/09/01/wonderful-life-in-morrow-county/index172f.html]
[herbnkathy.com/index970c.html]
[herbnkathy.com/tag/valve-stem/feed/index.html]
[herbnkathy.com/wp-json/oembed/1.0/embedeacc.json]
[herbnkathy.com/2011/09/18/sunday-sunday/feed/index.html]
[herbnkathy.com/wp-json/oembed/1.0/embedea37]
[herbnkathy.com/2011/09/18/sunday-sunday/index.html]
[herbnkathy.com/wp-json/wp/v2/posts/30.json]
[herbnkathy.com/wp-json/oembed/1.0/embed1376.json]
[herbnkathy.com/2011/09/19/poor-quincy/feed/index.html]
[herbnkathy.com/wp-json/oembed/1.0/embeda26f]
[herbnkathy.com/wp-json/wp/v2/posts/38.json]
[herbnkathy.com/wp-content/uploads/2011/09/2011-06-04_20-55-13_707.jpg]
[herbnkathy.com/wp-content/uploads/2011/09/2011-06-04_20-55-13_7072dff.jpg]
[herbnkathy.com/2011/09/19/poor-quincy/index.html]
[herbnkathy.com/indexcafe.html]
[herbnkathy.com/index9cb1.html]
[herbnkathy.com/2021/10/02/tourist-review-hot-springs-sd/indexa478.html]
[herbnkathy.com/2021/10/02/tourist-review-hot-springs-sd/indexf239.html]
[herbnkathy.com/index52e9.html]
[herbnkathy.com/index2780.html]
[herbnkathy.com/2019/03/03/finally-the-leak-is-fixed/indexfb3d.html]
[herbnkathy.com/2019/03/03/finally-the-leak-is-fixed/index7321.html]
[herbnkathy.com/2019/03/03/finally-the-leak-is-fixed/indexf4fc.html]
[herbnkathy.com/2019/03/03/finally-the-leak-is-fixed/index679f.html]
[herbnkathy.com/2019/03/03/finally-the-leak-is-fixed/index2022.html]
[herbnkathy.com/2019/03/03/finally-the-leak-is-fixed/indexc3d7.html]
[herbnkathy.com/2019/03/03/finally-the-leak-is-fixed/index64d8.html]
[herbnkathy.com/2019/03/03/finally-the-leak-is-fixed/indexadd3.html]
[herbnkathy.com/2019/03/03/finally-the-leak-is-fixed/index663c.html]
[herbnkathy.com/index4c02.html]
[herbnkathy.com/2017/12/15/airstream-motorhome-exterior-tour/index2f8e.html]
[herbnkathy.com/2017/12/15/airstream-motorhome-exterior-tour/index6c19.html]
[herbnkathy.com/2017/12/15/airstream-motorhome-exterior-tour/index70dc.html]
[herbnkathy.com/2017/12/15/airstream-motorhome-exterior-tour/index16cc.html]
[herbnkathy.com/index4138.html]
[herbnkathy.com/2017/10/06/airstream-factory-tour/index3bc8.html]
[herbnkathy.com/indexd251.html]
[herbnkathy.com/index0b1f.html]
[herbnkathy.com/index44be.html]
[herbnkathy.com/index73fa.html]
[herbnkathy.com/indexa8da.html]
[herbnkathy.com/index30e3.html]
[herbnkathy.com/index7b2c.html]
[herbnkathy.com/indexd0b8.html]
[herbnkathy.com/index5c97.html]
[herbnkathy.com/index486a.html]
[herbnkathy.com/tag/quincy/index.html]
[herbnkathy.com/2011/09/19/poor-quincy/index21b4.html]
[herbnkathy.com/2011/09/19/poor-quincy/index8e42.html]
[herbnkathy.com/wp-json/oembed/1.0/embed2c30.json]
[herbnkathy.com/2016/04/07/oklahoma-city-botanical-gardens-myriad-gardens/feed/index.html]
[herbnkathy.com/wp-json/oembed/1.0/embedc428]
[herbnkathy.com/2016/04/07/oklahoma-city-botanical-gardens-myriad-gardens/index.html]
[herbnkathy.com/wp-json/wp/v2/posts/481.json]
[herbnkathy.com/2016/04/06/oklahoma-city-national-memorial/index.html]
[herbnkathy.com/tag/botanical/index.html]
[herbnkathy.com/wp-json/wp/v2/tags/252506.json]
[herbnkathy.com/tag/botanical/feed/index.html]
[herbnkathy.com/tag/myriad/index.html]
[herbnkathy.com/wp-json/wp/v2/tags/1412394.json]
[herbnkathy.com/tag/myriad/feed/index.html]
[herbnkathy.com/tag/oklahoma-city/index.html]
[herbnkathy.com/indexf994.html]
[herbnkathy.com/indexd614.html]
[herbnkathy.com/wp-json/wp/v2/tags/392572.json]
[herbnkathy.com/tag/oklahoma-city/feed/index.html]
[herbnkathy.com/tag/montezuma/index.html]
[herbnkathy.com/wp-json/wp/v2/tags/454540.json]
[herbnkathy.com/tag/montezuma/feed/index.html]
[herbnkathy.com/tag/verde-valley/index.html]
[herbnkathy.com/wp-json/wp/v2/tags/2947472.json]
[herbnkathy.com/tag/verde-valley/feed/index.html]
[herbnkathy.com/wp-json/oembed/1.0/embed114e.json]
[herbnkathy.com/2016/10/02/toozi-what/feed/index.html]
[herbnkathy.com/wp-json/oembed/1.0/embedd162]
[herbnkathy.com/wp-json/wp/v2/posts/1921.json]
[herbnkathy.com/wp-content/uploads/2016/10/2016-09-29-12-00-42.jpg]
[herbnkathy.com/wp-content/uploads/2016/10/2016-09-29-12-00-42-150x150.jpg]
[herbnkathy.com/wp-content/uploads/2016/10/2016-09-29-12-00-25.jpg]
[herbnkathy.com/wp-content/uploads/2016/10/2016-09-29-12-00-25-150x150.jpg]
[herbnkathy.com/wp-content/uploads/2016/10/2016-09-29-11-58-14.jpg]
[herbnkathy.com/wp-content/uploads/2016/10/2016-09-29-11-58-14-150x150.jpg]
[herbnkathy.com/wp-content/uploads/2016/10/2016-09-29-11-56-23.jpg]
[herbnkathy.com/wp-content/uploads/2016/10/2016-09-29-11-56-23-150x150.jpg]
[herbnkathy.com/wp-content/uploads/2016/10/2016-09-29-11-55-54.jpg]
[herbnkathy.com/wp-content/uploads/2016/10/2016-09-29-11-55-54-150x150.jpg]
[herbnkathy.com/wp-content/uploads/2016/10/2016-09-29-11-55-11.jpg]
[herbnkathy.com/wp-content/uploads/2016/10/2016-09-29-11-55-11-150x150.jpg]
[herbnkathy.com/wp-content/uploads/2016/10/2016-09-29-11-55-00.jpg]
[herbnkathy.com/wp-content/uploads/2016/10/2016-09-29-11-55-00-150x150.jpg]
[herbnkathy.com/2016/10/02/toozi-what/index.html]
[herbnkathy.com/wp-json/oembed/1.0/embed3fa1.json]
[herbnkathy.com/tag/community/index.html]
[herbnkathy.com/tag/nps/index.html]
[herbnkathy.com/2016/10/20/petroglyphs-at-v-bar-v-ranch/feed/index.html]
[herbnkathy.com/wp-json/oembed/1.0/embed5755]
[herbnkathy.com/wp-json/wp/v2/posts/2097.json]
[herbnkathy.com/wp-content/uploads/2016/10/2016-10-17-11-01-08.jpg]
[herbnkathy.com/wp-content/uploads/2016/10/2016-10-17-11-01-08-150x150.jpg]
[herbnkathy.com/wp-content/uploads/2016/10/2016-10-17-11-13-56.jpg]
[herbnkathy.com/wp-content/uploads/2016/10/2016-10-17-11-14-52.jpg]
[herbnkathy.com/wp-content/uploads/2016/10/2016-10-17-11-14-52-150x150.jpg]
[herbnkathy.com/wp-content/uploads/2016/10/2016-10-17-11-15-05.jpg]
[herbnkathy.com/wp-content/uploads/2016/10/2016-10-17-11-15-05-150x150.jpg]
[herbnkathy.com/wp-content/uploads/2016/10/2016-10-17-12-07-03.jpg]
[herbnkathy.com/wp-content/uploads/2016/10/2016-10-17-12-07-03-150x150.jpg]
[herbnkathy.com/wp-content/uploads/2016/10/2016-10-17-12-31-14.jpg]
[herbnkathy.com/wp-content/uploads/2016/10/2016-10-17-12-31-31.jpg]
[herbnkathy.com/2016/10/20/petroglyphs-at-v-bar-v-ranch/index.html]
[herbnkathy.com/2016/09/28/is-it-really-a-castle/index194d.html]
[herbnkathy.com/index8374.html]
[herbnkathy.com/2016/04/14/deming-nm-to-casa-grande-az/index43c5.html]
[herbnkathy.com/2016/04/14/deming-nm-to-casa-grande-az/indexfd52.html]
[herbnkathy.com/tag/beaver-creek/index.html]
[herbnkathy.com/tag/v-bar-v/index.html]
[herbnkathy.com/wp-json/oembed/1.0/embed1e65.json]
[herbnkathy.com/2017/11/27/foretravel-coach-plant-tour-nacogdoches-tx/feed/index.html]
[herbnkathy.com/wp-json/oembed/1.0/embed63c3]
[herbnkathy.com/wp-json/wp/v2/posts/4274.json]
[secure.gravatar.com/avatar/120b5cf49c4c88d4eaf05372ac99ed4138308898ebe1e007c120c078f3bb94caa8ba.png]
[herbnkathy.com/2017/11/27/foretravel-coach-plant-tour-nacogdoches-tx/index6e7f.html]
[secure.gravatar.com/avatar/61885ab588965f64aaf27f4c9b08c8bf2aa0590ea0f1195c2594c7ef7bc0edc3a8ba.jpeg]
[herbnkathy.com/2017/11/27/foretravel-coach-plant-tour-nacogdoches-tx/index.html]
[herbnkathy.com/2017/11/27/foretravel-coach-plant-tour-nacogdoches-tx/index2fbf.html]
[herbnkathy.com/2017/11/27/foretravel-coach-plant-tour-nacogdoches-tx/indexb2ad.html]
[herbnkathy.com/tag/coach/index.html]
[herbnkathy.com/wp-json/wp/v2/tags/554707495.json]
[herbnkathy.com/2017/11/27/foretravel-coach-plant-tour-nacogdoches-tx/index784e.html]
[herbnkathy.com/tag/coach/feed/index.html]
[herbnkathy.com/2017/11/27/foretravel-coach-plant-tour-nacogdoches-tx/index18e6.html]
[herbnkathy.com/tag/factory-tour/feed/index.html]
[herbnkathy.com/tag/factory-tour/index.html]
[herbnkathy.com/wp-json/wp/v2/tags/554707493.json]
[herbnkathy.com/tag/foretravel/index.html]
[herbnkathy.com/tag/foretravel/feed/index.html]
[herbnkathy.com/wp-json/wp/v2/tags/554707491.json]
[herbnkathy.com/tag/ih-45/index.html]
[herbnkathy.com/tag/ih-45/feed/index.html]
[herbnkathy.com/wp-json/wp/v2/tags/554707497.json]
[herbnkathy.com/tag/nacogdoches/index.html]
[herbnkathy.com/tag/nacogdoches/feed/index.html]
[herbnkathy.com/wp-json/wp/v2/tags/554707492.json]
[herbnkathy.com/tag/realm/index.html]
[herbnkathy.com/tag/realm/feed/index.html]
[herbnkathy.com/wp-json/wp/v2/tags/554707496.json]
[herbnkathy.com/tag/u295/index.html]
[herbnkathy.com/wp-json/wp/v2/tags/554707499.json]
[herbnkathy.com/tag/u295/feed/index.html]
[herbnkathy.com/tag/u320/feed/index.html]
[herbnkathy.com/tag/u320/index.html]
[herbnkathy.com/index0fe7.html]
[herbnkathy.com/wp-json/wp/v2/tags/554707498.json]
[herbnkathy.com/wp-json/oembed/1.0/embedf51f.json]
[herbnkathy.com/2018/06/05/just-havin-fun-with-the-dogs-on-the-water/feed/index.html]
[herbnkathy.com/wp-json/oembed/1.0/embedeaf6]
[herbnkathy.com/wp-json/wp/v2/posts/4804.json]
[secure.gravatar.com/avatar/7cb8378fa5ff6bbbc1f8c6883c22811795cb914f04ad94133eabacf1180aa352a8ba.png]
[herbnkathy.com/2018/06/05/just-havin-fun-with-the-dogs-on-the-water/index.html]
[herbnkathy.com/2018/06/09/our-visit-to-the-voice-of-america/indexa1a0.html]
[herbnkathy.com/2018/06/09/our-visit-to-the-voice-of-america/index7875.html]
[herbnkathy.com/2018/06/09/our-visit-to-the-voice-of-america/index9975.html]
[herbnkathy.com/2018/06/09/our-visit-to-the-voice-of-america/indexf8e8.html]
[herbnkathy.com/index6446.html]
[herbnkathy.com/2018/04/14/driveway-surfing-is-a-blast/index24e9.html]
[herbnkathy.com/2018/04/14/driveway-surfing-is-a-blast/index1aea.html]
[herbnkathy.com/2018/04/14/driveway-surfing-is-a-blast/index25f9.html]
[herbnkathy.com/index8ac0.html]
[herbnkathy.com/2018/06/05/just-havin-fun-with-the-dogs-on-the-water/index883c.html]
[herbnkathy.com/2018/06/05/just-havin-fun-with-the-dogs-on-the-water/indexacc6.html]
[herbnkathy.com/2018/06/05/just-havin-fun-with-the-dogs-on-the-water/indexd0a2.html]
[herbnkathy.com/2018/06/05/just-havin-fun-with-the-dogs-on-the-water/index54af.html]
[herbnkathy.com/2017/12/27/suspension-and-steering-upgrades-to-our-coach/feed/index.html]
[herbnkathy.com/wp-json/oembed/1.0/embedbfb8.json]
[herbnkathy.com/wp-json/oembed/1.0/embed2c38]
[herbnkathy.com/2017/12/27/suspension-and-steering-upgrades-to-our-coach/index.html]
[herbnkathy.com/2018/01/07/how-do-we-know-were-not-going-to-freeze-down-below/indexeb0a.html]
[herbnkathy.com/2018/01/07/how-do-we-know-were-not-going-to-freeze-down-below/index960b.html]
[herbnkathy.com/2018/01/07/how-do-we-know-were-not-going-to-freeze-down-below/index0800.html]
[herbnkathy.com/2018/01/07/how-do-we-know-were-not-going-to-freeze-down-below/indexdf58.html]
[herbnkathy.com/index80a3.html]
[herbnkathy.com/wp-json/wp/v2/posts/4477.json]
[herbnkathy.com/2017/12/27/suspension-and-steering-upgrades-to-our-coach/index9ad0.html]
[herbnkathy.com/2017/12/27/suspension-and-steering-upgrades-to-our-coach/indexe954.html]
[herbnkathy.com/2016/03/26/progress-being-made/feed/index.html]
[herbnkathy.com/wp-json/oembed/1.0/embed9cd2.json]
[herbnkathy.com/wp-json/oembed/1.0/embeda607]
[herbnkathy.com/wp-content/uploads/2016/03/roadmaster-towbaraf90.jpg]
[herbnkathy.com/2016/03/26/progress-being-made/index.html]
[herbnkathy.com/wp-json/wp/v2/posts/329.json]
[herbnkathy.com/wp-json/oembed/1.0/embedc327.json]
[herbnkathy.com/tag/tow-bar/index.html]
[herbnkathy.com/wp-json/oembed/1.0/embedf8d1]
[herbnkathy.com/2016/03/25/mechanicals-update/feed/index.html]
[herbnkathy.com/2016/03/25/mechanicals-update/index.html]
[herbnkathy.com/index2c06.html]
[herbnkathy.com/indexcc3f.html]
[herbnkathy.com/2021/10/05/campground-review-cabelas-sidney-nebraska/indexdc01.html]
[herbnkathy.com/category/food/page/3/index.html]
[herbnkathy.com/category/sightseeing/page/3/index.html]
[herbnkathy.com/index72ad.html]
[herbnkathy.com/index0f1b.html]
[herbnkathy.com/2019/01/01/another-great-climb-er-drive-up-the-mountain/index5b55.html]
[herbnkathy.com/2019/01/01/another-great-climb-er-drive-up-the-mountain/index16e2.html]
[herbnkathy.com/wp-json/wp/v2/posts/314.json]
[herbnkathy.com/category/food/page/4/index.html]
[herbnkathy.com/category/sightseeing/page/4/index.html]
[herbnkathy.com/2018/03/23/kathy-asked-are-we-too-heavy/feed/index.html]
[herbnkathy.com/wp-json/oembed/1.0/embed1a2a.json]
[herbnkathy.com/wp-json/oembed/1.0/embed35c4]
[herbnkathy.com/2018/03/23/kathy-asked-are-we-too-heavy/index.html]
[herbnkathy.com/wp-json/wp/v2/posts/4660.json]
[herbnkathy.com/tag/manufacturer/index.html]
[herbnkathy.com/wp-json/wp/v2/tags/554707542.json]
[herbnkathy.com/tag/manufacturer/feed/index.html]
[herbnkathy.com/tag/recommendations/index.html]
[herbnkathy.com/wp-json/wp/v2/tags/554707544.json]
[herbnkathy.com/tag/recommendations/feed/index.html]
[herbnkathy.com/tag/smartweigh/index.html]
[herbnkathy.com/wp-json/wp/v2/tags/554707541.json]
[herbnkathy.com/tag/smartweigh/feed/index.html]
[herbnkathy.com/tag/specifications/index.html]
[herbnkathy.com/wp-json/wp/v2/tags/554707543.json]
[herbnkathy.com/tag/specifications/feed/index.html]
[herbnkathy.com/tag/weigh/index.html]
[herbnkathy.com/wp-json/wp/v2/tags/554707540.json]
[herbnkathy.com/tag/weigh/feed/index.html]
[herbnkathy.com/wp-json/oembed/1.0/embed24d7.json]
[herbnkathy.com/2017/03/20/an-amazing-trip-to-fort-morgan/feed/index.html]
[herbnkathy.com/wp-json/oembed/1.0/embedae56]
[herbnkathy.com/2017/03/20/an-amazing-trip-to-fort-morgan/index.html]
[herbnkathy.com/wp-json/wp/v2/posts/3543.json]
[herbnkathy.com/2017/03/20/an-amazing-trip-to-fort-morgan/index5bfa.html]
[herbnkathy.com/2017/03/20/an-amazing-trip-to-fort-morgan/index56b2.html]
[herbnkathy.com/2017/03/20/an-amazing-trip-to-fort-morgan/index800a.html]
[herbnkathy.com/tag/beach/feed/index.html]
[herbnkathy.com/wp-content/uploads/2016/04/2016-04-15-15-07-35.jpg]
[herbnkathy.com/wp-json/wp/v2/tags/24594.json]
[herbnkathy.com/wp-content/uploads/2016/04/2016-04-16-12-04-24.jpg]
[herbnkathy.com/2017/03/20/an-amazing-trip-to-fort-morgan/index457f.html]
[herbnkathy.com/wp-content/uploads/2016/04/2016-04-16-12-04-24-150x150.jpg]
[herbnkathy.com/wp-content/uploads/2016/04/2016-04-16-12-01-10.jpg]
[herbnkathy.com/wp-content/uploads/2016/04/2016-04-16-12-01-10-150x150.jpg]
[herbnkathy.com/wp-content/uploads/2016/04/2016-04-16-11-55-59.jpg]
[herbnkathy.com/wp-content/uploads/2016/04/2016-04-16-11-55-59-150x150.jpg]
[herbnkathy.com/wp-content/uploads/2016/04/2016-04-16-11-55-22.jpg]
[herbnkathy.com/wp-content/uploads/2016/04/2016-04-16-11-55-22-150x150.jpg]
[herbnkathy.com/wp-content/uploads/2016/04/2016-04-16-11-51-27.jpg]
[herbnkathy.com/wp-content/uploads/2016/04/2016-04-16-11-51-27-150x150.jpg]
[herbnkathy.com/wp-content/uploads/2016/04/2016-04-16-11-05-40.jpg]
[herbnkathy.com/wp-content/uploads/2016/04/2016-04-16-11-05-40-150x150.jpg]
[herbnkathy.com/wp-content/uploads/2016/04/2016-04-16-10-27-36.jpg]
[herbnkathy.com/wp-content/uploads/2016/04/2016-04-16-10-27-36-150x150.jpg]
[herbnkathy.com/wp-content/uploads/2016/04/2016-04-16-10-27-19.jpg]
[herbnkathy.com/wp-content/uploads/2016/04/2016-04-16-10-27-19-150x150.jpg]
[herbnkathy.com/wp-content/uploads/2016/04/2016-04-15-19-13-49.jpg]
[herbnkathy.com/wp-content/uploads/2016/04/2016-04-15-19-13-49-150x150.jpg]
[herbnkathy.com/wp-content/uploads/2016/04/2016-04-15-19-13-281.jpg]
[herbnkathy.com/wp-content/uploads/2016/04/2016-04-15-19-13-281-150x150.jpg]
[herbnkathy.com/tag/beach/index.html]
[herbnkathy.com/tag/encinitas/index.html]
[herbnkathy.com/tag/fort-morgan/index.html]
[herbnkathy.com/wp-json/wp/v2/tags/554707332.json]
[herbnkathy.com/tag/ocean/index.html]
[herbnkathy.com/tag/fort-morgan/feed/index.html]
[herbnkathy.com/tag/mobile/index.html]
[herbnkathy.com/index7abd.html]
[herbnkathy.com/2019/03/18/where-were-heading-to-next/index64ab.html]
[herbnkathy.com/tag/mobile/feed/index.html]
[herbnkathy.com/2019/03/18/where-were-heading-to-next/index040c.html]
[herbnkathy.com/2019/03/18/where-were-heading-to-next/index2485.html]
[herbnkathy.com/2019/03/18/where-were-heading-to-next/indexb7c1.html]
[herbnkathy.com/2019/03/18/where-were-heading-to-next/indexa141.html]
[herbnkathy.com/2019/03/18/where-were-heading-to-next/indexaa8f.html]
[herbnkathy.com/2019/03/18/where-were-heading-to-next/index8190.html]
[herbnkathy.com/2019/03/18/where-were-heading-to-next/index5fa0.html]
[herbnkathy.com/index6fb5.html]
[herbnkathy.com/2019/12/09/working-with-historicorps-national-elk-refuge/index20b5.html]
[herbnkathy.com/2019/12/09/working-with-historicorps-national-elk-refuge/indexc833.html]
[herbnkathy.com/2019/12/09/working-with-historicorps-national-elk-refuge/index98af.html]
[herbnkathy.com/2019/12/09/working-with-historicorps-national-elk-refuge/indexb218.html]
[herbnkathy.com/indexa2ef.html]
[herbnkathy.com/2019/12/03/yellowstone/indexc07c.html]
[herbnkathy.com/2019/12/03/yellowstone/indexd030.html]
[herbnkathy.com/2019/12/03/yellowstone/indexbba9.html]
[herbnkathy.com/2019/12/03/yellowstone/index7e38.html]
[herbnkathy.com/2019/12/03/yellowstone/index19a3.html]
[herbnkathy.com/wp-json/wp/v2/tags/554707334.json]
[herbnkathy.com/2019/12/03/yellowstone/indexa343.html]
[herbnkathy.com/index8a86.html]
[herbnkathy.com/2017/02/23/architecture-meets-ecology-arcology-at-arcosanti/index19ed.html]
[herbnkathy.com/2017/02/23/architecture-meets-ecology-arcology-at-arcosanti/index37b6.html]
[herbnkathy.com/2017/02/23/architecture-meets-ecology-arcology-at-arcosanti/index77c0.html]
[herbnkathy.com/index1334.html]
[herbnkathy.com/2019/05/08/so-just-what-is-fort-peck/indexc7f3.html]
[herbnkathy.com/2019/05/08/so-just-what-is-fort-peck/index74bc.html]
[herbnkathy.com/2019/05/08/so-just-what-is-fort-peck/indexe9da.html]
[herbnkathy.com/2019/05/08/so-just-what-is-fort-peck/index6f2c.html]
[herbnkathy.com/indexc71d.html]
[herbnkathy.com/2019/02/11/how-do-they-make-those/indexb451.html]
[herbnkathy.com/2019/02/11/how-do-they-make-those/index1088.html]
[herbnkathy.com/index6fd7.html]
[herbnkathy.com/2019/02/02/a-great-time-in-quartzsite-mostly/index27e8.html]
[herbnkathy.com/2019/02/02/a-great-time-in-quartzsite-mostly/index6c49.html]
[herbnkathy.com/index2780-2.html]
[herbnkathy.com/2019/01/03/the-magnificent-saguaro-cactus/index9f02.html]
[herbnkathy.com/2019/01/03/the-magnificent-saguaro-cactus/index802f.html]
[herbnkathy.com/indexb231.html]
[herbnkathy.com/category/camping/page/3/index.html]
[herbnkathy.com/index9a31.html]
[herbnkathy.com/2021/04/10/settling-in-at-dale-hollow/index37ff.html]
[herbnkathy.com/2021/04/10/settling-in-at-dale-hollow/index7bb4.html]
[herbnkathy.com/index9420.html]
[herbnkathy.com/indexcd15.html]
[herbnkathy.com/index7f59.html]
[herbnkathy.com/index0658.html]
[herbnkathy.com/index7f17.html]
[herbnkathy.com/2019/07/16/our-visit-to-deadwood-and-lead/index6950.html]
[herbnkathy.com/2019/07/16/our-visit-to-deadwood-and-lead/index75f6.html]
[herbnkathy.com/category/camping/page/4/index.html]
[herbnkathy.com/wp-json/oembed/1.0/embedb605.json]
[herbnkathy.com/2016/11/23/herbirding-and-kathy-too/feed/index.html]
[herbnkathy.com/wp-json/oembed/1.0/embed152c]
[herbnkathy.com/2016/11/23/herbirding-and-kathy-too/index.html]
[herbnkathy.com/wp-json/wp/v2/posts/2371.json]
[herbnkathy.com/tag/audubon/index.html]
[herbnkathy.com/wp-json/wp/v2/tags/772913.json]
[herbnkathy.com/tag/audubon/feed/index.html]
[herbnkathy.com/tag/cornville/index.html]
[herbnkathy.com/wp-json/wp/v2/tags/11791942.json]
[herbnkathy.com/tag/cornville/feed/index.html]
[herbnkathy.com/tag/page-springs/index.html]
[herbnkathy.com/indexaf56.html]
[herbnkathy.com/2019/09/01/bike-week-at-sturgis/index8aab.html]
[herbnkathy.com/2019/09/01/bike-week-at-sturgis/index1233.html]
[herbnkathy.com/index626e.html]
[herbnkathy.com/2021/04/06/a-cabelas-overnighter/indexf2ed.html]
[herbnkathy.com/2021/04/06/a-cabelas-overnighter/indexe592.html]
[herbnkathy.com/2021/04/06/a-cabelas-overnighter/indexd2ff.html]
[herbnkathy.com/2021/04/06/a-cabelas-overnighter/index07eb.html]
[herbnkathy.com/2021/04/06/a-cabelas-overnighter/index00bd.html]
[herbnkathy.com/2021/04/06/a-cabelas-overnighter/index5afe.html]
[herbnkathy.com/tag/camping/page/3/index.html]
[herbnkathy.com/index3f83.html]
[herbnkathy.com/index5ce3.html]
[herbnkathy.com/category/volunteering/page/3/index.html]
[herbnkathy.com/indexd9bb.html]
[herbnkathy.com/wp-json/wp/v2/tags/13216142.json]
[herbnkathy.com/tag/page-springs/feed/index.html]
[herbnkathy.com/wp-json/oembed/1.0/embed3e14.json]
[herbnkathy.com/2018/09/16/its-the-people-that-make-the-difference/feed/index.html]
[herbnkathy.com/wp-json/oembed/1.0/embedca27]
[herbnkathy.com/wp-json/wp/v2/posts/4994.json]
[herbnkathy.com/wp-content/uploads/2018/09/20180914_1746487568544680279382964.jpg]
[herbnkathy.com/wp-content/uploads/2018/09/03pcb44780293427867728080..jpg]
[secure.gravatar.com/avatar/15e2cf727620ef78a43117f8161243ee40c41c1bc5815212db04773cdc0d200aa8ba.jpeg]
[herbnkathy.com/2018/09/16/its-the-people-that-make-the-difference/index.html]
[herbnkathy.com/2018/09/25/tinkertown-what-the-heck-is-that/index6edb.html]
[herbnkathy.com/2018/09/25/tinkertown-what-the-heck-is-that/index6244.html]
[herbnkathy.com/index495c.html]
[herbnkathy.com/2017/12/06/wow-what-a-blast-friends-weve-seen-along-the-way/indexa1d4.html]
[herbnkathy.com/2017/12/06/wow-what-a-blast-friends-weve-seen-along-the-way/index8af3.html]
[herbnkathy.com/2017/12/06/wow-what-a-blast-friends-weve-seen-along-the-way/indexe6fc.html]
[herbnkathy.com/2017/12/06/wow-what-a-blast-friends-weve-seen-along-the-way/index461a.html]
[herbnkathy.com/index0c28.html]
[herbnkathy.com/2017/07/01/honoring-our-veterans-at-the-park-2/indexe953.html]
[herbnkathy.com/2018/09/16/its-the-people-that-make-the-difference/index384b.html]
[herbnkathy.com/2018/09/16/its-the-people-that-make-the-difference/index8245.html]
[herbnkathy.com/2018/09/16/its-the-people-that-make-the-difference/index7918.html]
[herbnkathy.com/2018/09/16/its-the-people-that-make-the-difference/indexd361.html]
[herbnkathy.com/tag/flag/feed/index.html]
[herbnkathy.com/tag/flag/index.html]
[herbnkathy.com/wp-json/wp/v2/tags/554707390.json]
[herbnkathy.com/tag/honoring/index.html]
[herbnkathy.com/wp-json/wp/v2/tags/554707392.json]
[herbnkathy.com/tag/honoring/feed/index.html]
[herbnkathy.com/tag/korea/index.html]
[herbnkathy.com/wp-json/wp/v2/tags/554707394.json]
[herbnkathy.com/tag/korea/feed/index.html]
[herbnkathy.com/tag/memorial-day/index.html]
[herbnkathy.com/wp-json/wp/v2/tags/554707396.json]
[herbnkathy.com/tag/memorial-day/feed/index.html]
[herbnkathy.com/tag/veteran/index.html]
[herbnkathy.com/wp-json/wp/v2/tags/554707391.json]
[herbnkathy.com/tag/veteran/feed/index.html]
[herbnkathy.com/tag/vietman/index.html]
[herbnkathy.com/wp-json/wp/v2/tags/554707393.json]
[herbnkathy.com/tag/ww-ii/index.html]
[herbnkathy.com/wp-json/wp/v2/tags/554707395.json]
[herbnkathy.com/tag/vietman/feed/index.html]
[herbnkathy.com/tag/ww-ii/feed/index.html]
[herbnkathy.com/tag/bill-lee/index.html]
[herbnkathy.com/wp-json/wp/v2/tags/554707382.json]
[herbnkathy.com/tag/bill-lee/feed/index.html]
[herbnkathy.com/tag/dui/index.html]
[herbnkathy.com/wp-json/wp/v2/tags/554707380.json]
[herbnkathy.com/tag/dui/feed/index.html]
[herbnkathy.com/tag/pm-oaks/index.html]
[herbnkathy.com/indexdf65.html]
[herbnkathy.com/indexcaca.html]
[herbnkathy.com/wp-json/wp/v2/tags/554707381.json]
[herbnkathy.com/tag/pm-oaks/feed/index.html]
[herbnkathy.com/wp-json/oembed/1.0/embed299d.json]
[herbnkathy.com/wp-json/oembed/1.0/embed6b33]
[herbnkathy.com/2017/03/29/a-beautiful-day-in-a-beautiful-state-park/feed/index.html]
[herbnkathy.com/wp-json/wp/v2/posts/3610.json]
[herbnkathy.com/wp-content/uploads/2017/03/2017-03-29-11.44.17.jpg]
[herbnkathy.com/wp-content/uploads/2017/03/2017-03-29-11.44.17-1024x576.jpg]
[herbnkathy.com/wp-content/uploads/2017/03/2017-03-29-11.44.00.jpg]
[herbnkathy.com/wp-content/uploads/2017/03/2017-03-29-11.44.00-1024x576.jpg]
[herbnkathy.com/wp-content/uploads/2017/03/2017-03-29-11.31.10.jpg]
[herbnkathy.com/wp-content/uploads/2017/03/2017-03-29-11.31.10-1024x576.jpg]
[herbnkathy.com/wp-content/uploads/2017/03/2017-03-29-11.27.26.jpg]
[herbnkathy.com/wp-content/uploads/2017/03/2017-03-29-11.27.26-1024x576.jpg]
[herbnkathy.com/wp-content/uploads/2017/03/2017-03-29-11.25.45.jpg]
[herbnkathy.com/wp-content/uploads/2017/03/2017-03-29-11.25.45-1024x576.jpg]
[herbnkathy.com/wp-content/uploads/2017/03/2017-03-29-10.54.55.jpg]
[herbnkathy.com/wp-content/uploads/2017/03/2017-03-29-10.54.55-1024x576.jpg]
[herbnkathy.com/wp-content/uploads/2017/03/2017-03-29-10.54.51.jpg]
[herbnkathy.com/wp-content/uploads/2017/03/2017-03-29-10.54.51-1024x576.jpg]
[herbnkathy.com/wp-content/uploads/2017/03/2017-03-29-10.52.23.jpg]
[herbnkathy.com/wp-content/uploads/2017/03/2017-03-29-10.52.23-1024x576.jpg]
[herbnkathy.com/wp-content/uploads/2017/03/2017-03-29-10.52.17.jpg]
[herbnkathy.com/wp-content/uploads/2017/03/2017-03-29-10.52.17-1024x576.jpg]
[herbnkathy.com/wp-content/uploads/2017/03/2017-03-29-12.06.54.jpg]
[herbnkathy.com/wp-content/uploads/2017/03/2017-03-29-12.06.54-1024x576.jpg]
[herbnkathy.com/wp-content/uploads/2017/03/2017-03-29-12.06.27.jpg]
[herbnkathy.com/wp-content/uploads/2017/03/2017-03-29-12.06.27-1024x576.jpg]
[herbnkathy.com/wp-content/uploads/2017/03/2017-03-29-16.23.36230a.mp4]
[herbnkathy.com/wp-content/uploads/2017/03/2017-03-29-16.23.36.mp4]
[herbnkathy.com/wp-content/uploads/2017/03/2017-03-29-13.07.23.jpg]
[herbnkathy.com/wp-content/uploads/2017/03/2017-03-29-13.07.23-1024x576.jpg]
[herbnkathy.com/wp-content/uploads/2017/03/2017-03-29-12.51.50.jpg]
[herbnkathy.com/wp-content/uploads/2017/03/2017-03-29-12.51.50-1024x576.jpg]
[herbnkathy.com/wp-content/uploads/2017/03/2017-03-29-12.51.40.jpg]
[herbnkathy.com/wp-content/uploads/2017/03/2017-03-29-12.51.40-1024x576.jpg]
[herbnkathy.com/wp-content/uploads/2017/03/2017-03-29-12.51.34.jpg]
[herbnkathy.com/wp-content/uploads/2017/03/2017-03-29-12.51.34-1024x576.jpg]
[herbnkathy.com/wp-content/uploads/2017/03/2017-03-29-12.50.42.jpg]
[herbnkathy.com/wp-content/uploads/2017/03/2017-03-29-12.50.42-1024x576.jpg]
[herbnkathy.com/wp-content/uploads/2017/03/2017-03-29-12.48.14.jpg]
[herbnkathy.com/wp-content/uploads/2017/03/2017-03-29-12.48.14-1024x576.jpg]
[herbnkathy.com/wp-content/uploads/2017/03/2017-03-29-12.45.40.jpg]
[herbnkathy.com/wp-content/uploads/2017/03/2017-03-29-12.45.40-1024x576.jpg]
[herbnkathy.com/wp-content/uploads/2017/03/2017-03-29-12.45.12.jpg]
[herbnkathy.com/wp-content/uploads/2017/03/2017-03-29-12.45.12-1024x576.jpg]
[herbnkathy.com/wp-content/uploads/2017/03/2017-03-29-12.45.05.jpg]
[herbnkathy.com/wp-content/uploads/2017/03/2017-03-29-12.45.05-1024x576.jpg]
[herbnkathy.com/wp-content/uploads/2017/03/2017-03-29-12.38.40.jpg]
[herbnkathy.com/wp-content/uploads/2017/03/2017-03-29-12.38.40-1024x576.jpg]
[herbnkathy.com/wp-content/uploads/2017/03/2017-03-29-12.38.25.jpg]
[herbnkathy.com/wp-content/uploads/2017/03/2017-03-29-12.38.25-1024x576.jpg]
[herbnkathy.com/wp-content/uploads/2017/03/2017-03-29-12.25.59.jpg]
[herbnkathy.com/wp-content/uploads/2017/03/2017-03-29-12.25.59-1024x576.jpg]
[herbnkathy.com/wp-content/uploads/2017/03/2017-03-29-12.20.59.jpg]
[herbnkathy.com/wp-content/uploads/2017/03/2017-03-29-12.20.59-1024x576.jpg]
[herbnkathy.com/wp-content/uploads/2017/03/2017-03-29-12.17.29.jpg]
[herbnkathy.com/wp-content/uploads/2017/03/2017-03-29-12.17.29-1024x576.jpg]
[herbnkathy.com/wp-content/uploads/2017/03/2017-03-29-12.16.52.jpg]
[herbnkathy.com/wp-content/uploads/2017/03/2017-03-29-12.16.52-1024x576.jpg]
[herbnkathy.com/wp-content/uploads/2017/03/2017-03-29-16.33.02.jpg]
[herbnkathy.com/wp-content/uploads/2017/03/2017-03-29-16.33.02-1024x576.jpg]
[herbnkathy.com/wp-content/uploads/2017/03/2017-03-29-16.46.33.jpg]
[herbnkathy.com/wp-content/uploads/2017/03/2017-03-29-16.46.33-1024x576.jpg]
[herbnkathy.com/2017/03/29/a-beautiful-day-in-a-beautiful-state-park/index.html]
[herbnkathy.com/2017/05/02/first-day-in-michigan-proud-lake-recreation-area/indexfbe0.html]
[herbnkathy.com/2017/05/02/first-day-in-michigan-proud-lake-recreation-area/index31b8.html]
[herbnkathy.com/tag/heiskell/index.html]
[herbnkathy.com/tag/knoxville/index.html]
[herbnkathy.com/2017/05/02/first-day-in-michigan-proud-lake-recreation-area/index1679.html]
[herbnkathy.com/tag/norris-dam/index.html]
[herbnkathy.com/tag/raccoon-valley/index.html]
[herbnkathy.com/tag/tennessee/index.html]
[herbnkathy.com/wp-json/oembed/1.0/embedd115.json]
[herbnkathy.com/2016/12/19/rv-sewer-hose-installation-and-tank-flushing-tips/feed/index.html]
[herbnkathy.com/wp-json/oembed/1.0/embed516e]
[herbnkathy.com/2016/12/19/rv-sewer-hose-installation-and-tank-flushing-tips/index.html]
[herbnkathy.com/wp-json/wp/v2/posts/2627.json]
[herbnkathy.com/tag/sewer/index.html]
[herbnkathy.com/wp-json/wp/v2/tags/453567.json]
[herbnkathy.com/tag/sewer/feed/index.html]
[herbnkathy.com/tag/sewer-hose/index.html]
[herbnkathy.com/index520e.html]
[herbnkathy.com/2019/04/11/camping-at-school/index0987.html]
[herbnkathy.com/2019/04/11/camping-at-school/index0c0b.html]
[herbnkathy.com/2019/04/11/camping-at-school/index148c.html]
[herbnkathy.com/2019/04/11/camping-at-school/indexeae2.html]
[herbnkathy.com/page/4/index.html]
[herbnkathy.com/indexdca8.html]
[herbnkathy.com/2018/08/31/storm-came-through-our-park-video/indexb3d4.html]
[herbnkathy.com/2018/08/31/storm-came-through-our-park-video/indexe9d8.html]
[herbnkathy.com/2018/08/31/storm-came-through-our-park-video/indexed6e.html]
[herbnkathy.com/2018/08/31/storm-came-through-our-park-video/index4540.html]
[herbnkathy.com/wp-json/wp/v2/tags/7643427.json]
[herbnkathy.com/page/5/index.html]
[herbnkathy.com/tag/sewer-hose/feed/index.html]
[herbnkathy.com/tag/gardens/feed/index.html]
[herbnkathy.com/tag/gardens/index.html]
[herbnkathy.com/wp-json/wp/v2/tags/117572.json]
[herbnkathy.com/tag/umbrella/index.html]
[herbnkathy.com/wp-json/wp/v2/tags/217937.json]
[herbnkathy.com/tag/umbrella/feed/index.html]
[herbnkathy.com/wp-json/oembed/1.0/embedba04.json]
[herbnkathy.com/2016/04/04/the-wind-patoka-lake-state-park/feed/index.html]
[herbnkathy.com/wp-json/oembed/1.0/embedb358]
[herbnkathy.com/2016/04/04/the-wind-patoka-lake-state-park/index.html]
[herbnkathy.com/wp-json/wp/v2/posts/364.json]
[herbnkathy.com/tag/indiana/index.html]
[herbnkathy.com/wp-json/wp/v2/tags/35717.json]
[herbnkathy.com/2016/04/04/the-wind-patoka-lake-state-park/index2320.html]
[herbnkathy.com/tag/indiana/feed/index.html]
[herbnkathy.com/tag/patoka-lake/index.html]
[herbnkathy.com/index68a1.html]
[herbnkathy.com/wp-json/wp/v2/tags/10018121.json]
[herbnkathy.com/tag/patoka-lake/feed/index.html]
[herbnkathy.com/wp-json/oembed/1.0/embede754.json]
[herbnkathy.com/2018/07/01/we-love-our-motorhome-but/feed/index.html]
[herbnkathy.com/wp-json/oembed/1.0/embedf5f6]
[herbnkathy.com/wp-json/wp/v2/posts/4868.json]
[herbnkathy.com/wp-content/uploads/2018/06/2016-04-22-09.17.28.jpg]
[herbnkathy.com/wp-content/uploads/2018/06/2016-04-22-09.17.28-150x150.jpg]
[herbnkathy.com/wp-content/uploads/2018/06/Door-June-2018.jpg]
[herbnkathy.com/wp-content/uploads/2018/07/2018-06-27-17.06.09.jpg]
[herbnkathy.com/wp-content/uploads/2018/07/2018-06-27-17.06.09-300x169.jpg]
[herbnkathy.com/wp-content/uploads/2018/06/2018-06-22-09.29.38.jpg]
[herbnkathy.com/wp-content/uploads/2018/06/2018-06-25-15.28.12.jpg]
[herbnkathy.com/wp-content/uploads/2018/06/2018-06-25-15.28.12-e1530133169429-169x300.jpg]
[herbnkathy.com/2018/07/01/we-love-our-motorhome-but/index.html]
[herbnkathy.com/index7f0e.html]
[herbnkathy.com/2017/09/23/rv-park-review-pere-marquette-oaks-rv-condo-resort-michigan/indexbe21.html]
[herbnkathy.com/index276a.html]
[herbnkathy.com/wp-json/oembed/1.0/embeda5d2.json]
[herbnkathy.com/2016/11/17/old-country-inn-pizza-to-die-for/feed/index.html]
[herbnkathy.com/wp-json/oembed/1.0/embed24bc]
[herbnkathy.com/wp-json/wp/v2/posts/2279.json]
[secure.gravatar.com/avatar/3c034100096d0742b47395361d7be5a78f4dc5e4d5ff401b3726cd12afb239c5a8ba.png]
[herbnkathy.com/2016/11/17/old-country-inn-pizza-to-die-for/index.html]
[herbnkathy.com/2016/11/20/so-just-what-is-workamping-anyway/index10e6.html]
[herbnkathy.com/2016/11/20/so-just-what-is-workamping-anyway/index4c69.html]
[herbnkathy.com/2016/11/20/so-just-what-is-workamping-anyway/index6b9a.html]
[herbnkathy.com/index9555.html]
[herbnkathy.com/2017/05/26/our-first-official-week-on-the-job/indexaf71.html]
[herbnkathy.com/2017/05/26/our-first-official-week-on-the-job/indexf03b.html]
[herbnkathy.com/2017/05/26/our-first-official-week-on-the-job/index51fc.html]
[herbnkathy.com/2017/05/26/our-first-official-week-on-the-job/index8351.html]
[herbnkathy.com/2017/05/26/our-first-official-week-on-the-job/indexc771.html]
[herbnkathy.com/2017/05/26/our-first-official-week-on-the-job/indexd051.html]
[herbnkathy.com/index5e1c.html]
[herbnkathy.com/index1596.html]
[herbnkathy.com/index2f10.html]
[herbnkathy.com/2016/11/17/old-country-inn-pizza-to-die-for/index4a14.html]
[herbnkathy.com/wp-json/oembed/1.0/embed31fe.json]
[herbnkathy.com/2016/05/04/the-numbers-final-count/feed/index.html]
[herbnkathy.com/wp-json/oembed/1.0/embedac8a]
[herbnkathy.com/wp-json/wp/v2/posts/1121.json]
[secure.gravatar.com/avatar/ac9c29a8cdebe32703be78ab4f004447c8271dda17abbbd33d5eb75a0f4949b1a8ba.png]
[herbnkathy.com/2016/05/04/the-numbers-final-count/index.html]
[herbnkathy.com/wp-json/oembed/1.0/embed2786.json]
[herbnkathy.com/2016/05/04/the-numbers-final-count/indexb621.html]
[herbnkathy.com/2016/09/12/we-finally-made-it-out-of-ohio/feed/index.html]
[herbnkathy.com/wp-json/oembed/1.0/embed639c]
[herbnkathy.com/2016/09/12/we-finally-made-it-out-of-ohio/index.html]
[herbnkathy.com/wp-json/wp/v2/posts/1588.json]
[herbnkathy.com/wp-json/oembed/1.0/embed92e8.json]
[herbnkathy.com/2016/09/12/we-finally-made-it-out-of-ohio/indexf0f0.html]
[herbnkathy.com/2016/09/12/we-finally-made-it-out-of-ohio/2016-09-07-10-34-01/feed/index.html]
[herbnkathy.com/wp-json/oembed/1.0/embedb076]
[herbnkathy.com/wp-json/wp/v2/media/1634.json]
[herbnkathy.com/wp-content/uploads/2016/09/2016-09-07-10-34-01-300x169.jpg]
[herbnkathy.com/2016/09/12/we-finally-made-it-out-of-ohio/2016-09-07-10-34-01/index.html]
[herbnkathy.com/wp-json/oembed/1.0/embed8181.json]
[herbnkathy.com/2016/09/12/we-finally-made-it-out-of-ohio/2016-09-07-10-35-01/feed/index.html]
[herbnkathy.com/wp-json/oembed/1.0/embed5767]
[herbnkathy.com/wp-json/wp/v2/media/1633.json]
[herbnkathy.com/wp-content/uploads/2016/09/2016-09-07-10-35-01-300x169.jpg]
[herbnkathy.com/2016/09/12/we-finally-made-it-out-of-ohio/2016-09-07-10-35-01/index.html]
[herbnkathy.com/wp-json/oembed/1.0/embede8fc.json]
[herbnkathy.com/2016/09/12/we-finally-made-it-out-of-ohio/2016-09-07-10-35-14/feed/index.html]
[herbnkathy.com/wp-json/oembed/1.0/embed5885]
[herbnkathy.com/wp-json/wp/v2/media/1632.json]
[herbnkathy.com/wp-content/uploads/2016/09/2016-09-07-10-35-14-300x169.jpg]
[herbnkathy.com/2016/09/12/we-finally-made-it-out-of-ohio/2016-09-07-10-35-14/index.html]
[herbnkathy.com/wp-json/oembed/1.0/embedfb45.json]
[herbnkathy.com/2016/09/06/tire-trials-and-tribulations/2016-09-06-10-33-15/feed/index.html]
[herbnkathy.com/wp-json/oembed/1.0/embeda6e5]
[herbnkathy.com/wp-json/wp/v2/media/1569.json]
[herbnkathy.com/wp-content/uploads/2016/09/2016-09-06-10-33-15-300x169.jpg]
[herbnkathy.com/2016/09/06/tire-trials-and-tribulations/2016-09-06-10-33-15/index.html]
[herbnkathy.com/wp-json/oembed/1.0/embedfab1.json]
[herbnkathy.com/2016/09/06/tire-trials-and-tribulations/2016-09-06-12-18-39/feed/index.html]
[herbnkathy.com/wp-json/oembed/1.0/embed9f26]
[herbnkathy.com/wp-json/wp/v2/media/1568.json]
[herbnkathy.com/wp-content/uploads/2016/09/2016-09-06-12-18-39-300x169.jpg]
[herbnkathy.com/2016/09/06/tire-trials-and-tribulations/2016-09-06-12-18-39/index.html]
[herbnkathy.com/tag/beads/index.html]
[herbnkathy.com/wp-json/wp/v2/tags/17834.json]
[herbnkathy.com/tag/beads/feed/index.html]
[herbnkathy.com/wp-json/oembed/1.0/embed69a2.json]
[herbnkathy.com/wp-json/oembed/1.0/embed5536]
[herbnkathy.com/2016/09/06/tire-trials-and-tribulations/feed/index.html]
[herbnkathy.com/wp-json/wp/v2/posts/1550.json]
[secure.gravatar.com/avatar/710812992cef2144370468f3723bc91795c413448df9502f96f9358062a5a564a8ba.png]
[herbnkathy.com/2016/09/06/tire-trials-and-tribulations/index.html]
[herbnkathy.com/tag/tpms/index.html]
[herbnkathy.com/index98a7.html]
[herbnkathy.com/indexb33b.html]
[herbnkathy.com/2017/01/18/getting-ready-for-quartzsite/index4106.html]
[herbnkathy.com/2017/01/18/getting-ready-for-quartzsite/index32cf.html]
[herbnkathy.com/indexcd66.html]
[herbnkathy.com/indexb726.html]
[herbnkathy.com/indexec9a.html]
[herbnkathy.com/wp-json/wp/v2/tags/6545175.json]
[herbnkathy.com/tag/tpms/feed/index.html]
[herbnkathy.com/2016/09/06/tire-trials-and-tribulations/index2e08.html]
[herbnkathy.com/wp-json/oembed/1.0/embed4081.json]
[herbnkathy.com/2016/04/24/friday-with-paul-sue-sedona/feed/index.html]
[herbnkathy.com/wp-json/oembed/1.0/embed1ba7]
[herbnkathy.com/wp-content/uploads/2016/04/2016-04-22-12-13-38.jpg]
[herbnkathy.com/wp-json/wp/v2/posts/952.json]
[herbnkathy.com/wp-content/uploads/2016/04/2016-04-22-12-13-38-150x150.jpg]
[herbnkathy.com/wp-content/uploads/2016/04/2016-04-22-16-00-40.jpg]
[herbnkathy.com/wp-content/uploads/2016/04/2016-04-22-16-00-40-150x150.jpg]
[herbnkathy.com/wp-content/uploads/2016/04/2016-04-22-15-33-18.jpg]
[herbnkathy.com/wp-content/uploads/2016/04/2016-04-22-15-33-18-150x150.jpg]
[herbnkathy.com/wp-content/uploads/2016/04/2016-04-22-15-36-06.jpg]
[herbnkathy.com/wp-content/uploads/2016/04/2016-04-22-15-36-06-150x150.jpg]
[herbnkathy.com/wp-content/uploads/2016/04/2016-04-22-14-28-44.jpg]
[herbnkathy.com/wp-content/uploads/2016/04/2016-04-22-14-28-44-150x150.jpg]
[herbnkathy.com/wp-content/uploads/2016/04/2016-04-22-15-50-44.jpg]
[herbnkathy.com/wp-content/uploads/2016/04/2016-04-22-15-50-44-150x150.jpg]
[herbnkathy.com/wp-content/uploads/2016/04/2016-04-22-16-00-26.jpg]
[herbnkathy.com/wp-content/uploads/2016/04/2016-04-22-16-00-26-150x150.jpg]
[herbnkathy.com/wp-content/uploads/2016/04/2016-04-22-16-00-32.jpg]
[herbnkathy.com/wp-content/uploads/2016/04/2016-04-22-16-00-32-150x150.jpg]
[herbnkathy.com/wp-content/uploads/2016/04/2016-04-22-14-01-07.jpg]
[herbnkathy.com/wp-content/uploads/2016/04/2016-04-22-14-01-07-150x150.jpg]
[herbnkathy.com/wp-content/uploads/2016/04/2016-04-22-15-44-35.jpg]
[herbnkathy.com/wp-content/uploads/2016/04/2016-04-22-15-44-35-150x150.jpg]
[herbnkathy.com/wp-content/uploads/2016/04/2016-04-22-15-34-34.jpg]
[herbnkathy.com/wp-content/uploads/2016/04/2016-04-22-15-34-34-150x150.jpg]
[herbnkathy.com/wp-content/uploads/2016/04/2016-04-22-15-37-12.jpg]
[herbnkathy.com/wp-content/uploads/2016/04/2016-04-22-15-37-12-150x150.jpg]
[herbnkathy.com/wp-content/uploads/2016/04/2016-04-22-15-37-25.jpg]
[herbnkathy.com/wp-content/uploads/2016/04/2016-04-22-15-37-25-150x150.jpg]
[herbnkathy.com/wp-content/uploads/2016/04/2016-04-22-14-08-30.jpg]
[herbnkathy.com/wp-content/uploads/2016/04/2016-04-22-14-08-30-150x150.jpg]
[herbnkathy.com/wp-content/uploads/2016/04/2016-04-22-13-41-03.jpg]
[herbnkathy.com/wp-content/uploads/2016/04/2016-04-22-13-41-03-150x150.jpg]
[herbnkathy.com/wp-content/uploads/2016/04/2016-04-22-15-44-28.jpg]
[herbnkathy.com/wp-content/uploads/2016/04/2016-04-22-15-44-28-150x150.jpg]
[herbnkathy.com/wp-content/uploads/2016/04/2016-04-22-14-41-30.jpg]
[herbnkathy.com/wp-content/uploads/2016/04/2016-04-22-14-41-30-150x150.jpg]
[herbnkathy.com/wp-content/uploads/2016/04/2016-04-22-15-34-28.jpg]
[herbnkathy.com/wp-content/uploads/2016/04/2016-04-22-15-34-28-150x150.jpg]
[herbnkathy.com/2016/04/24/friday-with-paul-sue-sedona/index.html]
[herbnkathy.com/index4aec.html]
[herbnkathy.com/tag/boots/index.html]
[herbnkathy.com/wp-json/wp/v2/tags/18893.json]
[herbnkathy.com/tag/red-rock/index.html]
[herbnkathy.com/tag/chapel/index.html]
[herbnkathy.com/tag/sedona/index.html]
[herbnkathy.com/tag/boots/feed/index.html]
[herbnkathy.com/tag/hats/index.html]
[herbnkathy.com/wp-json/wp/v2/tags/38335.json]
[herbnkathy.com/tag/hats/feed/index.html]
[herbnkathy.com/tag/leather/index.html]
[herbnkathy.com/wp-json/wp/v2/tags/31992.json]
[herbnkathy.com/tag/leather/feed/index.html]
[herbnkathy.com/tag/saddles/index.html]
[herbnkathy.com/indexc641.html]
[herbnkathy.com/wp-json/wp/v2/tags/1821395.json]
[herbnkathy.com/tag/saddles/feed/index.html]
[herbnkathy.com/wp-json/oembed/1.0/embedba4a.json]
[herbnkathy.com/2016/12/15/wait-back-up/feed/index.html]
[herbnkathy.com/wp-json/oembed/1.0/embed7c1d]
[herbnkathy.com/2016/12/15/wait-back-up/index.html]
[herbnkathy.com/wp-json/wp/v2/posts/2569.json]
[herbnkathy.com/tag/lavender/index.html]
[herbnkathy.com/wp-json/wp/v2/tags/132987.json]
[herbnkathy.com/tag/lavender/feed/index.html]
[herbnkathy.com/tag/lowell/index.html]
[herbnkathy.com/wp-json/wp/v2/tags/75975.json]
[herbnkathy.com/tag/lowell/feed/index.html]
[herbnkathy.com/wp-json/oembed/1.0/embedecd1.json]
[herbnkathy.com/2016/12/15/i-forgot-about-bisbee-douglas/feed/index.html]
[herbnkathy.com/wp-json/oembed/1.0/embeda366]
[herbnkathy.com/wp-json/wp/v2/posts/2535.json]
[herbnkathy.com/2016/12/15/i-forgot-about-bisbee-douglas/index.html]
[herbnkathy.com/wp-json/wp/v2/tags/489258.json]
[herbnkathy.com/tag/bisbee/feed/index.html]
[herbnkathy.com/tag/bisbee/index.html]
[herbnkathy.com/wp-json/wp/v2/tags/93273.json]
[herbnkathy.com/tag/silver/feed/index.html]
[herbnkathy.com/tag/silver/index.html]
[herbnkathy.com/tag/copper-mining/index.html]
[herbnkathy.com/wp-json/wp/v2/tags/2928210.json]
[herbnkathy.com/tag/copper-mining/feed/index.html]
[herbnkathy.com/tag/queen-mine/index.html]
[herbnkathy.com/wp-json/wp/v2/tags/50616638.json]
[herbnkathy.com/tag/tombstone/index.html]
[herbnkathy.com/wp-json/wp/v2/tags/447938.json]
[herbnkathy.com/tag/queen-mine/feed/index.html]
[herbnkathy.com/tag/tombstone/feed/index.html]
[herbnkathy.com/tag/wyatt-earp/index.html]
[herbnkathy.com/wp-json/wp/v2/tags/627765.json]
[herbnkathy.com/wp-json/oembed/1.0/embed0d88.json]
[herbnkathy.com/tag/wyatt-earp/feed/index.html]
[herbnkathy.com/wp-json/oembed/1.0/embed0021]
[herbnkathy.com/2016/10/04/riding-the-verde-canyon-railroad/feed/index.html]
[herbnkathy.com/wp-json/wp/v2/posts/1949.json]
[herbnkathy.com/2016/10/04/riding-the-verde-canyon-railroad/index.html]
[herbnkathy.com/indexf220.html]
[herbnkathy.com/wp-json/oembed/1.0/embed194d.json]
[herbnkathy.com/2016/10/04/riding-the-verde-canyon-railroad/index8009.html]
[herbnkathy.com/wp-json/oembed/1.0/embedfa66]
[herbnkathy.com/2016/10/20/please-dont-jump-its-not-that-bad/feed/index.html]
[herbnkathy.com/wp-json/wp/v2/posts/2163.json]
[herbnkathy.com/wp-content/uploads/2016/10/2016-10-17-15-12-07-150x150.jpg]
[herbnkathy.com/wp-content/uploads/2016/10/2016-10-17-15-36-17.jpg]
[herbnkathy.com/wp-content/uploads/2016/10/2016-10-17-15-36-17-150x150.jpg]
[herbnkathy.com/wp-content/uploads/2016/10/2016-10-17-15-36-36.jpg]
[herbnkathy.com/wp-content/uploads/2016/10/2016-10-17-15-36-36-150x150.jpg]
[herbnkathy.com/wp-content/uploads/2016/10/2016-10-17-15-36-56.jpg]
[herbnkathy.com/wp-content/uploads/2016/10/2016-10-17-15-36-56-150x150.jpg]
[herbnkathy.com/wp-content/uploads/2016/10/2016-10-17-15-58-38.jpg]
[herbnkathy.com/wp-content/uploads/2016/10/2016-10-17-15-58-38-150x150.jpg]
[herbnkathy.com/wp-content/uploads/2016/10/2016-10-17-16-00-37.jpg]
[herbnkathy.com/2016/10/20/please-dont-jump-its-not-that-bad/index.html]
[herbnkathy.com/index8a2d.html]
[herbnkathy.com/wp-content/uploads/2016/10/2016-10-17-16-00-37-150x150.jpg]
[herbnkathy.com/2016/09/16/happy-to-be-in-camp-verde/index6a51.html]
[herbnkathy.com/2016/09/16/happy-to-be-in-camp-verde/index0843.html]
[herbnkathy.com/2016/09/16/happy-to-be-in-camp-verde/indexaf49.html]
[herbnkathy.com/2016/09/16/happy-to-be-in-camp-verde/indexb147.html]
[herbnkathy.com/index64dd.html]
[herbnkathy.com/2019/03/27/ok-so-ill-chime-in/indexaecb.html]
[herbnkathy.com/2019/03/27/ok-so-ill-chime-in/indexa0fd.html]
[herbnkathy.com/2019/03/27/ok-so-ill-chime-in/index8a01.html]
[herbnkathy.com/2019/03/27/ok-so-ill-chime-in/indexab5f.html]
[herbnkathy.com/2019/03/27/ok-so-ill-chime-in/index1eec.html]
[herbnkathy.com/2019/03/27/ok-so-ill-chime-in/index003a.html]
[herbnkathy.com/tag/hang-gliding/index.html]
[herbnkathy.com/tag/mingus-mountain/index.html]
[herbnkathy.com/2016/10/20/please-dont-jump-its-not-that-bad/index6b2e.html]
[herbnkathy.com/wp-json/oembed/1.0/embeddef3.json]
[herbnkathy.com/2016/04/11/visiting-the-alamo-dale-miller/feed/index.html]
[herbnkathy.com/wp-json/oembed/1.0/embed3bf2]
[herbnkathy.com/2016/04/11/visiting-the-alamo-dale-miller/index.html]
[herbnkathy.com/wp-json/wp/v2/posts/600.json]
[herbnkathy.com/tag/alamo/index.html]
[herbnkathy.com/wp-json/wp/v2/tags/555305.json]
[herbnkathy.com/tag/alamo/feed/index.html]
[herbnkathy.com/tag/riverwalk/index.html]
[herbnkathy.com/indexa487.html]
[herbnkathy.com/index42c4.html]
[herbnkathy.com/2016/09/06/what-no-can-opener/index8410.html]
[herbnkathy.com/index6d2c.html]
[herbnkathy.com/wp-json/wp/v2/tags/1192622.json]
[herbnkathy.com/tag/riverwalk/feed/index.html]
[herbnkathy.com/wp-json/oembed/1.0/embeda048.json]
[herbnkathy.com/2016/04/24/our-route-home-by-may-1st/feed/index.html]
[herbnkathy.com/wp-json/oembed/1.0/embed2d92]
[herbnkathy.com/2016/04/24/our-route-home-by-may-1st/index.html]
[herbnkathy.com/wp-json/wp/v2/posts/1008.json]
[herbnkathy.com/wp-json/oembed/1.0/embedb017.json]
[herbnkathy.com/wp-json/oembed/1.0/embed1190]
[herbnkathy.com/tag/eastward-bound/index.html]
[herbnkathy.com/2016/04/26/amarillo-to-little-rock-tuesday/index.html]
[herbnkathy.com/index1227.html]
[herbnkathy.com/index4c94.html]
[herbnkathy.com/indexe75f.html]
[herbnkathy.com/wp-json/wp/v2/posts/1013.json]
[herbnkathy.com/2016/07/25/some-pictures-from-the-escapade/index129f.html]
[herbnkathy.com/index2610.html]
[herbnkathy.com/index3b28.html]
[herbnkathy.com/indexac9f.html]
[herbnkathy.com/2016/12/20/merry-christmas-from-herb-kathy/index640a.html]
[herbnkathy.com/2016/12/20/merry-christmas-from-herb-kathy/index8f35.html]
[herbnkathy.com/2016/12/20/merry-christmas-from-herb-kathy/indexe3f2.html]
[herbnkathy.com/2016/12/20/merry-christmas-from-herb-kathy/index9e40.html]
[herbnkathy.com/index8af0.html]
[herbnkathy.com/tag/map/index.html]
[herbnkathy.com/2016/04/24/our-route-home-by-may-1st/index5cd6.html]
[herbnkathy.com/2016/04/26/amarillo-to-little-rock-tuesday/feed/index.html]
[herbnkathy.com/2016/04/26/amarillo-to-little-rock-tuesday/index5785.html]
[herbnkathy.com/wp-json/oembed/1.0/embedac57.json]
[herbnkathy.com/2012/01/01/garetts-sword-fight/feed/index.html]
[herbnkathy.com/wp-json/oembed/1.0/embed4f61]
[herbnkathy.com/2012/01/01/garetts-sword-fight/index.html]
[herbnkathy.com/index9ca9.html]
[herbnkathy.com/index9fbb.html]
[herbnkathy.com/2016/12/01/how-well-is-our-fridge-working/index7c3f.html]
[herbnkathy.com/2016/12/01/how-well-is-our-fridge-working/index9ac4.html]
[herbnkathy.com/index3dfe.html]
[herbnkathy.com/2017/10/06/review-lake-vandalia-campground/index5972.html]
[herbnkathy.com/indexe0f7.html]
[herbnkathy.com/index089d.html]
[herbnkathy.com/indexd589.html]
[herbnkathy.com/index1d95.html]
[herbnkathy.com/index39c7.html]
[herbnkathy.com/index0078.html]
[herbnkathy.com/indexacdf.html]
[herbnkathy.com/wp-json/wp/v2/posts/147.json]
[herbnkathy.com/tag/amarillo/index.html]
[herbnkathy.com/wp-json/wp/v2/tags/834892.json]
[herbnkathy.com/tag/amarillo/feed/index.html]
[herbnkathy.com/tag/grants/index.html]
[herbnkathy.com/index3f11.html]
[herbnkathy.com/wp-json/wp/v2/tags/132853.json]
[herbnkathy.com/tag/grants/feed/index.html]
[herbnkathy.com/wp-json/oembed/1.0/embed62bd.json]
[herbnkathy.com/2016/10/04/our-trip-to-ghostown-jerome/feed/index.html]
[herbnkathy.com/wp-json/oembed/1.0/embedf901]
[herbnkathy.com/wp-json/wp/v2/posts/1899.json]
[herbnkathy.com/wp-content/uploads/2016/09/2016-09-29-14-51-57.jpg]
[herbnkathy.com/wp-content/uploads/2016/09/2016-09-29-14-51-57-150x150.jpg]
[herbnkathy.com/wp-content/uploads/2016/09/2016-09-29-14-32-17.jpg]
[herbnkathy.com/wp-content/uploads/2016/09/2016-09-29-14-32-17-150x150.jpg]
[herbnkathy.com/wp-content/uploads/2016/09/2016-09-29-14-29-43.jpg]
[herbnkathy.com/wp-content/uploads/2016/09/2016-09-29-14-29-43-150x150.jpg]
[herbnkathy.com/wp-content/uploads/2016/09/2016-09-29-14-29-38.jpg]
[herbnkathy.com/wp-content/uploads/2016/09/2016-09-29-14-29-38-150x150.jpg]
[herbnkathy.com/wp-content/uploads/2016/09/2016-09-29-14-29-19.jpg]
[herbnkathy.com/wp-content/uploads/2016/09/2016-09-29-14-29-19-150x150.jpg]
[herbnkathy.com/wp-content/uploads/2016/09/2016-09-29-14-27-08.jpg]
[herbnkathy.com/wp-content/uploads/2016/09/2016-09-29-14-27-08-150x150.jpg]
[herbnkathy.com/wp-content/uploads/2016/09/2016-09-29-13-30-34.jpg]
[herbnkathy.com/wp-content/uploads/2016/09/2016-09-29-13-30-34-150x150.jpg]
[herbnkathy.com/2016/10/04/our-trip-to-ghostown-jerome/index.html]
[herbnkathy.com/indexed99.html]
[herbnkathy.com/2019/12/14/herbnkathy-solar-install/index1545.html]
[herbnkathy.com/2019/12/14/herbnkathy-solar-install/index3ade.html]
[herbnkathy.com/index237f.html]
[herbnkathy.com/index8a03.html]
[herbnkathy.com/2017/01/31/quartzfest-ham-radio-convention-in-the-sanoran-desert/indexba76.html]
[herbnkathy.com/2017/01/31/quartzfest-ham-radio-convention-in-the-sanoran-desert/indexcc4b.html]
[herbnkathy.com/2017/01/31/quartzfest-ham-radio-convention-in-the-sanoran-desert/index71ae.html]
[herbnkathy.com/index70cf.html]
[herbnkathy.com/index9033.html]
[herbnkathy.com/indexa5c4.html]
[herbnkathy.com/index7bc5.html]
[herbnkathy.com/2018/03/25/were-ready-for-something-different-whatll-it-be/indexb600.html]
[herbnkathy.com/2018/03/25/were-ready-for-something-different-whatll-it-be/index00b2.html]
[herbnkathy.com/2018/03/25/were-ready-for-something-different-whatll-it-be/index8a4a.html]
[herbnkathy.com/2018/03/25/were-ready-for-something-different-whatll-it-be/index62de.html]
[herbnkathy.com/2018/03/25/were-ready-for-something-different-whatll-it-be/index4cf3.html]
[herbnkathy.com/2018/03/25/were-ready-for-something-different-whatll-it-be/index7714.html]
[herbnkathy.com/indexbd08.html]
[herbnkathy.com/2018/10/20/volunteering-at-albuquerque-international-balloon-fiesta-aibf/index7f1f.html]
[herbnkathy.com/2018/10/20/volunteering-at-albuquerque-international-balloon-fiesta-aibf/index5b38.html]
[herbnkathy.com/2018/10/20/volunteering-at-albuquerque-international-balloon-fiesta-aibf/index1abf.html]
[herbnkathy.com/2018/10/20/volunteering-at-albuquerque-international-balloon-fiesta-aibf/index8e31.html]
[herbnkathy.com/2018/10/20/volunteering-at-albuquerque-international-balloon-fiesta-aibf/index4705.html]
[herbnkathy.com/indexd6c2.html]
[herbnkathy.com/2018/12/20/arizona-cotton-farm-tour/index987c.html]
[herbnkathy.com/2018/12/20/arizona-cotton-farm-tour/index17a4.html]
[herbnkathy.com/indexb984.html]
[herbnkathy.com/tag/haunted/index.html]
[herbnkathy.com/tag/jerome/index.html]
[herbnkathy.com/wp-json/oembed/1.0/embed77aa.json]
[herbnkathy.com/2017/03/19/not-a-place-wed-come-back-to/feed/index.html]
[herbnkathy.com/wp-json/oembed/1.0/embed9991]
[herbnkathy.com/wp-json/wp/v2/posts/3531.json]
[herbnkathy.com/wp-content/uploads/2017/03/2017-03-18-19.23.14-1-150x150.jpg]
[herbnkathy.com/wp-content/uploads/2017/03/2017-03-18-19.22.58-150x150.jpg]
[herbnkathy.com/wp-content/uploads/2017/03/2017-03-18-19.22.22-150x150.jpg]
[herbnkathy.com/wp-content/uploads/2017/03/2017-03-18-19.21.47-150x150.jpg]
[herbnkathy.com/wp-content/uploads/2017/03/2017-03-18-19.21.16-150x150.jpg]
[herbnkathy.com/wp-content/uploads/2017/03/2017-03-18-19.21.10-150x150.jpg]
[herbnkathy.com/wp-content/uploads/2017/03/2017-03-18-19.20.41-150x150.jpg]
[herbnkathy.com/2017/03/19/not-a-place-wed-come-back-to/index.html]
[herbnkathy.com/2017/03/18/a-little-gem-in-central-texas/index51f2.html]
[herbnkathy.com/index886c.html]
[herbnkathy.com/2017/03/19/not-a-place-wed-come-back-to/2017-03-18-19-23-14-2/index.html]
[herbnkathy.com/index7886.html]
[herbnkathy.com/2017/03/19/not-a-place-wed-come-back-to/2017-03-18-19-21-47/index.html]
[herbnkathy.com/2017/03/19/not-a-place-wed-come-back-to/2017-03-18-19-22-58/index.html]
[herbnkathy.com/2017/03/19/not-a-place-wed-come-back-to/2017-03-18-19-22-22/index.html]
[herbnkathy.com/index21d4.html]
[herbnkathy.com/2017/03/19/not-a-place-wed-come-back-to/2017-03-18-19-21-16/index.html]
[herbnkathy.com/index5856.html]
[herbnkathy.com/2017/03/28/familiar-faces-in-new-places/index20e7.html]
[herbnkathy.com/indexbc6e.html]
[herbnkathy.com/index5b31.html]
[herbnkathy.com/author/herbbaldwin/page/4/index.html]
[herbnkathy.com/index7eb7.html]
[herbnkathy.com/2019/12/10/bodie-california-ghost-town/index02d2.html]
[herbnkathy.com/2019/12/10/bodie-california-ghost-town/indexb39e.html]
[herbnkathy.com/2019/12/10/bodie-california-ghost-town/index1c6b.html]
[herbnkathy.com/2019/12/10/bodie-california-ghost-town/indexa3aa.html]
[herbnkathy.com/index2fa3.html]
[herbnkathy.com/2017/11/25/where-weve-been/index9b66.html]
[herbnkathy.com/2017/11/25/where-weve-been/index223d.html]
[herbnkathy.com/indexc200.html]
[herbnkathy.com/2016/11/22/amphibious-motor-home/indexfbcf.html]
[herbnkathy.com/index37c3.html]
[herbnkathy.com/indexe939.html]
[herbnkathy.com/2017/01/01/youre-going-to-do-what/index39ee.html]
[herbnkathy.com/2017/01/01/youre-going-to-do-what/indexc358.html]
[herbnkathy.com/2017/01/01/youre-going-to-do-what/index0bbd.html]
[herbnkathy.com/2017/01/01/youre-going-to-do-what/index3db2.html]
[herbnkathy.com/2017/01/01/youre-going-to-do-what/indexef25.html]
[herbnkathy.com/2017/01/01/youre-going-to-do-what/indexca59.html]
[herbnkathy.com/2017/01/01/youre-going-to-do-what/index1884.html]
[herbnkathy.com/2017/01/01/youre-going-to-do-what/index816f.html]
[herbnkathy.com/2017/01/01/youre-going-to-do-what/indexa518.html]
[herbnkathy.com/indexf66f.html]
[herbnkathy.com/2017/03/19/not-a-place-wed-come-back-to/2017-03-18-19-21-10/index.html]
[herbnkathy.com/2017/03/19/not-a-place-wed-come-back-to/2017-03-18-19-20-41/index.html]
[herbnkathy.com/tag/baton-rouge/index.html]
[herbnkathy.com/tag/punkin-lakeside/index.html]
[herbnkathy.com/2016/04/23/quilts-at-the-north-ranch/feed/index.html]
[herbnkathy.com/wp-json/oembed/1.0/embedd6b3.json]
[herbnkathy.com/wp-json/oembed/1.0/embed5a8f]
[herbnkathy.com/wp-json/wp/v2/posts/849.json]
[herbnkathy.com/wp-content/uploads/2016/04/2016-04-23-11-18-03.jpg]
[herbnkathy.com/wp-content/uploads/2016/04/2016-04-18-17-48-53-150x150.jpg]
[herbnkathy.com/wp-content/uploads/2016/04/2016-04-18-17-49-06-150x150.jpg]
[herbnkathy.com/wp-content/uploads/2016/04/2016-04-18-17-50-10-150x150.jpg]
[herbnkathy.com/2016/04/23/quilts-at-the-north-ranch/index.html]
[herbnkathy.com/indexdf1e.html]
[herbnkathy.com/wp-json/oembed/1.0/embedfc7d.json]
[herbnkathy.com/2017/06/01/how-to-get-rid-of-the-varmint/feed/index.html]
[herbnkathy.com/wp-json/oembed/1.0/embedd5eb]
[herbnkathy.com/2017/06/01/how-to-get-rid-of-the-varmint/index.html]
[herbnkathy.com/2017/05/31/they-certainly-know-how-to-party/indexa629.html]
[herbnkathy.com/2017/05/31/they-certainly-know-how-to-party/index4f67.html]
[herbnkathy.com/2017/05/31/they-certainly-know-how-to-party/index4c3e.html]
[herbnkathy.com/wp-json/wp/v2/posts/3733.json]
[herbnkathy.com/tag/old-country-inn/index.html]
[herbnkathy.com/wp-json/wp/v2/tags/14997919.json]
[herbnkathy.com/tag/old-country-inn/feed/index.html]
[herbnkathy.com/tag/pine/index.html]
[herbnkathy.com/index025e.html]
[herbnkathy.com/index3b34.html]
[herbnkathy.com/indexd095.html]
[herbnkathy.com/2017/01/10/and-now-for-the-rest-of-the-story/index21fc.html]
[herbnkathy.com/2017/01/10/and-now-for-the-rest-of-the-story/index78d9.html]
[herbnkathy.com/2017/01/10/and-now-for-the-rest-of-the-story/index749e.html]
[herbnkathy.com/2017/01/10/and-now-for-the-rest-of-the-story/index42c3.html]
[herbnkathy.com/2017/01/10/and-now-for-the-rest-of-the-story/index46e3.html]
[herbnkathy.com/2017/01/10/and-now-for-the-rest-of-the-story/index74ab.html]
[herbnkathy.com/index80ad.html]
[herbnkathy.com/indexa3d8.html]
[herbnkathy.com/indexc339.html]
[herbnkathy.com/index1de6.html]
[herbnkathy.com/index70ff.html]
[herbnkathy.com/index04cd.html]
[herbnkathy.com/tag/pine/feed/index.html]
[herbnkathy.com/wp-json/wp/v2/tags/89093.json]
[herbnkathy.com/wp-json/oembed/1.0/embed7e7e.json]
[herbnkathy.com/2011/09/23/back-and-forth/feed/index.html]
[herbnkathy.com/wp-json/oembed/1.0/embed96dc]
[herbnkathy.com/2011/09/23/back-and-forth/index.html]
[herbnkathy.com/wp-json/wp/v2/posts/44.json]
[herbnkathy.com/wp-json/oembed/1.0/embed6395.json]
[herbnkathy.com/wp-json/oembed/1.0/embed9120]
[herbnkathy.com/2011/11/22/thanksmisgiving/feed/index.html]
[herbnkathy.com/2011/11/22/thanksmisgiving/index.html]
[herbnkathy.com/index6a35.html]
[herbnkathy.com/wp-json/wp/v2/posts/116.json]
[herbnkathy.com/wp-json/oembed/1.0/embed7db0.json]
[herbnkathy.com/2016/04/06/low-water-alarm/feed/index.html]
[herbnkathy.com/wp-json/oembed/1.0/embed42d3]
[herbnkathy.com/2016/04/06/low-water-alarm/index.html]
[herbnkathy.com/wp-json/wp/v2/posts/435.json]
[herbnkathy.com/tag/bricktown/index.html]
[herbnkathy.com/wp-json/wp/v2/tags/5140011.json]
[herbnkathy.com/tag/bricktown/feed/index.html]
[herbnkathy.com/tag/okc/index.html]
[herbnkathy.com/wp-json/wp/v2/tags/994110.json]
[herbnkathy.com/tag/okc/feed/index.html]
[herbnkathy.com/tag/river-walk/index.html]
[herbnkathy.com/indexa1e2.html]
[herbnkathy.com/2016/04/09/fuse-pullings-a-pain/indexdefb.html]
[herbnkathy.com/2016/04/09/fuse-pullings-a-pain/indexec27.html]
[herbnkathy.com/indexc52d.html]
[herbnkathy.com/2016/09/05/readying-to-hit-the-road/index027c.html]
[herbnkathy.com/2016/09/05/readying-to-hit-the-road/index3171.html]
[herbnkathy.com/2016/09/05/readying-to-hit-the-road/index3ed4.html]
[herbnkathy.com/indexa2d4.html]
[herbnkathy.com/2017/01/10/honey-shouldnt-we-get-those-toad-brakes-installed/indexeb13.html]
[herbnkathy.com/2017/01/10/honey-shouldnt-we-get-those-toad-brakes-installed/indexd732.html]
[herbnkathy.com/wp-json/wp/v2/tags/1209751.json]
[herbnkathy.com/tag/river-walk/feed/index.html]
[herbnkathy.com/tag/air-bags/index.html]
[herbnkathy.com/tag/air-bags/feed/index.html]
[herbnkathy.com/wp-json/wp/v2/tags/554707523.json]
[herbnkathy.com/tag/anti-sway-bar/index.html]
[herbnkathy.com/wp-json/wp/v2/tags/554707521.json]
[herbnkathy.com/tag/bell-crank/index.html]
[herbnkathy.com/tag/anti-sway-bar/feed/index.html]
[herbnkathy.com/wp-json/wp/v2/tags/554707522.json]
[herbnkathy.com/tag/bell-crank/feed/index.html]
[herbnkathy.com/tag/motion-control-valves/index.html]
[herbnkathy.com/wp-json/wp/v2/tags/554707520.json]
[herbnkathy.com/tag/porposing/index.html]
[herbnkathy.com/tag/motion-control-valves/feed/index.html]
[herbnkathy.com/wp-json/wp/v2/tags/554707525.json]
[herbnkathy.com/tag/porposing/feed/index.html]
[herbnkathy.com/tag/rocking/index.html]
[herbnkathy.com/tag/rocking/feed/index.html]
[herbnkathy.com/wp-json/wp/v2/tags/554707524.json]
[herbnkathy.com/tag/safe-t-steer/index.html]
[herbnkathy.com/tag/safe-t-steer/feed/index.html]
[herbnkathy.com/wp-json/wp/v2/tags/554707518.json]
[herbnkathy.com/tag/steering-stabilizer/index.html]
[herbnkathy.com/tag/steering-stabilizer/feed/index.html]
[herbnkathy.com/wp-json/wp/v2/tags/554707519.json]
[herbnkathy.com/tag/super-steer/index.html]
[herbnkathy.com/indexdd01.html]
[herbnkathy.com/2016/03/21/now-its-the-brakes/index1dff.html]
[herbnkathy.com/index79e7.html]
[herbnkathy.com/tag/super-steer/feed/index.html]
[herbnkathy.com/wp-json/wp/v2/tags/554707517.json]
[herbnkathy.com/wp-json/oembed/1.0/embed3a08.json]
[herbnkathy.com/2020/12/12/herb-kathys-christmas-greeting/feed/index.html]
[herbnkathy.com/wp-json/oembed/1.0/embedb965]
[herbnkathy.com/wp-json/wp/v2/posts/7342.json]
[herbnkathy.com/wp-content/uploads/2020/12/IMG_20200124_180738.jpg]
[herbnkathy.com/wp-content/uploads/2020/12/IMG_20200124_182506.jpg]
[herbnkathy.com/wp-content/uploads/2020/12/GroupPhoto.jpg]
[herbnkathy.com/wp-content/uploads/2020/12/PANO_20200506_112532.jpg]
[herbnkathy.com/wp-content/uploads/2020/12/IMG_20200927_140453.jpg]
[herbnkathy.com/wp-content/uploads/2020/12/IMG_20201111_100055.jpg]
[herbnkathy.com/2020/12/12/herb-kathys-christmas-greeting/index.html]
[herbnkathy.com/2020/11/25/our-covid-thanksgiving/index9d80.html]
[herbnkathy.com/2020/11/25/our-covid-thanksgiving/indexb565.html]
[herbnkathy.com/indexf2ad.html]
[herbnkathy.com/2019/12/11/holiday-greetings-from-herb-kathy-on-the-road/index4cac.html]
[herbnkathy.com/2019/12/11/holiday-greetings-from-herb-kathy-on-the-road/indexd6d3.html]
[herbnkathy.com/wp-json/oembed/1.0/embed4016.json]
[herbnkathy.com/2018/09/15/repost-the-day-our-heartland-rv-left-us-homeless/feed/index.html]
[herbnkathy.com/wp-json/oembed/1.0/embed5320]
[herbnkathy.com/2018/09/15/repost-the-day-our-heartland-rv-left-us-homeless/index.html]
[herbnkathy.com/wp-json/wp/v2/posts/4992.json]
[herbnkathy.com/tag/animal/index.html]
[herbnkathy.com/wp-json/wp/v2/tags/554707386.json]
[herbnkathy.com/tag/chipmunk/index.html]
[herbnkathy.com/tag/animal/feed/index.html]
[herbnkathy.com/wp-json/wp/v2/tags/554707383.json]
[herbnkathy.com/tag/chipmunk/feed/index.html]
[herbnkathy.com/tag/drowning/index.html]
[herbnkathy.com/wp-json/wp/v2/tags/554707388.json]
[herbnkathy.com/tag/drowning/feed/index.html]
[herbnkathy.com/tag/pest/feed/index.html]
[herbnkathy.com/tag/pest/index.html]
[herbnkathy.com/wp-json/wp/v2/tags/554707385.json]
[herbnkathy.com/tag/poison/index.html]
[herbnkathy.com/wp-json/wp/v2/tags/554707387.json]
[herbnkathy.com/tag/poison/feed/index.html]
[herbnkathy.com/tag/varmint/index.html]
[herbnkathy.com/category/equipment/page/4/index.html]
[herbnkathy.com/index50e4.html]
[herbnkathy.com/wp-json/wp/v2/tags/554707384.json]
[herbnkathy.com/tag/varmint/feed/index.html]
[herbnkathy.com/wp-json/oembed/1.0/embedfc94.json]
[herbnkathy.com/2016/10/10/the-road-to-and-from-payson/feed/index.html]
[herbnkathy.com/wp-json/oembed/1.0/embed8e03]
[herbnkathy.com/2016/10/10/the-road-to-and-from-payson/index.html]
[herbnkathy.com/wp-json/wp/v2/posts/2011.json]
[herbnkathy.com/wp-json/oembed/1.0/embed06e6.json]
[herbnkathy.com/2016/10/10/the-road-to-and-from-payson/2016-10-05-12-37-16/feed/index.html]
[herbnkathy.com/wp-json/oembed/1.0/embedef73]
[herbnkathy.com/wp-json/wp/v2/media/2013.json]
[herbnkathy.com/wp-content/uploads/2016/10/2016-10-05-12-37-16-300x169.jpg]
[herbnkathy.com/2016/10/10/the-road-to-and-from-payson/2016-10-05-12-37-16/index.html]
[herbnkathy.com/wp-json/oembed/1.0/embed4434.json]
[herbnkathy.com/2016/10/10/the-road-to-and-from-payson/2016-10-05-12-39-47/feed/index.html]
[herbnkathy.com/wp-json/oembed/1.0/embedf4d8]
[herbnkathy.com/wp-json/wp/v2/media/2014.json]
[herbnkathy.com/wp-content/uploads/2016/10/2016-10-05-12-39-47-300x169.jpg]
[herbnkathy.com/2016/10/10/the-road-to-and-from-payson/2016-10-05-12-39-47/index.html]
[herbnkathy.com/wp-json/oembed/1.0/embed03f3.json]
[herbnkathy.com/feed/index8390.html]
[herbnkathy.com/wp-json/oembed/1.0/embede27e]
[herbnkathy.com/wp-json/wp/v2/media/2010.json]
[herbnkathy.com/wp-content/uploads/2016/10/2016-10-05-12-37-37-300x169.jpg]
[herbnkathy.com/2016-10-05-12-37-37/index.html]
[herbnkathy.com/wp-json/oembed/1.0/embed3289.json]
[herbnkathy.com/2016/10/10/the-road-to-and-from-payson/2016-10-05-13-27-59/feed/index.html]
[herbnkathy.com/wp-json/oembed/1.0/embedc949]
[herbnkathy.com/wp-json/wp/v2/media/2055.json]
[herbnkathy.com/wp-content/uploads/2016/10/2016-10-05-13-27-59-300x169.jpg]
[herbnkathy.com/2016/10/10/the-road-to-and-from-payson/2016-10-05-13-27-59/index.html]
[herbnkathy.com/wp-json/oembed/1.0/embed8339.json]
[herbnkathy.com/2016/10/10/the-road-to-and-from-payson/2016-10-05-13-27-56/feed/index.html]
[herbnkathy.com/wp-json/oembed/1.0/embed1013]
[herbnkathy.com/wp-json/wp/v2/media/2054.json]
[herbnkathy.com/wp-content/uploads/2016/10/2016-10-05-13-27-56-300x169.jpg]
[herbnkathy.com/2016/10/10/the-road-to-and-from-payson/2016-10-05-13-27-56/index.html]
[herbnkathy.com/wp-json/oembed/1.0/embed3b62.json]
[herbnkathy.com/2016/10/10/the-road-to-and-from-payson/2016-10-05-13-16-21/feed/index.html]
[herbnkathy.com/wp-json/oembed/1.0/embedcac5]
[herbnkathy.com/wp-json/wp/v2/media/2053.json]
[herbnkathy.com/wp-content/uploads/2016/10/2016-10-05-13-16-21-300x169.jpg]
[herbnkathy.com/2016/10/10/the-road-to-and-from-payson/2016-10-05-13-16-21/index.html]
[herbnkathy.com/tag/crash/index.html]
[herbnkathy.com/wp-json/wp/v2/tags/68015.json]
[herbnkathy.com/tag/crash/feed/index.html]
[herbnkathy.com/tag/natural-bridge/index.html]
[herbnkathy.com/wp-json/wp/v2/tags/2160507.json]
[herbnkathy.com/tag/natural-bridge/feed/index.html]
[herbnkathy.com/tag/tonto/index.html]
[herbnkathy.com/indexead8.html]
[herbnkathy.com/wp-json/wp/v2/tags/1126777.json]
[herbnkathy.com/tag/tonto/feed/index.html]
[herbnkathy.com/wp-json/oembed/1.0/embed0601.json]
[herbnkathy.com/2016/04/04/tow-bar-troubles-the-continuing-saga-of-our-trip-west/feed/index.html]
[herbnkathy.com/wp-json/oembed/1.0/embed268d]
[herbnkathy.com/2016/04/04/tow-bar-troubles-the-continuing-saga-of-our-trip-west/index.html]
[herbnkathy.com/wp-json/wp/v2/posts/382.json]
[herbnkathy.com/wp-json/oembed/1.0/embedb817.json]
[herbnkathy.com/2016/04/06/tow-bar-update/feed/index.html]
[herbnkathy.com/wp-json/oembed/1.0/embede83f]
[herbnkathy.com/2016/04/06/tow-bar-update/index.html]
[herbnkathy.com/2016/04/04/onondaga-cave-state-park-leasville-mo/index094c.html]
[herbnkathy.com/index28f2.html]
[herbnkathy.com/2016/10/16/can-you-see-it/index3e91.html]
[herbnkathy.com/2016/10/16/can-you-see-it/index4d29.html]
[herbnkathy.com/category/learning/page/4/index.html]
[herbnkathy.com/index2516.html]
[herbnkathy.com/index95d2.html]
[herbnkathy.com/2016/09/10/all-is-well-in-colorado/indexdb5d.html]
[herbnkathy.com/index3262.html]
[herbnkathy.com/indexd2ad.html]
[herbnkathy.com/indexba06.html]
[herbnkathy.com/index43d3.html]
[herbnkathy.com/wp-json/wp/v2/posts/405.json]
[herbnkathy.com/wp-json/oembed/1.0/embeda00a.json]
[herbnkathy.com/wp-json/oembed/1.0/embed5998]
[herbnkathy.com/2018/03/19/our-visit-to-the-orlando-hamcation/feed/index.html]
[herbnkathy.com/wp-json/wp/v2/posts/4575.json]
[herbnkathy.com/wp-content/uploads/2018/03/Quad-Antenna.jpg]
[herbnkathy.com/wp-content/uploads/2018/03/20180211_123031-300x169.jpg]
[herbnkathy.com/wp-content/uploads/2018/03/20180303_185837-300x169.jpg]
[herbnkathy.com/wp-content/uploads/2018/03/20180209_143141-300x169.jpg]
[herbnkathy.com/wp-content/uploads/2018/03/20180209_154134-300x169.jpg]
[herbnkathy.com/wp-content/uploads/2018/03/20180209_154139-300x169.jpg]
[herbnkathy.com/wp-content/uploads/2018/03/20180210_074028-300x169.jpg]
[herbnkathy.com/wp-content/uploads/2018/03/20180210_074329-300x169.jpg]
[herbnkathy.com/wp-content/uploads/2018/03/20180210_083056-300x169.jpg]
[herbnkathy.com/wp-content/uploads/2018/03/Resized_20180207_134052-300x169.jpg]
[herbnkathy.com/wp-content/uploads/2018/03/2018-02-09-07.47.19-300x169.jpg]
[herbnkathy.com/wp-content/uploads/2018/03/2018-02-09-07.47.28-300x169.jpg]
[herbnkathy.com/wp-content/uploads/2018/03/2018-02-09-07.50.48-300x169.jpg]
[herbnkathy.com/wp-content/uploads/2018/03/2018-02-09-07.51.15-300x169.jpg]
[herbnkathy.com/wp-content/uploads/2018/03/2018-02-09-07.52.02-300x169.jpg]
[herbnkathy.com/wp-content/uploads/2018/03/2018-02-09-15.41.34-300x169.jpg]
[herbnkathy.com/wp-content/uploads/2018/03/2018-02-09-15.41.38-300x169.jpg]
[herbnkathy.com/wp-content/uploads/2018/03/2018-02-10-07.49.47-300x169.jpg]
[herbnkathy.com/wp-content/uploads/2018/03/2018-02-10-08.31.12-300x169.jpg]
[herbnkathy.com/wp-content/uploads/2018/03/2018-02-10-13.59.40-300x169.jpg]
[herbnkathy.com/wp-content/uploads/2018/03/2018-02-11-08.50.03-300x169.jpg]
[herbnkathy.com/wp-content/uploads/2018/03/20180207_134052-300x169.jpg]
[herbnkathy.com/wp-content/uploads/2018/03/20180207_153213-300x169.jpg]
[herbnkathy.com/wp-content/uploads/2018/03/20180208_084206-300x169.jpg]
[herbnkathy.com/wp-content/uploads/2018/03/20180208_085838-300x169.jpg]
[herbnkathy.com/wp-content/uploads/2018/03/20180208_090304-300x169.jpg]
[herbnkathy.com/wp-content/uploads/2018/03/20180208_151153-300x169.jpg]
[herbnkathy.com/wp-content/uploads/2018/03/20180208_153231-300x169.jpg]
[herbnkathy.com/wp-content/uploads/2018/03/20180209_074719-300x169.jpg]
[herbnkathy.com/wp-content/uploads/2018/03/20180209_074728-300x169.jpg]
[herbnkathy.com/wp-content/uploads/2018/03/20180209_075049-300x169.jpg]
[herbnkathy.com/wp-content/uploads/2018/03/20180209_075115-300x169.jpg]
[herbnkathy.com/wp-content/uploads/2018/03/20180209_075202-300x169.jpg]
[herbnkathy.com/wp-content/uploads/2018/03/20180209_143141-1-300x169.jpg]
[herbnkathy.com/wp-content/uploads/2018/03/20180209_154134-1-300x169.jpg]
[herbnkathy.com/wp-content/uploads/2018/03/20180209_154139-1-300x169.jpg]
[herbnkathy.com/wp-content/uploads/2018/03/20180209_190328-300x169.jpg]
[herbnkathy.com/wp-content/uploads/2018/03/20180210_073817-300x169.jpg]
[herbnkathy.com/wp-content/uploads/2018/03/20180210_074028-1-300x169.jpg]
[herbnkathy.com/wp-content/uploads/2018/03/20180210_074329-1-300x169.jpg]
[herbnkathy.com/wp-content/uploads/2018/03/20180210_074939-300x169.jpg]
[herbnkathy.com/wp-content/uploads/2018/03/20180210_074947-300x169.jpg]
[herbnkathy.com/wp-content/uploads/2018/03/20180210_075021-300x169.jpg]
[herbnkathy.com/wp-content/uploads/2018/03/20180210_083056-1-300x169.jpg]
[herbnkathy.com/wp-content/uploads/2018/03/20180210_083112-300x169.jpg]
[herbnkathy.com/wp-content/uploads/2018/03/20180210_135940-300x169.jpg]
[herbnkathy.com/wp-content/uploads/2018/03/20180210_140019-300x169.jpg]
[herbnkathy.com/wp-content/uploads/2018/03/20180210_140043-300x169.jpg]
[herbnkathy.com/wp-content/uploads/2018/03/20180211_083556-300x169.jpg]
[herbnkathy.com/wp-content/uploads/2018/03/20180211_083604-300x169.jpg]
[herbnkathy.com/wp-content/uploads/2018/03/20180211_085003-300x169.jpg]
[herbnkathy.com/wp-content/uploads/2018/03/20180211_123031-1-300x169.jpg]
[herbnkathy.com/wp-content/uploads/2018/03/IMG953269-1-300x225.jpg]
[herbnkathy.com/wp-content/uploads/2018/03/IMG953312-1-300x225.jpg]
[herbnkathy.com/wp-content/uploads/2018/03/Resized_20180207_134052-1-300x169.jpg]
[herbnkathy.com/2018/03/19/our-visit-to-the-orlando-hamcation/index.html]
[herbnkathy.com/category/working/page/4/index.html]
[herbnkathy.com/index21a3.html]
[herbnkathy.com/2017/01/05/artisans-at-work-amazing/index24ba.html]
[herbnkathy.com/2017/01/05/artisans-at-work-amazing/indexc024.html]
[herbnkathy.com/2017/01/05/artisans-at-work-amazing/indexb993.html]
[herbnkathy.com/2017/01/05/artisans-at-work-amazing/index610f.html]
[herbnkathy.com/2017/01/05/artisans-at-work-amazing/index6994.html]
[herbnkathy.com/indexc9d1.html]
[herbnkathy.com/2016/04/09/those-pesky-little-things-and-big-fingers/index06b6.html]
[herbnkathy.com/2016/04/09/those-pesky-little-things-and-big-fingers/index7c98.html]
[herbnkathy.com/index0e1b.html]
[herbnkathy.com/2017/09/06/what-we-do-about-health-care/indexf61c.html]
[herbnkathy.com/2017/09/06/what-we-do-about-health-care/indexe543.html]
[herbnkathy.com/2017/09/06/what-we-do-about-health-care/indexba62.html]
[herbnkathy.com/tag/budget/index.html]
[herbnkathy.com/wp-json/wp/v2/tags/30207.json]
[herbnkathy.com/tag/budget/feed/index.html]
[herbnkathy.com/tag/daily-expense/feed/index.html]
[herbnkathy.com/tag/daily-expense/index.html]
[herbnkathy.com/index5e2b.html]
[herbnkathy.com/2017/12/23/merry-christmas/index7810.html]
[herbnkathy.com/2017/12/23/merry-christmas/indexfd0a.html]
[herbnkathy.com/2017/12/23/merry-christmas/index8ba8.html]
[herbnkathy.com/2017/12/23/merry-christmas/index1390.html]
[herbnkathy.com/wp-json/wp/v2/tags/15497127.json]
[herbnkathy.com/tag/stress/index.html]
[herbnkathy.com/indexb480.html]
[herbnkathy.com/wp-content/uploads/2016/07/2016-07-27-11-11-12.jpg]
[herbnkathy.com/wp-json/wp/v2/tags/2616.json]
[herbnkathy.com/wp-content/uploads/2016/07/2016-07-28-10-22-56.jpg]
[herbnkathy.com/tag/stress/feed/index.html]
[herbnkathy.com/wp-content/uploads/2016/08/2016-07-30-16-47-15-150x150.jpg]
[herbnkathy.com/wp-content/uploads/2016/08/2016-07-30-09-56-45-150x150.jpg]
[herbnkathy.com/wp-content/uploads/2016/08/2016-07-30-09-47-25-150x150.jpg]
[herbnkathy.com/wp-content/uploads/2016/08/2016-07-30-09-46-34-150x150.jpg]
[herbnkathy.com/wp-content/uploads/2016/08/2016-07-30-09-46-05-150x150.jpg]
[herbnkathy.com/wp-content/uploads/2016/08/2016-07-30-09-41-21-150x150.jpg]
[herbnkathy.com/wp-content/uploads/2016/08/2016-07-30-09-35-45-150x150.jpg]
[herbnkathy.com/category/family/page/4/index.html]
[herbnkathy.com/category/friends/page/4/index.html]
[herbnkathy.com/category/traveling/page/4/index.html]
[herbnkathy.com/indexd228.html]
[herbnkathy.com/indexe31a.html]
[herbnkathy.com/2016/12/11/our-trip-to-the-border/index544e.html]
[herbnkathy.com/2016/12/11/our-trip-to-the-border/index5eb7.html]
[herbnkathy.com/indexe1aa.html]
[herbnkathy.com/2019/05/02/rodeo-pool-cues-really/index3753.html]
[herbnkathy.com/2019/05/02/rodeo-pool-cues-really/index2b88.html]
[herbnkathy.com/2019/05/02/rodeo-pool-cues-really/index60b3.html]
[herbnkathy.com/2019/05/02/rodeo-pool-cues-really/index7824.html]
[herbnkathy.com/2019/05/02/rodeo-pool-cues-really/indexda97.html]
[herbnkathy.com/2019/05/02/rodeo-pool-cues-really/index9712.html]
[herbnkathy.com/2019/05/02/rodeo-pool-cues-really/index3ad4.html]
[herbnkathy.com/2019/05/02/rodeo-pool-cues-really/index54f0.html]
[herbnkathy.com/2019/05/02/rodeo-pool-cues-really/index0519.html]
[herbnkathy.com/2019/05/02/rodeo-pool-cues-really/index4b20.html]
[herbnkathy.com/2019/05/02/rodeo-pool-cues-really/index6e7b.html]
[herbnkathy.com/2019/05/02/rodeo-pool-cues-really/indexfcf1.html]
[herbnkathy.com/2019/05/02/rodeo-pool-cues-really/index7ddb.html]
[herbnkathy.com/tag/arizona/page/4/index.html]
[herbnkathy.com/indexabc1.html]
[herbnkathy.com/wp-json/oembed/1.0/embedd8bd.json]
[herbnkathy.com/wp-json/oembed/1.0/embeda06e]
[herbnkathy.com/2018/09/14/a-different-nights-stay/feed/index.html]
[herbnkathy.com/wp-json/wp/v2/posts/4986.json]
[herbnkathy.com/wp-content/uploads/2018/09/20180913_191416452654381430405765.jpg]
[herbnkathy.com/wp-content/uploads/2018/09/20180913_1913501396751864927127044.jpg]
[herbnkathy.com/wp-content/uploads/2018/09/20180914_0741438157316858214458181.jpg]
[herbnkathy.com/2018/09/14/a-different-nights-stay/index.html]
[herbnkathy.com/index2136.html]
[herbnkathy.com/2016/09/15/look-kath-we-can-see-the-whole-thing/index118b.html]
[herbnkathy.com/2016/09/15/look-kath-we-can-see-the-whole-thing/index71fb.html]
[herbnkathy.com/index4388.html]
[herbnkathy.com/index36e7.html]
[herbnkathy.com/2017/01/09/im-a-dudeist-priest/indexb61b.html]
[herbnkathy.com/2017/01/09/im-a-dudeist-priest/indexe1d3.html]
[herbnkathy.com/page/3/index4891.html]
[herbnkathy.com/index01a0.html]
[herbnkathy.com/page/3/index6e9f.html]
[herbnkathy.com/indexec81.html]
[herbnkathy.com/index5643.html]
[herbnkathy.com/indexb93f.html]
[herbnkathy.com/tag/quincy/feed/index.html]
[herbnkathy.com/tag/quincy/index.html]
[herbnkathy.com/2011/09/19/poor-quincy/index8e42.html]
[herbnkathy.com/2011/09/19/poor-quincy/index21b4.html]
[herbnkathy.com/indexf705.html]
[herbnkathy.com/wp-json/wp/v2/tags/219927.json]
[herbnkathy.com/wp-json/oembed/1.0/embed7d8d.json]
[herbnkathy.com/2016/04/06/oklahoma-city-national-memorial/feed/index.html]
[herbnkathy.com/wp-json/oembed/1.0/embed04b8]
[herbnkathy.com/wp-json/wp/v2/posts/467.json]
[herbnkathy.com/wp-content/uploads/2016/04/20160406_182011-150x150.jpg]
[herbnkathy.com/wp-content/uploads/2016/04/20160406_183058-150x150.jpg]
[herbnkathy.com/wp-content/uploads/2016/04/20160406_183415-150x150.jpg]
[herbnkathy.com/2016/04/06/oklahoma-city-national-memorial/index.html]
[herbnkathy.com/index4dfd.html]
[herbnkathy.com/tag/community/index.html]
[herbnkathy.com/wp-json/wp/v2/tags/2528.json]
[herbnkathy.com/tag/community/feed/index.html]
[herbnkathy.com/tag/nps/index.html]
[herbnkathy.com/index149e.html]
[herbnkathy.com/wp-json/wp/v2/tags/833863.json]
[herbnkathy.com/tag/nps/feed/index.html]
[herbnkathy.com/tag/beaver-creek/index.html]
[herbnkathy.com/wp-json/wp/v2/tags/569509.json]
[herbnkathy.com/tag/beaver-creek/feed/index.html]
[herbnkathy.com/tag/v-bar-v/feed/index.html]
[herbnkathy.com/tag/v-bar-v/index.html]
[herbnkathy.com/index6cd4.html]
[herbnkathy.com/2017/11/27/foretravel-coach-plant-tour-nacogdoches-tx/index6e7f.html]
[herbnkathy.com/2017/11/27/foretravel-coach-plant-tour-nacogdoches-tx/index2fbf.html]
[herbnkathy.com/2017/11/27/foretravel-coach-plant-tour-nacogdoches-tx/indexb2ad.html]
[herbnkathy.com/2017/11/27/foretravel-coach-plant-tour-nacogdoches-tx/index784e.html]
[herbnkathy.com/2017/11/27/foretravel-coach-plant-tour-nacogdoches-tx/index18e6.html]
[herbnkathy.com/indexedcd.html]
[herbnkathy.com/2018/06/05/just-havin-fun-with-the-dogs-on-the-water/index883c.html]
[herbnkathy.com/2018/06/05/just-havin-fun-with-the-dogs-on-the-water/indexacc6.html]
[herbnkathy.com/2018/06/05/just-havin-fun-with-the-dogs-on-the-water/indexd0a2.html]
[herbnkathy.com/2018/06/05/just-havin-fun-with-the-dogs-on-the-water/index54af.html]
[herbnkathy.com/indexe281.html]
[herbnkathy.com/2017/12/27/suspension-and-steering-upgrades-to-our-coach/index9ad0.html]
[herbnkathy.com/2017/12/27/suspension-and-steering-upgrades-to-our-coach/indexe954.html]
[herbnkathy.com/index834e.html]
[herbnkathy.com/wp-json/wp/v2/tags/319081765.json]
[herbnkathy.com/tag/tow-bar/index.html]
[herbnkathy.com/index1031.html]
[herbnkathy.com/category/food/page/4/index.html]
[herbnkathy.com/category/sightseeing/page/4/index.html]
[herbnkathy.com/indexcd97.html]
[herbnkathy.com/indexef2f.html]
[herbnkathy.com/2017/03/20/an-amazing-trip-to-fort-morgan/index5bfa.html]
[herbnkathy.com/2017/03/20/an-amazing-trip-to-fort-morgan/index56b2.html]
[herbnkathy.com/2017/03/20/an-amazing-trip-to-fort-morgan/index800a.html]
[herbnkathy.com/2017/03/20/an-amazing-trip-to-fort-morgan/index457f.html]
[herbnkathy.com/wp-json/wp/v2/tags/6282954.json]
[herbnkathy.com/tag/tow-bar/feed/index.html]
[herbnkathy.com/tag/encinitas/index.html]
[herbnkathy.com/wp-json/wp/v2/tags/1847608.json]
[herbnkathy.com/tag/encinitas/feed/index.html]
[herbnkathy.com/tag/ocean/index.html]
[herbnkathy.com/category/camping/page/4/index.html]
[herbnkathy.com/index7980.html]
[herbnkathy.com/index49f9.html]
[herbnkathy.com/2018/09/16/its-the-people-that-make-the-difference/index7918.html]
[herbnkathy.com/2018/09/16/its-the-people-that-make-the-difference/index384b.html]
[herbnkathy.com/2018/09/16/its-the-people-that-make-the-difference/index8245.html]
[herbnkathy.com/2018/09/16/its-the-people-that-make-the-difference/indexd361.html]
[herbnkathy.com/index3097.html]
[herbnkathy.com/wp-json/wp/v2/tags/81519.json]
[herbnkathy.com/tag/ocean/feed/index.html]
[herbnkathy.com/tag/heiskell/index.html]
[herbnkathy.com/tag/heiskell/feed/index.html]
[herbnkathy.com/wp-json/wp/v2/tags/554707344.json]
[herbnkathy.com/tag/knoxville/index.html]
[herbnkathy.com/tag/knoxville/feed/index.html]
[herbnkathy.com/wp-json/wp/v2/tags/554707345.json]
[herbnkathy.com/tag/norris-dam/index.html]
[herbnkathy.com/wp-json/wp/v2/tags/554707341.json]
[herbnkathy.com/tag/norris-dam/feed/index.html]
[herbnkathy.com/tag/raccoon-valley/index.html]
[herbnkathy.com/tag/raccoon-valley/feed/index.html]
[herbnkathy.com/wp-json/wp/v2/tags/554707343.json]
[herbnkathy.com/tag/tennessee/index.html]
[herbnkathy.com/index03c2.html]
[herbnkathy.com/page/5/index.html]
[herbnkathy.com/index0364.html]
[herbnkathy.com/2016/04/04/the-wind-patoka-lake-state-park/index2320.html]
[herbnkathy.com/index8526.html]
[herbnkathy.com/indexe6f0.html]
[herbnkathy.com/2016/11/17/old-country-inn-pizza-to-die-for/index4a14.html]
[herbnkathy.com/indexe7ac.html]
[herbnkathy.com/2016/05/04/the-numbers-final-count/indexb621.html]
[herbnkathy.com/index1cac.html]
[herbnkathy.com/2016/09/12/we-finally-made-it-out-of-ohio/indexf0f0.html]
[herbnkathy.com/indexc777.html]
[herbnkathy.com/index208d.html]
[herbnkathy.com/index1633.html]
[herbnkathy.com/indexb13f.html]
[herbnkathy.com/index6217.html]
[herbnkathy.com/indexaca3.html]
[herbnkathy.com/2016/09/06/tire-trials-and-tribulations/index2e08.html]
[herbnkathy.com/index1025.html]
[herbnkathy.com/tag/tennessee/feed/index.html]
[herbnkathy.com/wp-json/wp/v2/tags/554707342.json]
[herbnkathy.com/tag/chapel/index.html]
[herbnkathy.com/wp-json/wp/v2/tags/268865.json]
[herbnkathy.com/tag/red-rock/index.html]
[herbnkathy.com/wp-json/wp/v2/tags/314.json]
[herbnkathy.com/tag/chapel/feed/index.html]
[herbnkathy.com/tag/sedona/index.html]
[herbnkathy.com/index2233.html]
[herbnkathy.com/indexdc0a.html]
[herbnkathy.com/indexc429.html]
[herbnkathy.com/2016/10/04/riding-the-verde-canyon-railroad/index8009.html]
[herbnkathy.com/index1800.html]
[herbnkathy.com/wp-json/wp/v2/tags/377282.json]
[herbnkathy.com/tag/red-rock/feed/index.html]
[herbnkathy.com/tag/sedona/feed/index.html]
[herbnkathy.com/tag/hang-gliding/index.html]
[herbnkathy.com/wp-json/wp/v2/tags/596421.json]
[herbnkathy.com/tag/hang-gliding/feed/index.html]
[herbnkathy.com/tag/mingus-mountain/index.html]
[herbnkathy.com/2016/10/20/please-dont-jump-its-not-that-bad/index6b2e.html]
[herbnkathy.com/index2b8b.html]
[herbnkathy.com/index4192.html]
[herbnkathy.com/wp-json/wp/v2/tags/4423510.json]
[herbnkathy.com/tag/mingus-mountain/feed/index.html]
[herbnkathy.com/tag/eastward-bound/index.html]
[herbnkathy.com/wp-json/wp/v2/tags/19245212.json]
[herbnkathy.com/tag/eastward-bound/feed/index.html]
[herbnkathy.com/tag/map/index.html]
[herbnkathy.com/2016/04/24/our-route-home-by-may-1st/index5cd6.html]
[herbnkathy.com/index5a2e.html]
[herbnkathy.com/2016/04/26/amarillo-to-little-rock-tuesday/index5785.html]
[herbnkathy.com/index2fa7.html]
[herbnkathy.com/indexc016.html]
[herbnkathy.com/wp-json/wp/v2/tags/40477.json]
[herbnkathy.com/tag/map/feed/index.html]
[herbnkathy.com/tag/haunted/index.html]
[herbnkathy.com/wp-json/wp/v2/tags/378469.json]
[herbnkathy.com/tag/haunted/feed/index.html]
[herbnkathy.com/tag/jerome/index.html]
[herbnkathy.com/index8496.html]
[herbnkathy.com/wp-json/wp/v2/tags/402008.json]
[herbnkathy.com/tag/jerome/feed/index.html]
[herbnkathy.com/wp-json/oembed/1.0/embedf310.json]
[herbnkathy.com/2017/03/19/not-a-place-wed-come-back-to/2017-03-18-19-23-14-2/feed/index.html]
[herbnkathy.com/wp-json/oembed/1.0/embed7628]
[herbnkathy.com/wp-json/wp/v2/media/3534.json]
[herbnkathy.com/wp-content/uploads/2017/03/2017-03-18-19.23.14-1-300x169.jpg]
[herbnkathy.com/2017/03/19/not-a-place-wed-come-back-to/2017-03-18-19-23-14-2/index.html]
[herbnkathy.com/wp-json/oembed/1.0/embedfee7.json]
[herbnkathy.com/2017/03/19/not-a-place-wed-come-back-to/2017-03-18-19-22-58/feed/index.html]
[herbnkathy.com/wp-json/oembed/1.0/embed590b]
[herbnkathy.com/wp-json/wp/v2/media/3535.json]
[herbnkathy.com/wp-content/uploads/2017/03/2017-03-18-19.22.58-300x169.jpg]
[herbnkathy.com/2017/03/19/not-a-place-wed-come-back-to/2017-03-18-19-22-58/index.html]
[herbnkathy.com/wp-json/oembed/1.0/embed4943.json]
[herbnkathy.com/2017/03/19/not-a-place-wed-come-back-to/2017-03-18-19-22-22/feed/index.html]
[herbnkathy.com/wp-json/oembed/1.0/embedf0a3]
[herbnkathy.com/wp-json/wp/v2/media/3536.json]
[herbnkathy.com/wp-content/uploads/2017/03/2017-03-18-19.22.22-300x169.jpg]
[herbnkathy.com/2017/03/19/not-a-place-wed-come-back-to/2017-03-18-19-22-22/index.html]
[herbnkathy.com/wp-json/oembed/1.0/embedd926.json]
[herbnkathy.com/2017/03/19/not-a-place-wed-come-back-to/2017-03-18-19-21-47/feed/index.html]
[herbnkathy.com/wp-json/oembed/1.0/embed5c94]
[herbnkathy.com/wp-json/wp/v2/media/3537.json]
[herbnkathy.com/wp-content/uploads/2017/03/2017-03-18-19.21.47-300x169.jpg]
[herbnkathy.com/2017/03/19/not-a-place-wed-come-back-to/2017-03-18-19-21-47/index.html]
[herbnkathy.com/wp-json/oembed/1.0/embedd3b9.json]
[herbnkathy.com/2017/03/19/not-a-place-wed-come-back-to/2017-03-18-19-21-16/feed/index.html]
[herbnkathy.com/wp-json/oembed/1.0/embed35cf]
[herbnkathy.com/wp-json/wp/v2/media/3538.json]
[herbnkathy.com/wp-content/uploads/2017/03/2017-03-18-19.21.16-300x169.jpg]
[herbnkathy.com/2017/03/19/not-a-place-wed-come-back-to/2017-03-18-19-21-16/index.html]
[herbnkathy.com/wp-json/oembed/1.0/embedc2db.json]
[herbnkathy.com/2017/03/19/not-a-place-wed-come-back-to/2017-03-18-19-21-10/feed/index.html]
[herbnkathy.com/wp-json/oembed/1.0/embed2955]
[herbnkathy.com/wp-json/wp/v2/media/3539.json]
[herbnkathy.com/wp-content/uploads/2017/03/2017-03-18-19.21.10-300x169.jpg]
[herbnkathy.com/2017/03/19/not-a-place-wed-come-back-to/2017-03-18-19-21-10/index.html]
[herbnkathy.com/wp-json/oembed/1.0/embed7eac.json]
[herbnkathy.com/2017/03/19/not-a-place-wed-come-back-to/2017-03-18-19-20-41/feed/index.html]
[herbnkathy.com/wp-json/oembed/1.0/embed1f2a]
[herbnkathy.com/wp-json/wp/v2/media/3540.json]
[herbnkathy.com/wp-content/uploads/2017/03/2017-03-18-19.20.41-300x169.jpg]
[herbnkathy.com/2017/03/19/not-a-place-wed-come-back-to/2017-03-18-19-20-41/index.html]
[herbnkathy.com/tag/baton-rouge/index.html]
[herbnkathy.com/wp-json/wp/v2/tags/554707331.json]
[herbnkathy.com/tag/baton-rouge/feed/index.html]
[herbnkathy.com/tag/punkin-lakeside/index.html]
[herbnkathy.com/indexf573.html]
[herbnkathy.com/index4da9.html]
[herbnkathy.com/index49b1.html]
[herbnkathy.com/indexd78c.html]
[herbnkathy.com/index6205.html]
[herbnkathy.com/index2ad6.html]
[herbnkathy.com/index1582.html]
[herbnkathy.com/index0cca.html]
[herbnkathy.com/index77d6.html]
[herbnkathy.com/index8a56.html]
[herbnkathy.com/index6f61.html]
[herbnkathy.com/indexc63f.html]
[herbnkathy.com/index11a9.html]
[herbnkathy.com/index1870.html]
[herbnkathy.com/index802e.html]
[herbnkathy.com/index4efb.html]
[herbnkathy.com/index1c41.html]
[herbnkathy.com/index88c6.html]
[herbnkathy.com/index7ab1.html]
[herbnkathy.com/indexd2f9.html]
[herbnkathy.com/indexf7d8.html]
[herbnkathy.com/index551c.html]
[herbnkathy.com/index64bf.html]
[herbnkathy.com/index6d27.html]
[herbnkathy.com/indexb02b.html]
[herbnkathy.com/index3e13.html]
[herbnkathy.com/wp-json/wp/v2/tags/554707330.json]
[herbnkathy.com/tag/punkin-lakeside/feed/index.html]
